country,turnover,customer_type,country_code,granted_discounts,sales_channel,date
Austria,2659.62,New,AT,0,Ecom,2024-01-01
Austria,862.6,New,AT,0,Stores,2024-01-01
Austria,1018.42,Returning,AT,0,Ecom,2024-01-01
Austria,142.89,Returning,AT,0,Stores,2024-01-01
Austria,1460.01,New,AT,0,Ecom,2024-01-02
Austria,1806.89,New,AT,0,Stores,2024-01-02
Austria,1511.41,Returning,AT,0,Ecom,2024-01-02
Austria,419.39,Returning,AT,0,Stores,2024-01-02
Austria,2004.48,New,AT,0,Ecom,2024-01-03
Austria,2969.01,New,AT,0,Stores,2024-01-03
Austria,1135.19,Returning,AT,0,Ecom,2024-01-03
Austria,303.96,Returning,AT,0,Stores,2024-01-03
Austria,879.16,New,AT,0,Ecom,2024-01-04
Austria,2032.04,New,AT,0,Stores,2024-01-04
Austria,1736.1,Returning,AT,0,Ecom,2024-01-04
Austria,746.77,Returning,AT,0,Stores,2024-01-04
Austria,1570.43,New,AT,0,Ecom,2024-01-05
Austria,2604.67,New,AT,0,Stores,2024-01-05
Austria,1723.29,Returning,AT,0,Ecom,2024-01-05
Austria,361.44,Returning,AT,0,Stores,2024-01-05
Austria,1002.45,New,AT,0,Ecom,2024-01-06
Austria,1417.16,New,AT,0,Stores,2024-01-06
Austria,2768.97,Returning,AT,0,Ecom,2024-01-06
Austria,1179.19,Returning,AT,0,Stores,2024-01-06
Austria,1424.01,New,AT,0,Ecom,2024-01-07
Austria,1011.81,New,AT,0,Stores,2024-01-07
Austria,2832.56,Returning,AT,0,Ecom,2024-01-07
Austria,615.87,Returning,AT,0,Stores,2024-01-07
Austria,1378.25,New,AT,0,Ecom,2024-01-08
Austria,481.66,New,AT,0,Stores,2024-01-08
Austria,3392.69,Returning,AT,0,Ecom,2024-01-08
Austria,251.15,Returning,AT,0,Stores,2024-01-08
Austria,1842.39,New,AT,0,Ecom,2024-01-09
Austria,394.14,New,AT,0,Stores,2024-01-09
Austria,1933.75,Returning,AT,0,Ecom,2024-01-09
Austria,577.01,Returning,AT,0,Stores,2024-01-09
Austria,1568.68,New,AT,0,Ecom,2024-01-10
Austria,742.66,New,AT,0,Stores,2024-01-10
Austria,2005.18,Returning,AT,0,Ecom,2024-01-10
Austria,364.87,Returning,AT,0,Stores,2024-01-10
Austria,1535.03,New,AT,0,Ecom,2024-01-11
Austria,445.59,New,AT,0,Stores,2024-01-11
Austria,2449.36,Returning,AT,0,Ecom,2024-01-11
Austria,144.24,Returning,AT,0,Stores,2024-01-11
Austria,1982.63,New,AT,0,Ecom,2024-01-12
Austria,1721.2,New,AT,0,Stores,2024-01-12
Austria,1406.96,Returning,AT,0,Ecom,2024-01-12
Austria,708.61,Returning,AT,0,Stores,2024-01-12
Austria,1777.15,New,AT,0,Ecom,2024-01-13
Austria,634.74,New,AT,0,Stores,2024-01-13
Austria,2757.15,Returning,AT,0,Ecom,2024-01-13
Austria,123.33,Returning,AT,0,Stores,2024-01-13
Austria,926.5,New,AT,0,Ecom,2024-01-14
Austria,1769.78,New,AT,0,Stores,2024-01-14
Austria,1384.3,Returning,AT,0,Ecom,2024-01-14
Austria,640.67,Returning,AT,0,Stores,2024-01-14
Austria,2561.9,New,AT,0,Ecom,2024-01-15
Austria,1223.44,New,AT,0,Stores,2024-01-15
Austria,1427.12,Returning,AT,0,Ecom,2024-01-15
Austria,91.03,Returning,AT,0,Stores,2024-01-15
Austria,2394.77,New,AT,0,Ecom,2024-01-16
Austria,840.85,New,AT,0,Stores,2024-01-16
Austria,1889.01,Returning,AT,0,Ecom,2024-01-16
Austria,99.75,Returning,AT,0,Stores,2024-01-16
Austria,2815.07,New,AT,0,Ecom,2024-01-17
Austria,917.14,New,AT,0,Stores,2024-01-17
Austria,299.02,Returning,AT,0,Ecom,2024-01-17
Austria,1919.29,Returning,AT,0,Stores,2024-01-17
Austria,1631.61,New,AT,0,Ecom,2024-01-18
Austria,877.98,New,AT,0,Stores,2024-01-18
Austria,1659.73,Returning,AT,0,Ecom,2024-01-18
Austria,1057.54,Returning,AT,0,Stores,2024-01-18
Austria,949.66,New,AT,0,Ecom,2024-01-19
Austria,1831.75,New,AT,0,Stores,2024-01-19
Austria,1035.98,Returning,AT,0,Ecom,2024-01-19
Austria,726.78,Returning,AT,0,Stores,2024-01-19
Austria,1770.65,New,AT,0,Ecom,2024-01-20
Austria,1849.88,New,AT,0,Stores,2024-01-20
Austria,829.76,Returning,AT,0,Ecom,2024-01-20
Austria,832.38,Returning,AT,0,Stores,2024-01-20
Austria,2349.5,New,AT,0,Ecom,2024-01-21
Austria,1191.4,New,AT,0,Stores,2024-01-21
Austria,995.64,Returning,AT,0,Ecom,2024-01-21
Austria,286.82,Returning,AT,0,Stores,2024-01-21
Austria,1729.7,New,AT,0,Ecom,2024-01-22
Austria,686.73,New,AT,0,Stores,2024-01-22
Austria,2359.4,Returning,AT,0,Ecom,2024-01-22
Austria,338.44,Returning,AT,0,Stores,2024-01-22
Austria,800.54,New,AT,0,Ecom,2024-01-23
Austria,1962.74,New,AT,0,Stores,2024-01-23
Austria,1873.0,Returning,AT,0,Ecom,2024-01-23
Austria,398.66,Returning,AT,0,Stores,2024-01-23
Austria,3473.63,New,AT,0,Ecom,2024-01-24
Austria,171.39,New,AT,0,Stores,2024-01-24
Austria,1816.66,Returning,AT,0,Ecom,2024-01-24
Austria,148.38,Returning,AT,0,Stores,2024-01-24
Austria,1745.49,New,AT,0,Ecom,2024-01-25
Austria,1466.85,New,AT,0,Stores,2024-01-25
Austria,2624.86,Returning,AT,0,Ecom,2024-01-25
Austria,404.93,Returning,AT,0,Stores,2024-01-25
Austria,1508.47,New,AT,0,Ecom,2024-01-26
Austria,2180.6,New,AT,0,Stores,2024-01-26
Austria,1069.99,Returning,AT,0,Ecom,2024-01-26
Austria,378.65,Returning,AT,0,Stores,2024-01-26
Austria,2554.14,New,AT,0,Ecom,2024-01-27
Austria,1396.81,New,AT,0,Stores,2024-01-27
Austria,1587.58,Returning,AT,0,Ecom,2024-01-27
Austria,196.42,Returning,AT,0,Stores,2024-01-27
Austria,2460.48,New,AT,0,Ecom,2024-01-28
Austria,1914.95,New,AT,0,Stores,2024-01-28
Austria,384.26,Returning,AT,0,Ecom,2024-01-28
Austria,636.5,Returning,AT,0,Stores,2024-01-28
Austria,3156.99,New,AT,0,Ecom,2024-01-29
Austria,500.79,New,AT,0,Stores,2024-01-29
Austria,744.84,Returning,AT,0,Ecom,2024-01-29
Austria,404.18,Returning,AT,0,Stores,2024-01-29
Austria,2227.92,New,AT,0,Ecom,2024-01-30
Austria,2091.76,New,AT,0,Stores,2024-01-30
Austria,1244.36,Returning,AT,0,Ecom,2024-01-30
Austria,300.13,Returning,AT,0,Stores,2024-01-30
Austria,724.0,New,AT,0,Ecom,2024-01-31
Austria,1417.86,New,AT,0,Stores,2024-01-31
Austria,4479.21,Returning,AT,0,Ecom,2024-01-31
Austria,105.47,Returning,AT,0,Stores,2024-01-31
Austria,2855.24,New,AT,0,Ecom,2024-02-01
Austria,865.58,New,AT,0,Stores,2024-02-01
Austria,2575.91,Returning,AT,0,Ecom,2024-02-01
Austria,87.35,Returning,AT,0,Stores,2024-02-01
Austria,2314.01,New,AT,0,Ecom,2024-02-02
Austria,2107.39,New,AT,0,Stores,2024-02-02
Austria,1624.96,Returning,AT,0,Ecom,2024-02-02
Austria,73.52,Returning,AT,0,Stores,2024-02-02
Austria,1224.21,New,AT,0,Ecom,2024-02-03
Austria,1825.29,New,AT,0,Stores,2024-02-03
Austria,1197.68,Returning,AT,0,Ecom,2024-02-03
Austria,1397.36,Returning,AT,0,Stores,2024-02-03
Austria,3565.65,New,AT,0,Ecom,2024-02-04
Austria,378.15,New,AT,0,Stores,2024-02-04
Austria,1422.47,Returning,AT,0,Ecom,2024-02-04
Austria,276.41,Returning,AT,0,Stores,2024-02-04
Austria,1550.63,New,AT,0,Ecom,2024-02-05
Austria,2984.76,New,AT,0,Stores,2024-02-05
Austria,592.95,Returning,AT,0,Ecom,2024-02-05
Austria,124.93,Returning,AT,0,Stores,2024-02-05
Austria,2362.27,New,AT,0,Ecom,2024-02-06
Austria,635.84,New,AT,0,Stores,2024-02-06
Austria,1012.73,Returning,AT,0,Ecom,2024-02-06
Austria,1503.05,Returning,AT,0,Stores,2024-02-06
Austria,981.95,New,AT,0,Ecom,2024-02-07
Austria,2244.7,New,AT,0,Stores,2024-02-07
Austria,1537.94,Returning,AT,0,Ecom,2024-02-07
Austria,584.08,Returning,AT,0,Stores,2024-02-07
Austria,2541.54,New,AT,0,Ecom,2024-02-08
Austria,1438.2,New,AT,0,Stores,2024-02-08
Austria,2304.4,Returning,AT,0,Ecom,2024-02-08
Austria,121.95,Returning,AT,0,Stores,2024-02-08
Austria,3441.6,New,AT,0,Ecom,2024-02-09
Austria,1870.02,New,AT,0,Stores,2024-02-09
Austria,782.28,Returning,AT,0,Ecom,2024-02-09
Austria,167.46,Returning,AT,0,Stores,2024-02-09
Austria,1239.0,New,AT,0,Ecom,2024-02-10
Austria,1100.4,New,AT,0,Stores,2024-02-10
Austria,813.96,Returning,AT,0,Ecom,2024-02-10
Austria,2828.21,Returning,AT,0,Stores,2024-02-10
Austria,2737.1,New,AT,0,Ecom,2024-02-11
Austria,2722.7,New,AT,0,Stores,2024-02-11
Austria,1261.96,Returning,AT,0,Ecom,2024-02-11
Austria,47.23,Returning,AT,0,Stores,2024-02-11
Austria,3483.03,New,AT,0,Ecom,2024-02-12
Austria,1867.02,New,AT,0,Stores,2024-02-12
Austria,392.35,Returning,AT,0,Ecom,2024-02-12
Austria,187.03,Returning,AT,0,Stores,2024-02-12
Austria,2238.81,New,AT,0,Ecom,2024-02-13
Austria,1213.86,New,AT,0,Stores,2024-02-13
Austria,629.3,Returning,AT,0,Ecom,2024-02-13
Austria,1904.56,Returning,AT,0,Stores,2024-02-13
Austria,2097.73,New,AT,0,Ecom,2024-02-14
Austria,2402.97,New,AT,0,Stores,2024-02-14
Austria,1018.94,Returning,AT,0,Ecom,2024-02-14
Austria,68.86,Returning,AT,0,Stores,2024-02-14
Austria,3329.03,New,AT,0,Ecom,2024-02-15
Austria,2002.05,New,AT,0,Stores,2024-02-15
Austria,172.4,Returning,AT,0,Ecom,2024-02-15
Austria,561.65,Returning,AT,0,Stores,2024-02-15
Austria,2247.96,New,AT,0,Ecom,2024-02-16
Austria,758.77,New,AT,0,Stores,2024-02-16
Austria,1501.45,Returning,AT,0,Ecom,2024-02-16
Austria,474.53,Returning,AT,0,Stores,2024-02-16
Austria,3242.38,New,AT,0,Ecom,2024-02-17
Austria,673.01,New,AT,0,Stores,2024-02-17
Austria,2015.63,Returning,AT,0,Ecom,2024-02-17
Austria,3.1,Returning,AT,0,Stores,2024-02-17
Austria,350.32,New,AT,0,Ecom,2024-02-18
Austria,2477.94,New,AT,0,Stores,2024-02-18
Austria,3103.78,Returning,AT,0,Ecom,2024-02-18
Austria,527.77,Returning,AT,0,Stores,2024-02-18
Austria,1003.72,New,AT,0,Ecom,2024-02-19
Austria,999.03,New,AT,0,Stores,2024-02-19
Austria,1028.77,Returning,AT,0,Ecom,2024-02-19
Austria,1499.3,Returning,AT,0,Stores,2024-02-19
Austria,1787.02,New,AT,0,Ecom,2024-02-20
Austria,727.99,New,AT,0,Stores,2024-02-20
Austria,2534.81,Returning,AT,0,Ecom,2024-02-20
Austria,86.56,Returning,AT,0,Stores,2024-02-20
Austria,2531.29,New,AT,0,Ecom,2024-02-21
Austria,1594.8,New,AT,0,Stores,2024-02-21
Austria,2049.34,Returning,AT,0,Ecom,2024-02-21
Austria,492.95,Returning,AT,0,Stores,2024-02-21
Austria,829.83,New,AT,0,Ecom,2024-02-22
Austria,1960.67,New,AT,0,Stores,2024-02-22
Austria,1545.76,Returning,AT,0,Ecom,2024-02-22
Austria,1594.36,Returning,AT,0,Stores,2024-02-22
Austria,1379.63,New,AT,0,Ecom,2024-02-23
Austria,2334.91,New,AT,0,Stores,2024-02-23
Austria,813.65,Returning,AT,0,Ecom,2024-02-23
Austria,587.03,Returning,AT,0,Stores,2024-02-23
Austria,2090.68,New,AT,0,Ecom,2024-02-24
Austria,2463.52,New,AT,0,Stores,2024-02-24
Austria,451.02,Returning,AT,0,Ecom,2024-02-24
Austria,108.13,Returning,AT,0,Stores,2024-02-24
Austria,3473.38,New,AT,0,Ecom,2024-02-25
Austria,29.25,New,AT,0,Stores,2024-02-25
Austria,1484.27,Returning,AT,0,Ecom,2024-02-25
Austria,1146.68,Returning,AT,0,Stores,2024-02-25
Austria,1771.99,New,AT,0,Ecom,2024-02-26
Austria,1855.11,New,AT,0,Stores,2024-02-26
Austria,1478.5,Returning,AT,0,Ecom,2024-02-26
Austria,898.63,Returning,AT,0,Stores,2024-02-26
Austria,2186.76,New,AT,0,Ecom,2024-02-27
Austria,242.76,New,AT,0,Stores,2024-02-27
Austria,1145.38,Returning,AT,0,Ecom,2024-02-27
Austria,1357.24,Returning,AT,0,Stores,2024-02-27
Austria,459.76,New,AT,0,Ecom,2024-02-28
Austria,1778.37,New,AT,0,Stores,2024-02-28
Austria,2294.34,Returning,AT,0,Ecom,2024-02-28
Austria,876.46,Returning,AT,0,Stores,2024-02-28
Austria,2226.31,New,AT,0,Ecom,2024-02-29
Austria,608.17,New,AT,0,Stores,2024-02-29
Austria,1165.69,Returning,AT,0,Ecom,2024-02-29
Austria,961.74,Returning,AT,0,Stores,2024-02-29
Austria,3649.12,New,AT,0,Ecom,2024-03-01
Austria,375.43,New,AT,0,Stores,2024-03-01
Austria,795.53,Returning,AT,0,Ecom,2024-03-01
Austria,407.26,Returning,AT,0,Stores,2024-03-01
Austria,1613.56,New,AT,0,Ecom,2024-03-02
Austria,955.08,New,AT,0,Stores,2024-03-02
Austria,1105.2,Returning,AT,0,Ecom,2024-03-02
Austria,1439.28,Returning,AT,0,Stores,2024-03-02
Austria,3131.79,New,AT,0,Ecom,2024-03-03
Austria,573.4,New,AT,0,Stores,2024-03-03
Austria,1210.68,Returning,AT,0,Ecom,2024-03-03
Austria,1100.35,Returning,AT,0,Stores,2024-03-03
Austria,2372.54,New,AT,0,Ecom,2024-03-04
Austria,663.31,New,AT,0,Stores,2024-03-04
Austria,2273.26,Returning,AT,0,Ecom,2024-03-04
Austria,318.94,Returning,AT,0,Stores,2024-03-04
Austria,2556.33,New,AT,0,Ecom,2024-03-05
Austria,1464.36,New,AT,0,Stores,2024-03-05
Austria,1101.94,Returning,AT,0,Ecom,2024-03-05
Austria,97.39,Returning,AT,0,Stores,2024-03-05
Austria,3115.09,New,AT,0,Ecom,2024-03-06
Austria,382.13,New,AT,0,Stores,2024-03-06
Austria,1681.92,Returning,AT,0,Ecom,2024-03-06
Austria,138.02,Returning,AT,0,Stores,2024-03-06
Austria,3242.55,New,AT,0,Ecom,2024-03-07
Austria,1436.27,New,AT,0,Stores,2024-03-07
Austria,1200.89,Returning,AT,0,Ecom,2024-03-07
Austria,451.81,Returning,AT,0,Stores,2024-03-07
Austria,3207.45,New,AT,0,Ecom,2024-03-08
Austria,557.62,New,AT,0,Stores,2024-03-08
Austria,1494.99,Returning,AT,0,Ecom,2024-03-08
Austria,266.3,Returning,AT,0,Stores,2024-03-08
Austria,2078.68,New,AT,0,Ecom,2024-03-09
Austria,1333.35,New,AT,0,Stores,2024-03-09
Austria,984.1,Returning,AT,0,Ecom,2024-03-09
Austria,686.57,Returning,AT,0,Stores,2024-03-09
Austria,4501.83,New,AT,0,Ecom,2024-03-10
Austria,314.4,New,AT,0,Stores,2024-03-10
Austria,260.16,Returning,AT,0,Ecom,2024-03-10
Austria,181.01,Returning,AT,0,Stores,2024-03-10
Austria,1586.7,New,AT,0,Ecom,2024-03-11
Austria,2002.59,New,AT,0,Stores,2024-03-11
Austria,484.68,Returning,AT,0,Ecom,2024-03-11
Austria,1994.67,Returning,AT,0,Stores,2024-03-11
Austria,1841.98,New,AT,0,Ecom,2024-03-12
Austria,2402.17,New,AT,0,Stores,2024-03-12
Austria,2060.19,Returning,AT,0,Ecom,2024-03-12
Austria,558.2,Returning,AT,0,Stores,2024-03-12
Austria,3187.21,New,AT,0,Ecom,2024-03-13
Austria,249.96,New,AT,0,Stores,2024-03-13
Austria,504.06,Returning,AT,0,Ecom,2024-03-13
Austria,1500.96,Returning,AT,0,Stores,2024-03-13
Austria,2524.86,New,AT,0,Ecom,2024-03-14
Austria,1392.76,New,AT,0,Stores,2024-03-14
Austria,1129.18,Returning,AT,0,Ecom,2024-03-14
Austria,506.33,Returning,AT,0,Stores,2024-03-14
Austria,4496.57,New,AT,0,Ecom,2024-03-15
Austria,606.19,New,AT,0,Stores,2024-03-15
Austria,1325.44,Returning,AT,0,Ecom,2024-03-15
Austria,72.6,Returning,AT,0,Stores,2024-03-15
Austria,2207.33,New,AT,0,Ecom,2024-03-16
Austria,2505.89,New,AT,0,Stores,2024-03-16
Austria,189.5,Returning,AT,0,Ecom,2024-03-16
Austria,292.17,Returning,AT,0,Stores,2024-03-16
Austria,1932.43,New,AT,0,Ecom,2024-03-17
Austria,1254.31,New,AT,0,Stores,2024-03-17
Austria,1505.24,Returning,AT,0,Ecom,2024-03-17
Austria,70.05,Returning,AT,0,Stores,2024-03-17
Austria,2130.08,New,AT,0,Ecom,2024-03-18
Austria,974.82,New,AT,0,Stores,2024-03-18
Austria,1813.8,Returning,AT,0,Ecom,2024-03-18
Austria,84.18,Returning,AT,0,Stores,2024-03-18
Austria,2736.37,New,AT,0,Ecom,2024-03-19
Austria,487.98,New,AT,0,Stores,2024-03-19
Austria,1137.32,Returning,AT,0,Ecom,2024-03-19
Austria,1965.42,Returning,AT,0,Stores,2024-03-19
Austria,1515.98,New,AT,0,Ecom,2024-03-20
Austria,985.07,New,AT,0,Stores,2024-03-20
Austria,2800.27,Returning,AT,0,Ecom,2024-03-20
Austria,745.51,Returning,AT,0,Stores,2024-03-20
Austria,3829.96,New,AT,0,Ecom,2024-03-21
Austria,720.73,New,AT,0,Stores,2024-03-21
Austria,220.65,Returning,AT,0,Ecom,2024-03-21
Austria,885.79,Returning,AT,0,Stores,2024-03-21
Austria,2486.47,New,AT,0,Ecom,2024-03-22
Austria,2293.93,New,AT,0,Stores,2024-03-22
Austria,842.49,Returning,AT,0,Ecom,2024-03-22
Austria,77.09,Returning,AT,0,Stores,2024-03-22
Austria,2276.64,New,AT,0,Ecom,2024-03-23
Austria,2145.74,New,AT,0,Stores,2024-03-23
Austria,708.4,Returning,AT,0,Ecom,2024-03-23
Austria,122.31,Returning,AT,0,Stores,2024-03-23
Austria,2118.77,New,AT,0,Ecom,2024-03-24
Austria,2927.75,New,AT,0,Stores,2024-03-24
Austria,1024.88,Returning,AT,0,Ecom,2024-03-24
Austria,579.33,Returning,AT,0,Stores,2024-03-24
Austria,2717.1,New,AT,0,Ecom,2024-03-25
Austria,666.4,New,AT,0,Stores,2024-03-25
Austria,1421.79,Returning,AT,0,Ecom,2024-03-25
Austria,354.27,Returning,AT,0,Stores,2024-03-25
Austria,1075.47,New,AT,0,Ecom,2024-03-26
Austria,2543.8,New,AT,0,Stores,2024-03-26
Austria,1266.17,Returning,AT,0,Ecom,2024-03-26
Austria,567.5,Returning,AT,0,Stores,2024-03-26
Austria,2533.34,New,AT,0,Ecom,2024-03-27
Austria,926.31,New,AT,0,Stores,2024-03-27
Austria,3443.5,Returning,AT,0,Ecom,2024-03-27
Austria,169.91,Returning,AT,0,Stores,2024-03-27
Austria,2814.03,New,AT,0,Ecom,2024-03-28
Austria,1387.54,New,AT,0,Stores,2024-03-28
Austria,941.2,Returning,AT,0,Ecom,2024-03-28
Austria,117.11,Returning,AT,0,Stores,2024-03-28
Austria,832.05,New,AT,0,Ecom,2024-03-29
Austria,2307.17,New,AT,0,Stores,2024-03-29
Austria,2115.24,Returning,AT,0,Ecom,2024-03-29
Austria,1032.88,Returning,AT,0,Stores,2024-03-29
Austria,903.77,New,AT,0,Ecom,2024-03-30
Austria,1565.03,New,AT,0,Stores,2024-03-30
Austria,1110.37,Returning,AT,0,Ecom,2024-03-30
Austria,1696.65,Returning,AT,0,Stores,2024-03-30
Austria,1432.16,New,AT,0,Ecom,2024-03-31
Austria,1054.36,New,AT,0,Stores,2024-03-31
Austria,1487.17,Returning,AT,0,Ecom,2024-03-31
Austria,1018.11,Returning,AT,0,Stores,2024-03-31
Austria,1992.91,New,AT,0,Ecom,2024-04-01
Austria,186.92,New,AT,0,Stores,2024-04-01
Austria,2464.86,Returning,AT,0,Ecom,2024-04-01
Austria,7.58,Returning,AT,0,Stores,2024-04-01
Austria,2462.76,New,AT,0,Ecom,2024-04-02
Austria,1453.44,New,AT,0,Stores,2024-04-02
Austria,879.19,Returning,AT,0,Ecom,2024-04-02
Austria,164.75,Returning,AT,0,Stores,2024-04-02
Austria,445.47,New,AT,0,Ecom,2024-04-03
Austria,2754.32,New,AT,0,Stores,2024-04-03
Austria,448.18,Returning,AT,0,Ecom,2024-04-03
Austria,1518.89,Returning,AT,0,Stores,2024-04-03
Austria,2530.32,New,AT,0,Ecom,2024-04-04
Austria,1003.86,New,AT,0,Stores,2024-04-04
Austria,479.0,Returning,AT,0,Ecom,2024-04-04
Austria,990.15,Returning,AT,0,Stores,2024-04-04
Austria,1963.07,New,AT,0,Ecom,2024-04-05
Austria,1540.78,New,AT,0,Stores,2024-04-05
Austria,565.16,Returning,AT,0,Ecom,2024-04-05
Austria,1683.13,Returning,AT,0,Stores,2024-04-05
Austria,1809.08,New,AT,0,Ecom,2024-04-06
Austria,1690.16,New,AT,0,Stores,2024-04-06
Austria,2412.45,Returning,AT,0,Ecom,2024-04-06
Austria,171.27,Returning,AT,0,Stores,2024-04-06
Austria,774.86,New,AT,0,Ecom,2024-04-07
Austria,2198.29,New,AT,0,Stores,2024-04-07
Austria,1515.33,Returning,AT,0,Ecom,2024-04-07
Austria,626.94,Returning,AT,0,Stores,2024-04-07
Austria,3153.22,New,AT,0,Ecom,2024-04-08
Austria,1052.82,New,AT,0,Stores,2024-04-08
Austria,1100.04,Returning,AT,0,Ecom,2024-04-08
Austria,125.57,Returning,AT,0,Stores,2024-04-08
Austria,2721.04,New,AT,0,Ecom,2024-04-09
Austria,474.23,New,AT,0,Stores,2024-04-09
Austria,282.17,Returning,AT,0,Ecom,2024-04-09
Austria,1763.29,Returning,AT,0,Stores,2024-04-09
Austria,3319.16,New,AT,0,Ecom,2024-04-10
Austria,1565.95,New,AT,0,Stores,2024-04-10
Austria,1280.1,Returning,AT,0,Ecom,2024-04-10
Austria,122.6,Returning,AT,0,Stores,2024-04-10
Austria,1375.41,New,AT,0,Ecom,2024-04-11
Austria,757.46,New,AT,0,Stores,2024-04-11
Austria,3347.56,Returning,AT,0,Ecom,2024-04-11
Austria,4.43,Returning,AT,0,Stores,2024-04-11
Austria,1079.04,New,AT,0,Ecom,2024-04-12
Austria,855.0,New,AT,0,Stores,2024-04-12
Austria,1805.89,Returning,AT,0,Ecom,2024-04-12
Austria,1797.71,Returning,AT,0,Stores,2024-04-12
Austria,1314.94,New,AT,0,Ecom,2024-04-13
Austria,2363.37,New,AT,0,Stores,2024-04-13
Austria,1437.29,Returning,AT,0,Ecom,2024-04-13
Austria,225.88,Returning,AT,0,Stores,2024-04-13
Austria,3742.33,New,AT,0,Ecom,2024-04-14
Austria,406.74,New,AT,0,Stores,2024-04-14
Austria,1505.13,Returning,AT,0,Ecom,2024-04-14
Austria,43.98,Returning,AT,0,Stores,2024-04-14
Austria,2597.78,New,AT,0,Ecom,2024-04-15
Austria,1494.42,New,AT,0,Stores,2024-04-15
Austria,534.61,Returning,AT,0,Ecom,2024-04-15
Austria,311.61,Returning,AT,0,Stores,2024-04-15
Austria,1211.52,New,AT,0,Ecom,2024-04-16
Austria,1555.8,New,AT,0,Stores,2024-04-16
Austria,2832.35,Returning,AT,0,Ecom,2024-04-16
Austria,90.77,Returning,AT,0,Stores,2024-04-16
Austria,2930.71,New,AT,0,Ecom,2024-04-17
Austria,1374.04,New,AT,0,Stores,2024-04-17
Austria,371.62,Returning,AT,0,Ecom,2024-04-17
Austria,1160.06,Returning,AT,0,Stores,2024-04-17
Austria,1962.29,New,AT,0,Ecom,2024-04-18
Austria,593.76,New,AT,0,Stores,2024-04-18
Austria,1906.05,Returning,AT,0,Ecom,2024-04-18
Austria,866.53,Returning,AT,0,Stores,2024-04-18
Austria,3359.82,New,AT,0,Ecom,2024-04-19
Austria,829.7,New,AT,0,Stores,2024-04-19
Austria,847.69,Returning,AT,0,Ecom,2024-04-19
Austria,278.21,Returning,AT,0,Stores,2024-04-19
Austria,1238.19,New,AT,0,Ecom,2024-04-20
Austria,2603.34,New,AT,0,Stores,2024-04-20
Austria,1253.73,Returning,AT,0,Ecom,2024-04-20
Austria,680.91,Returning,AT,0,Stores,2024-04-20
Austria,2663.07,New,AT,0,Ecom,2024-04-21
Austria,1583.47,New,AT,0,Stores,2024-04-21
Austria,663.09,Returning,AT,0,Ecom,2024-04-21
Austria,463.71,Returning,AT,0,Stores,2024-04-21
Austria,1856.92,New,AT,0,Ecom,2024-04-22
Austria,3283.18,New,AT,0,Stores,2024-04-22
Austria,741.37,Returning,AT,0,Ecom,2024-04-22
Austria,20.73,Returning,AT,0,Stores,2024-04-22
Austria,2052.5,New,AT,0,Ecom,2024-04-23
Austria,1769.58,New,AT,0,Stores,2024-04-23
Austria,1581.75,Returning,AT,0,Ecom,2024-04-23
Austria,423.29,Returning,AT,0,Stores,2024-04-23
Austria,2752.29,New,AT,0,Ecom,2024-04-24
Austria,436.24,New,AT,0,Stores,2024-04-24
Austria,1625.3,Returning,AT,0,Ecom,2024-04-24
Austria,552.92,Returning,AT,0,Stores,2024-04-24
Austria,3302.92,New,AT,0,Ecom,2024-04-25
Austria,1019.63,New,AT,0,Stores,2024-04-25
Austria,582.6,Returning,AT,0,Ecom,2024-04-25
Austria,30.22,Returning,AT,0,Stores,2024-04-25
Austria,2708.0,New,AT,0,Ecom,2024-04-26
Austria,767.33,New,AT,0,Stores,2024-04-26
Austria,1909.2,Returning,AT,0,Ecom,2024-04-26
Austria,464.72,Returning,AT,0,Stores,2024-04-26
Austria,2125.67,New,AT,0,Ecom,2024-04-27
Austria,2261.8,New,AT,0,Stores,2024-04-27
Austria,1079.59,Returning,AT,0,Ecom,2024-04-27
Austria,582.68,Returning,AT,0,Stores,2024-04-27
Austria,735.24,New,AT,0,Ecom,2024-04-28
Austria,1653.11,New,AT,0,Stores,2024-04-28
Austria,1136.72,Returning,AT,0,Ecom,2024-04-28
Austria,1965.83,Returning,AT,0,Stores,2024-04-28
Austria,2683.26,New,AT,0,Ecom,2024-04-29
Austria,1617.18,New,AT,0,Stores,2024-04-29
Austria,837.51,Returning,AT,0,Ecom,2024-04-29
Austria,366.75,Returning,AT,0,Stores,2024-04-29
Austria,1127.66,New,AT,0,Ecom,2024-04-30
Austria,176.65,New,AT,0,Stores,2024-04-30
Austria,3062.45,Returning,AT,0,Ecom,2024-04-30
Austria,486.62,Returning,AT,0,Stores,2024-04-30
Austria,1166.93,New,AT,0,Ecom,2024-05-01
Austria,703.11,New,AT,0,Stores,2024-05-01
Austria,2398.45,Returning,AT,0,Ecom,2024-05-01
Austria,1295.87,Returning,AT,0,Stores,2024-05-01
Austria,3628.19,New,AT,0,Ecom,2024-05-02
Austria,1584.4,New,AT,0,Stores,2024-05-02
Austria,1184.31,Returning,AT,0,Ecom,2024-05-02
Austria,222.85,Returning,AT,0,Stores,2024-05-02
Austria,626.28,New,AT,0,Ecom,2024-05-03
Austria,1810.58,New,AT,0,Stores,2024-05-03
Austria,1864.41,Returning,AT,0,Ecom,2024-05-03
Austria,757.77,Returning,AT,0,Stores,2024-05-03
Austria,2451.75,New,AT,0,Ecom,2024-05-04
Austria,269.43,New,AT,0,Stores,2024-05-04
Austria,1686.28,Returning,AT,0,Ecom,2024-05-04
Austria,868.19,Returning,AT,0,Stores,2024-05-04
Austria,3266.63,New,AT,0,Ecom,2024-05-05
Austria,1380.26,New,AT,0,Stores,2024-05-05
Austria,168.61,Returning,AT,0,Ecom,2024-05-05
Austria,972.01,Returning,AT,0,Stores,2024-05-05
Austria,3591.22,New,AT,0,Ecom,2024-05-06
Austria,813.88,New,AT,0,Stores,2024-05-06
Austria,782.88,Returning,AT,0,Ecom,2024-05-06
Austria,361.58,Returning,AT,0,Stores,2024-05-06
Austria,988.42,New,AT,0,Ecom,2024-05-07
Austria,2880.32,New,AT,0,Stores,2024-05-07
Austria,1109.96,Returning,AT,0,Ecom,2024-05-07
Austria,783.19,Returning,AT,0,Stores,2024-05-07
Austria,2638.94,New,AT,0,Ecom,2024-05-08
Austria,596.88,New,AT,0,Stores,2024-05-08
Austria,2629.76,Returning,AT,0,Ecom,2024-05-08
Austria,50.9,Returning,AT,0,Stores,2024-05-08
Austria,595.97,New,AT,0,Ecom,2024-05-09
Austria,2942.46,New,AT,0,Stores,2024-05-09
Austria,1786.3,Returning,AT,0,Ecom,2024-05-09
Austria,1.6,Returning,AT,0,Stores,2024-05-09
Austria,2982.34,New,AT,0,Ecom,2024-05-10
Austria,672.97,New,AT,0,Stores,2024-05-10
Austria,2578.65,Returning,AT,0,Ecom,2024-05-10
Austria,123.94,Returning,AT,0,Stores,2024-05-10
Austria,3325.71,New,AT,0,Ecom,2024-05-11
Austria,631.19,New,AT,0,Stores,2024-05-11
Austria,1347.32,Returning,AT,0,Ecom,2024-05-11
Austria,78.36,Returning,AT,0,Stores,2024-05-11
Austria,2067.44,New,AT,0,Ecom,2024-05-12
Austria,950.0,New,AT,0,Stores,2024-05-12
Austria,1658.89,Returning,AT,0,Ecom,2024-05-12
Austria,919.57,Returning,AT,0,Stores,2024-05-12
Austria,3467.03,New,AT,0,Ecom,2024-05-13
Austria,414.19,New,AT,0,Stores,2024-05-13
Austria,894.12,Returning,AT,0,Ecom,2024-05-13
Austria,817.56,Returning,AT,0,Stores,2024-05-13
Austria,3247.19,New,AT,0,Ecom,2024-05-14
Austria,1054.82,New,AT,0,Stores,2024-05-14
Austria,958.01,Returning,AT,0,Ecom,2024-05-14
Austria,139.45,Returning,AT,0,Stores,2024-05-14
Austria,3199.1,New,AT,0,Ecom,2024-05-15
Austria,315.17,New,AT,0,Stores,2024-05-15
Austria,1532.5,Returning,AT,0,Ecom,2024-05-15
Austria,1367.36,Returning,AT,0,Stores,2024-05-15
Austria,1986.9,New,AT,0,Ecom,2024-05-16
Austria,1216.56,New,AT,0,Stores,2024-05-16
Austria,1041.46,Returning,AT,0,Ecom,2024-05-16
Austria,995.7,Returning,AT,0,Stores,2024-05-16
Austria,3128.16,New,AT,0,Ecom,2024-05-17
Austria,884.27,New,AT,0,Stores,2024-05-17
Austria,1128.92,Returning,AT,0,Ecom,2024-05-17
Austria,1179.41,Returning,AT,0,Stores,2024-05-17
Austria,2438.67,New,AT,0,Ecom,2024-05-18
Austria,1074.62,New,AT,0,Stores,2024-05-18
Austria,1008.31,Returning,AT,0,Ecom,2024-05-18
Austria,818.76,Returning,AT,0,Stores,2024-05-18
Austria,839.83,New,AT,0,Ecom,2024-05-19
Austria,2241.17,New,AT,0,Stores,2024-05-19
Austria,2041.1,Returning,AT,0,Ecom,2024-05-19
Austria,466.64,Returning,AT,0,Stores,2024-05-19
Austria,2765.41,New,AT,0,Ecom,2024-05-20
Austria,1070.86,New,AT,0,Stores,2024-05-20
Austria,1194.68,Returning,AT,0,Ecom,2024-05-20
Austria,329.06,Returning,AT,0,Stores,2024-05-20
Austria,1811.26,New,AT,0,Ecom,2024-05-21
Austria,2742.49,New,AT,0,Stores,2024-05-21
Austria,784.51,Returning,AT,0,Ecom,2024-05-21
Austria,373.19,Returning,AT,0,Stores,2024-05-21
Austria,4352.07,New,AT,0,Ecom,2024-05-22
Austria,373.5,New,AT,0,Stores,2024-05-22
Austria,528.36,Returning,AT,0,Ecom,2024-05-22
Austria,524.95,Returning,AT,0,Stores,2024-05-22
Austria,1368.69,New,AT,0,Ecom,2024-05-23
Austria,1393.61,New,AT,0,Stores,2024-05-23
Austria,2967.27,Returning,AT,0,Ecom,2024-05-23
Austria,446.2,Returning,AT,0,Stores,2024-05-23
Austria,1366.52,New,AT,0,Ecom,2024-05-24
Austria,999.77,New,AT,0,Stores,2024-05-24
Austria,752.75,Returning,AT,0,Ecom,2024-05-24
Austria,1758.27,Returning,AT,0,Stores,2024-05-24
Austria,3240.36,New,AT,0,Ecom,2024-05-25
Austria,362.4,New,AT,0,Stores,2024-05-25
Austria,655.74,Returning,AT,0,Ecom,2024-05-25
Austria,1782.77,Returning,AT,0,Stores,2024-05-25
Austria,3102.95,New,AT,0,Ecom,2024-05-26
Austria,1833.81,New,AT,0,Stores,2024-05-26
Austria,183.8,Returning,AT,0,Ecom,2024-05-26
Austria,291.84,Returning,AT,0,Stores,2024-05-26
Austria,1681.46,New,AT,0,Ecom,2024-05-27
Austria,2377.74,New,AT,0,Stores,2024-05-27
Austria,1073.58,Returning,AT,0,Ecom,2024-05-27
Austria,256.69,Returning,AT,0,Stores,2024-05-27
Austria,944.36,New,AT,0,Ecom,2024-05-28
Austria,959.82,New,AT,0,Stores,2024-05-28
Austria,3581.21,Returning,AT,0,Ecom,2024-05-28
Austria,159.32,Returning,AT,0,Stores,2024-05-28
Austria,2144.75,New,AT,0,Ecom,2024-05-29
Austria,1237.09,New,AT,0,Stores,2024-05-29
Austria,1733.49,Returning,AT,0,Ecom,2024-05-29
Austria,799.31,Returning,AT,0,Stores,2024-05-29
Austria,3280.67,New,AT,0,Ecom,2024-05-30
Austria,437.64,New,AT,0,Stores,2024-05-30
Austria,1483.29,Returning,AT,0,Ecom,2024-05-30
Austria,508.39,Returning,AT,0,Stores,2024-05-30
Austria,736.2,New,AT,0,Ecom,2024-05-31
Austria,3589.38,New,AT,0,Stores,2024-05-31
Austria,1288.22,Returning,AT,0,Ecom,2024-05-31
Austria,355.05,Returning,AT,0,Stores,2024-05-31
Austria,909.65,New,AT,0,Ecom,2024-06-01
Austria,1741.99,New,AT,0,Stores,2024-06-01
Austria,2709.06,Returning,AT,0,Ecom,2024-06-01
Austria,697.47,Returning,AT,0,Stores,2024-06-01
Austria,3734.81,New,AT,0,Ecom,2024-06-02
Austria,644.89,New,AT,0,Stores,2024-06-02
Austria,707.34,Returning,AT,0,Ecom,2024-06-02
Austria,1062.63,Returning,AT,0,Stores,2024-06-02
Austria,3059.49,New,AT,0,Ecom,2024-06-03
Austria,1648.8,New,AT,0,Stores,2024-06-03
Austria,584.14,Returning,AT,0,Ecom,2024-06-03
Austria,186.04,Returning,AT,0,Stores,2024-06-03
Austria,2542.14,New,AT,0,Ecom,2024-06-04
Austria,623.53,New,AT,0,Stores,2024-06-04
Austria,2511.78,Returning,AT,0,Ecom,2024-06-04
Austria,470.92,Returning,AT,0,Stores,2024-06-04
Austria,1310.63,New,AT,0,Ecom,2024-06-05
Austria,2948.27,New,AT,0,Stores,2024-06-05
Austria,2026.98,Returning,AT,0,Ecom,2024-06-05
Austria,109.25,Returning,AT,0,Stores,2024-06-05
Austria,1786.62,New,AT,0,Ecom,2024-06-06
Austria,1786.93,New,AT,0,Stores,2024-06-06
Austria,1857.57,Returning,AT,0,Ecom,2024-06-06
Austria,958.98,Returning,AT,0,Stores,2024-06-06
Austria,2995.33,New,AT,0,Ecom,2024-06-07
Austria,2325.65,New,AT,0,Stores,2024-06-07
Austria,782.76,Returning,AT,0,Ecom,2024-06-07
Austria,136.99,Returning,AT,0,Stores,2024-06-07
Austria,1613.46,New,AT,0,Ecom,2024-06-08
Austria,2272.32,New,AT,0,Stores,2024-06-08
Austria,1401.06,Returning,AT,0,Ecom,2024-06-08
Austria,155.2,Returning,AT,0,Stores,2024-06-08
Austria,1816.13,New,AT,0,Ecom,2024-06-09
Austria,892.51,New,AT,0,Stores,2024-06-09
Austria,2111.81,Returning,AT,0,Ecom,2024-06-09
Austria,164.89,Returning,AT,0,Stores,2024-06-09
Austria,1673.02,New,AT,0,Ecom,2024-06-10
Austria,1437.0,New,AT,0,Stores,2024-06-10
Austria,2401.52,Returning,AT,0,Ecom,2024-06-10
Austria,795.84,Returning,AT,0,Stores,2024-06-10
Austria,2804.4,New,AT,0,Ecom,2024-06-11
Austria,2197.23,New,AT,0,Stores,2024-06-11
Austria,311.85,Returning,AT,0,Ecom,2024-06-11
Austria,4.97,Returning,AT,0,Stores,2024-06-11
Austria,2160.21,New,AT,0,Ecom,2024-06-12
Austria,840.98,New,AT,0,Stores,2024-06-12
Austria,1505.5,Returning,AT,0,Ecom,2024-06-12
Austria,1129.21,Returning,AT,0,Stores,2024-06-12
Austria,1679.75,New,AT,0,Ecom,2024-06-13
Austria,186.15,New,AT,0,Stores,2024-06-13
Austria,762.4,Returning,AT,0,Ecom,2024-06-13
Austria,3960.69,Returning,AT,0,Stores,2024-06-13
Austria,2169.22,New,AT,0,Ecom,2024-06-14
Austria,909.89,New,AT,0,Stores,2024-06-14
Austria,2874.52,Returning,AT,0,Ecom,2024-06-14
Austria,16.44,Returning,AT,0,Stores,2024-06-14
Austria,1519.37,New,AT,0,Ecom,2024-06-15
Austria,1668.94,New,AT,0,Stores,2024-06-15
Austria,1107.31,Returning,AT,0,Ecom,2024-06-15
Austria,1058.79,Returning,AT,0,Stores,2024-06-15
Austria,2077.21,New,AT,0,Ecom,2024-06-16
Austria,689.3,New,AT,0,Stores,2024-06-16
Austria,3205.37,Returning,AT,0,Ecom,2024-06-16
Austria,308.37,Returning,AT,0,Stores,2024-06-16
Austria,1329.84,New,AT,0,Ecom,2024-06-17
Austria,3098.0,New,AT,0,Stores,2024-06-17
Austria,692.99,Returning,AT,0,Ecom,2024-06-17
Austria,72.15,Returning,AT,0,Stores,2024-06-17
Austria,2616.1,New,AT,0,Ecom,2024-06-18
Austria,212.82,New,AT,0,Stores,2024-06-18
Austria,2157.61,Returning,AT,0,Ecom,2024-06-18
Austria,936.49,Returning,AT,0,Stores,2024-06-18
Austria,1375.07,New,AT,0,Ecom,2024-06-19
Austria,2361.71,New,AT,0,Stores,2024-06-19
Austria,1668.23,Returning,AT,0,Ecom,2024-06-19
Austria,50.45,Returning,AT,0,Stores,2024-06-19
Austria,1861.35,New,AT,0,Ecom,2024-06-20
Austria,1038.23,New,AT,0,Stores,2024-06-20
Austria,1435.0,Returning,AT,0,Ecom,2024-06-20
Austria,1584.47,Returning,AT,0,Stores,2024-06-20
Austria,1602.99,New,AT,0,Ecom,2024-06-21
Austria,1208.49,New,AT,0,Stores,2024-06-21
Austria,1147.63,Returning,AT,0,Ecom,2024-06-21
Austria,1684.24,Returning,AT,0,Stores,2024-06-21
Austria,1516.35,New,AT,0,Ecom,2024-06-22
Austria,2364.77,New,AT,0,Stores,2024-06-22
Austria,1256.69,Returning,AT,0,Ecom,2024-06-22
Austria,453.4,Returning,AT,0,Stores,2024-06-22
Austria,1228.27,New,AT,0,Ecom,2024-06-23
Austria,2025.93,New,AT,0,Stores,2024-06-23
Austria,2642.66,Returning,AT,0,Ecom,2024-06-23
Austria,301.93,Returning,AT,0,Stores,2024-06-23
Austria,1263.24,New,AT,0,Ecom,2024-06-24
Austria,2135.7,New,AT,0,Stores,2024-06-24
Austria,1138.77,Returning,AT,0,Ecom,2024-06-24
Austria,1021.59,Returning,AT,0,Stores,2024-06-24
Austria,3548.28,New,AT,0,Ecom,2024-06-25
Austria,1941.82,New,AT,0,Stores,2024-06-25
Austria,302.69,Returning,AT,0,Ecom,2024-06-25
Austria,37.98,Returning,AT,0,Stores,2024-06-25
Austria,1628.38,New,AT,0,Ecom,2024-06-26
Austria,1575.39,New,AT,0,Stores,2024-06-26
Austria,1299.71,Returning,AT,0,Ecom,2024-06-26
Austria,1628.41,Returning,AT,0,Stores,2024-06-26
Austria,4092.94,New,AT,0,Ecom,2024-06-27
Austria,2180.34,New,AT,0,Stores,2024-06-27
Austria,69.17,Returning,AT,0,Ecom,2024-06-27
Austria,461.16,Returning,AT,0,Stores,2024-06-27
Austria,2117.61,New,AT,0,Ecom,2024-06-28
Austria,762.01,New,AT,0,Stores,2024-06-28
Austria,1747.9,Returning,AT,0,Ecom,2024-06-28
Austria,666.23,Returning,AT,0,Stores,2024-06-28
Austria,1133.8,New,AT,0,Ecom,2024-06-29
Austria,438.61,New,AT,0,Stores,2024-06-29
Austria,2873.81,Returning,AT,0,Ecom,2024-06-29
Austria,618.39,Returning,AT,0,Stores,2024-06-29
Austria,2628.39,New,AT,0,Ecom,2024-06-30
Austria,1012.53,New,AT,0,Stores,2024-06-30
Austria,886.99,Returning,AT,0,Ecom,2024-06-30
Austria,84.57,Returning,AT,0,Stores,2024-06-30
Austria,1910.59,New,AT,0,Ecom,2024-07-01
Austria,772.48,New,AT,0,Stores,2024-07-01
Austria,1904.51,Returning,AT,0,Ecom,2024-07-01
Austria,876.53,Returning,AT,0,Stores,2024-07-01
Austria,1685.7,New,AT,0,Ecom,2024-07-02
Austria,1730.35,New,AT,0,Stores,2024-07-02
Austria,1573.85,Returning,AT,0,Ecom,2024-07-02
Austria,965.42,Returning,AT,0,Stores,2024-07-02
Austria,2647.03,New,AT,0,Ecom,2024-07-03
Austria,387.35,New,AT,0,Stores,2024-07-03
Austria,2424.5,Returning,AT,0,Ecom,2024-07-03
Austria,158.48,Returning,AT,0,Stores,2024-07-03
Austria,5390.31,New,AT,0,Ecom,2024-07-04
Austria,585.69,New,AT,0,Stores,2024-07-04
Austria,212.76,Returning,AT,0,Ecom,2024-07-04
Austria,98.9,Returning,AT,0,Stores,2024-07-04
Austria,1693.18,New,AT,0,Ecom,2024-07-05
Austria,2364.62,New,AT,0,Stores,2024-07-05
Austria,602.67,Returning,AT,0,Ecom,2024-07-05
Austria,57.52,Returning,AT,0,Stores,2024-07-05
Austria,4170.87,New,AT,0,Ecom,2024-07-06
Austria,619.04,New,AT,0,Stores,2024-07-06
Austria,122.58,Returning,AT,0,Ecom,2024-07-06
Austria,86.68,Returning,AT,0,Stores,2024-07-06
Austria,1888.29,New,AT,0,Ecom,2024-07-07
Austria,342.65,New,AT,0,Stores,2024-07-07
Austria,1676.35,Returning,AT,0,Ecom,2024-07-07
Austria,1347.14,Returning,AT,0,Stores,2024-07-07
Austria,2103.08,New,AT,0,Ecom,2024-07-08
Austria,1845.96,New,AT,0,Stores,2024-07-08
Austria,1528.76,Returning,AT,0,Ecom,2024-07-08
Austria,81.89,Returning,AT,0,Stores,2024-07-08
Austria,2004.51,New,AT,0,Ecom,2024-07-09
Austria,1157.77,New,AT,0,Stores,2024-07-09
Austria,1282.17,Returning,AT,0,Ecom,2024-07-09
Austria,429.75,Returning,AT,0,Stores,2024-07-09
Austria,2275.98,New,AT,0,Ecom,2024-07-10
Austria,569.3,New,AT,0,Stores,2024-07-10
Austria,2075.24,Returning,AT,0,Ecom,2024-07-10
Austria,735.01,Returning,AT,0,Stores,2024-07-10
Austria,2738.82,New,AT,0,Ecom,2024-07-11
Austria,2950.82,New,AT,0,Stores,2024-07-11
Austria,333.53,Returning,AT,0,Ecom,2024-07-11
Austria,102.45,Returning,AT,0,Stores,2024-07-11
Austria,2762.9,New,AT,0,Ecom,2024-07-12
Austria,1477.5,New,AT,0,Stores,2024-07-12
Austria,1697.96,Returning,AT,0,Ecom,2024-07-12
Austria,407.16,Returning,AT,0,Stores,2024-07-12
Austria,1067.76,New,AT,0,Ecom,2024-07-13
Austria,1448.42,New,AT,0,Stores,2024-07-13
Austria,2326.21,Returning,AT,0,Ecom,2024-07-13
Austria,872.74,Returning,AT,0,Stores,2024-07-13
Austria,1941.79,New,AT,0,Ecom,2024-07-14
Austria,906.17,New,AT,0,Stores,2024-07-14
Austria,1584.76,Returning,AT,0,Ecom,2024-07-14
Austria,1094.92,Returning,AT,0,Stores,2024-07-14
Austria,2552.48,New,AT,0,Ecom,2024-07-15
Austria,1329.09,New,AT,0,Stores,2024-07-15
Austria,1831.79,Returning,AT,0,Ecom,2024-07-15
Austria,216.21,Returning,AT,0,Stores,2024-07-15
Austria,2472.9,New,AT,0,Ecom,2024-07-16
Austria,2347.02,New,AT,0,Stores,2024-07-16
Austria,1395.44,Returning,AT,0,Ecom,2024-07-16
Austria,193.88,Returning,AT,0,Stores,2024-07-16
Austria,3818.75,New,AT,0,Ecom,2024-07-17
Austria,937.14,New,AT,0,Stores,2024-07-17
Austria,392.34,Returning,AT,0,Ecom,2024-07-17
Austria,24.52,Returning,AT,0,Stores,2024-07-17
Austria,3134.67,New,AT,0,Ecom,2024-07-18
Austria,347.16,New,AT,0,Stores,2024-07-18
Austria,1932.71,Returning,AT,0,Ecom,2024-07-18
Austria,145.78,Returning,AT,0,Stores,2024-07-18
Austria,1050.87,New,AT,0,Ecom,2024-07-19
Austria,358.64,New,AT,0,Stores,2024-07-19
Austria,3486.11,Returning,AT,0,Ecom,2024-07-19
Austria,272.99,Returning,AT,0,Stores,2024-07-19
Austria,2336.84,New,AT,0,Ecom,2024-07-20
Austria,300.83,New,AT,0,Stores,2024-07-20
Austria,2455.17,Returning,AT,0,Ecom,2024-07-20
Austria,1203.93,Returning,AT,0,Stores,2024-07-20
Austria,1047.07,New,AT,0,Ecom,2024-07-21
Austria,787.28,New,AT,0,Stores,2024-07-21
Austria,4157.51,Returning,AT,0,Ecom,2024-07-21
Austria,448.33,Returning,AT,0,Stores,2024-07-21
Austria,5027.78,New,AT,0,Ecom,2024-07-22
Austria,1362.38,New,AT,0,Stores,2024-07-22
Austria,1539.76,Returning,AT,0,Ecom,2024-07-22
Austria,82.92,Returning,AT,0,Stores,2024-07-22
Austria,2534.78,New,AT,0,Ecom,2024-07-23
Austria,2259.81,New,AT,0,Stores,2024-07-23
Austria,271.24,Returning,AT,0,Ecom,2024-07-23
Austria,361.86,Returning,AT,0,Stores,2024-07-23
Austria,4597.8,New,AT,0,Ecom,2024-07-24
Austria,526.15,New,AT,0,Stores,2024-07-24
Austria,965.18,Returning,AT,0,Ecom,2024-07-24
Austria,20.26,Returning,AT,0,Stores,2024-07-24
Austria,1828.14,New,AT,0,Ecom,2024-07-25
Austria,2424.8,New,AT,0,Stores,2024-07-25
Austria,1240.37,Returning,AT,0,Ecom,2024-07-25
Austria,192.64,Returning,AT,0,Stores,2024-07-25
Austria,1749.51,New,AT,0,Ecom,2024-07-26
Austria,1851.42,New,AT,0,Stores,2024-07-26
Austria,2193.35,Returning,AT,0,Ecom,2024-07-26
Austria,538.65,Returning,AT,0,Stores,2024-07-26
Austria,1867.91,New,AT,0,Ecom,2024-07-27
Austria,1681.07,New,AT,0,Stores,2024-07-27
Austria,1335.45,Returning,AT,0,Ecom,2024-07-27
Austria,677.53,Returning,AT,0,Stores,2024-07-27
Austria,1331.38,New,AT,0,Ecom,2024-07-28
Austria,973.22,New,AT,0,Stores,2024-07-28
Austria,2378.64,Returning,AT,0,Ecom,2024-07-28
Austria,597.71,Returning,AT,0,Stores,2024-07-28
Austria,1781.61,New,AT,0,Ecom,2024-07-29
Austria,1545.44,New,AT,0,Stores,2024-07-29
Austria,1362.3,Returning,AT,0,Ecom,2024-07-29
Austria,625.06,Returning,AT,0,Stores,2024-07-29
Austria,1513.01,New,AT,0,Ecom,2024-07-30
Austria,1622.83,New,AT,0,Stores,2024-07-30
Austria,2004.77,Returning,AT,0,Ecom,2024-07-30
Austria,357.98,Returning,AT,0,Stores,2024-07-30
Austria,873.58,New,AT,0,Ecom,2024-07-31
Austria,892.5,New,AT,0,Stores,2024-07-31
Austria,3190.61,Returning,AT,0,Ecom,2024-07-31
Austria,857.3,Returning,AT,0,Stores,2024-07-31
Austria,1537.98,New,AT,0,Ecom,2024-08-01
Austria,1155.08,New,AT,0,Stores,2024-08-01
Austria,3329.18,Returning,AT,0,Ecom,2024-08-01
Austria,43.19,Returning,AT,0,Stores,2024-08-01
Austria,3252.54,New,AT,0,Ecom,2024-08-02
Austria,2195.95,New,AT,0,Stores,2024-08-02
Austria,1252.0,Returning,AT,0,Ecom,2024-08-02
Austria,104.03,Returning,AT,0,Stores,2024-08-02
Austria,2947.26,New,AT,0,Ecom,2024-08-03
Austria,1063.93,New,AT,0,Stores,2024-08-03
Austria,584.9,Returning,AT,0,Ecom,2024-08-03
Austria,1486.45,Returning,AT,0,Stores,2024-08-03
Austria,1243.72,New,AT,0,Ecom,2024-08-04
Austria,2587.04,New,AT,0,Stores,2024-08-04
Austria,895.43,Returning,AT,0,Ecom,2024-08-04
Austria,556.22,Returning,AT,0,Stores,2024-08-04
Austria,3794.37,New,AT,0,Ecom,2024-08-05
Austria,1321.64,New,AT,0,Stores,2024-08-05
Austria,1003.99,Returning,AT,0,Ecom,2024-08-05
Austria,498.24,Returning,AT,0,Stores,2024-08-05
Austria,1437.72,New,AT,0,Ecom,2024-08-06
Austria,568.0,New,AT,0,Stores,2024-08-06
Austria,3387.12,Returning,AT,0,Ecom,2024-08-06
Austria,72.73,Returning,AT,0,Stores,2024-08-06
Austria,1120.2,New,AT,0,Ecom,2024-08-07
Austria,2508.89,New,AT,0,Stores,2024-08-07
Austria,1531.17,Returning,AT,0,Ecom,2024-08-07
Austria,486.54,Returning,AT,0,Stores,2024-08-07
Austria,4373.48,New,AT,0,Ecom,2024-08-08
Austria,657.62,New,AT,0,Stores,2024-08-08
Austria,1142.45,Returning,AT,0,Ecom,2024-08-08
Austria,63.41,Returning,AT,0,Stores,2024-08-08
Austria,4279.73,New,AT,0,Ecom,2024-08-09
Austria,441.46,New,AT,0,Stores,2024-08-09
Austria,42.41,Returning,AT,0,Ecom,2024-08-09
Austria,1016.44,Returning,AT,0,Stores,2024-08-09
Austria,2354.55,New,AT,0,Ecom,2024-08-10
Austria,1875.42,New,AT,0,Stores,2024-08-10
Austria,138.47,Returning,AT,0,Ecom,2024-08-10
Austria,870.35,Returning,AT,0,Stores,2024-08-10
Austria,1307.67,New,AT,0,Ecom,2024-08-11
Austria,1310.75,New,AT,0,Stores,2024-08-11
Austria,1740.26,Returning,AT,0,Ecom,2024-08-11
Austria,2215.31,Returning,AT,0,Stores,2024-08-11
Austria,3052.99,New,AT,0,Ecom,2024-08-12
Austria,2723.89,New,AT,0,Stores,2024-08-12
Austria,409.95,Returning,AT,0,Ecom,2024-08-12
Austria,234.35,Returning,AT,0,Stores,2024-08-12
Austria,4040.7,New,AT,0,Ecom,2024-08-13
Austria,1279.3,New,AT,0,Stores,2024-08-13
Austria,1076.11,Returning,AT,0,Ecom,2024-08-13
Austria,0.5,Returning,AT,0,Stores,2024-08-13
Austria,2882.01,New,AT,0,Ecom,2024-08-14
Austria,1459.06,New,AT,0,Stores,2024-08-14
Austria,1214.83,Returning,AT,0,Ecom,2024-08-14
Austria,202.82,Returning,AT,0,Stores,2024-08-14
Austria,2772.47,New,AT,0,Ecom,2024-08-15
Austria,84.7,New,AT,0,Stores,2024-08-15
Austria,1598.09,Returning,AT,0,Ecom,2024-08-15
Austria,899.77,Returning,AT,0,Stores,2024-08-15
Austria,1699.32,New,AT,0,Ecom,2024-08-16
Austria,2776.34,New,AT,0,Stores,2024-08-16
Austria,1135.12,Returning,AT,0,Ecom,2024-08-16
Austria,154.27,Returning,AT,0,Stores,2024-08-16
Austria,2213.27,New,AT,0,Ecom,2024-08-17
Austria,1410.28,New,AT,0,Stores,2024-08-17
Austria,1433.18,Returning,AT,0,Ecom,2024-08-17
Austria,710.03,Returning,AT,0,Stores,2024-08-17
Austria,3333.41,New,AT,0,Ecom,2024-08-18
Austria,2178.98,New,AT,0,Stores,2024-08-18
Austria,372.11,Returning,AT,0,Ecom,2024-08-18
Austria,381.27,Returning,AT,0,Stores,2024-08-18
Austria,769.9,New,AT,0,Ecom,2024-08-19
Austria,2805.86,New,AT,0,Stores,2024-08-19
Austria,764.25,Returning,AT,0,Ecom,2024-08-19
Austria,1098.57,Returning,AT,0,Stores,2024-08-19
Austria,1994.83,New,AT,0,Ecom,2024-08-20
Austria,3308.05,New,AT,0,Stores,2024-08-20
Austria,658.48,Returning,AT,0,Ecom,2024-08-20
Austria,633.4,Returning,AT,0,Stores,2024-08-20
Austria,2300.18,New,AT,0,Ecom,2024-08-21
Austria,1451.07,New,AT,0,Stores,2024-08-21
Austria,584.87,Returning,AT,0,Ecom,2024-08-21
Austria,1550.17,Returning,AT,0,Stores,2024-08-21
Austria,1833.8,New,AT,0,Ecom,2024-08-22
Austria,2409.98,New,AT,0,Stores,2024-08-22
Austria,731.97,Returning,AT,0,Ecom,2024-08-22
Austria,1658.53,Returning,AT,0,Stores,2024-08-22
Austria,2514.46,New,AT,0,Ecom,2024-08-23
Austria,1958.39,New,AT,0,Stores,2024-08-23
Austria,1091.92,Returning,AT,0,Ecom,2024-08-23
Austria,321.85,Returning,AT,0,Stores,2024-08-23
Austria,1993.49,New,AT,0,Ecom,2024-08-24
Austria,1478.02,New,AT,0,Stores,2024-08-24
Austria,1435.3,Returning,AT,0,Ecom,2024-08-24
Austria,987.2,Returning,AT,0,Stores,2024-08-24
Austria,1008.36,New,AT,0,Ecom,2024-08-25
Austria,2823.81,New,AT,0,Stores,2024-08-25
Austria,1292.16,Returning,AT,0,Ecom,2024-08-25
Austria,862.08,Returning,AT,0,Stores,2024-08-25
Austria,2521.24,New,AT,0,Ecom,2024-08-26
Austria,1183.32,New,AT,0,Stores,2024-08-26
Austria,2053.55,Returning,AT,0,Ecom,2024-08-26
Austria,791.93,Returning,AT,0,Stores,2024-08-26
Austria,2730.47,New,AT,0,Ecom,2024-08-27
Austria,1658.11,New,AT,0,Stores,2024-08-27
Austria,2126.55,Returning,AT,0,Ecom,2024-08-27
Austria,521.05,Returning,AT,0,Stores,2024-08-27
Austria,1100.66,New,AT,0,Ecom,2024-08-28
Austria,2551.05,New,AT,0,Stores,2024-08-28
Austria,1548.14,Returning,AT,0,Ecom,2024-08-28
Austria,526.38,Returning,AT,0,Stores,2024-08-28
Austria,3338.91,New,AT,0,Ecom,2024-08-29
Austria,936.29,New,AT,0,Stores,2024-08-29
Austria,1400.24,Returning,AT,0,Ecom,2024-08-29
Austria,444.88,Returning,AT,0,Stores,2024-08-29
Austria,2665.63,New,AT,0,Ecom,2024-08-30
Austria,3387.29,New,AT,0,Stores,2024-08-30
Austria,1262.99,Returning,AT,0,Ecom,2024-08-30
Austria,53.54,Returning,AT,0,Stores,2024-08-30
Austria,1694.44,New,AT,0,Ecom,2024-08-31
Austria,2982.31,New,AT,0,Stores,2024-08-31
Austria,709.62,Returning,AT,0,Ecom,2024-08-31
Austria,793.96,Returning,AT,0,Stores,2024-08-31
Austria,1767.79,New,AT,0,Ecom,2024-09-01
Austria,849.53,New,AT,0,Stores,2024-09-01
Austria,1706.65,Returning,AT,0,Ecom,2024-09-01
Austria,2195.5,Returning,AT,0,Stores,2024-09-01
Austria,4431.29,New,AT,0,Ecom,2024-09-02
Austria,442.94,New,AT,0,Stores,2024-09-02
Austria,692.81,Returning,AT,0,Ecom,2024-09-02
Austria,777.77,Returning,AT,0,Stores,2024-09-02
Austria,3956.93,New,AT,0,Ecom,2024-09-03
Austria,551.73,New,AT,0,Stores,2024-09-03
Austria,1281.93,Returning,AT,0,Ecom,2024-09-03
Austria,302.31,Returning,AT,0,Stores,2024-09-03
Austria,3351.99,New,AT,0,Ecom,2024-09-04
Austria,969.79,New,AT,0,Stores,2024-09-04
Austria,292.95,Returning,AT,0,Ecom,2024-09-04
Austria,1551.96,Returning,AT,0,Stores,2024-09-04
Austria,2571.02,New,AT,0,Ecom,2024-09-05
Austria,714.0,New,AT,0,Stores,2024-09-05
Austria,1486.99,Returning,AT,0,Ecom,2024-09-05
Austria,819.63,Returning,AT,0,Stores,2024-09-05
Austria,2086.35,New,AT,0,Ecom,2024-09-06
Austria,3423.71,New,AT,0,Stores,2024-09-06
Austria,1718.33,Returning,AT,0,Ecom,2024-09-06
Austria,225.2,Returning,AT,0,Stores,2024-09-06
Austria,4990.88,New,AT,0,Ecom,2024-09-07
Austria,1193.03,New,AT,0,Stores,2024-09-07
Austria,187.53,Returning,AT,0,Ecom,2024-09-07
Austria,503.39,Returning,AT,0,Stores,2024-09-07
Austria,3072.05,New,AT,0,Ecom,2024-09-08
Austria,1156.85,New,AT,0,Stores,2024-09-08
Austria,1971.14,Returning,AT,0,Ecom,2024-09-08
Austria,613.78,Returning,AT,0,Stores,2024-09-08
Austria,1012.25,New,AT,0,Ecom,2024-09-09
Austria,862.57,New,AT,0,Stores,2024-09-09
Austria,2714.06,Returning,AT,0,Ecom,2024-09-09
Austria,1249.83,Returning,AT,0,Stores,2024-09-09
Austria,2053.42,New,AT,0,Ecom,2024-09-10
Austria,2594.54,New,AT,0,Stores,2024-09-10
Austria,52.71,Returning,AT,0,Ecom,2024-09-10
Austria,1832.01,Returning,AT,0,Stores,2024-09-10
Austria,3056.07,New,AT,0,Ecom,2024-09-11
Austria,722.72,New,AT,0,Stores,2024-09-11
Austria,2790.22,Returning,AT,0,Ecom,2024-09-11
Austria,129.57,Returning,AT,0,Stores,2024-09-11
Austria,3054.26,New,AT,0,Ecom,2024-09-12
Austria,1602.26,New,AT,0,Stores,2024-09-12
Austria,582.16,Returning,AT,0,Ecom,2024-09-12
Austria,1315.41,Returning,AT,0,Stores,2024-09-12
Austria,531.91,New,AT,0,Ecom,2024-09-13
Austria,3027.09,New,AT,0,Stores,2024-09-13
Austria,1795.12,Returning,AT,0,Ecom,2024-09-13
Austria,852.32,Returning,AT,0,Stores,2024-09-13
Austria,1691.93,New,AT,0,Ecom,2024-09-14
Austria,2222.44,New,AT,0,Stores,2024-09-14
Austria,1024.33,Returning,AT,0,Ecom,2024-09-14
Austria,1280.79,Returning,AT,0,Stores,2024-09-14
Austria,2239.7,New,AT,0,Ecom,2024-09-15
Austria,455.09,New,AT,0,Stores,2024-09-15
Austria,2302.31,Returning,AT,0,Ecom,2024-09-15
Austria,96.63,Returning,AT,0,Stores,2024-09-15
Austria,2390.71,New,AT,0,Ecom,2024-09-16
Austria,327.17,New,AT,0,Stores,2024-09-16
Austria,863.36,Returning,AT,0,Ecom,2024-09-16
Austria,2426.28,Returning,AT,0,Stores,2024-09-16
Austria,908.28,New,AT,0,Ecom,2024-09-17
Austria,1697.01,New,AT,0,Stores,2024-09-17
Austria,1465.01,Returning,AT,0,Ecom,2024-09-17
Austria,1947.72,Returning,AT,0,Stores,2024-09-17
Austria,2829.99,New,AT,0,Ecom,2024-09-18
Austria,1512.4,New,AT,0,Stores,2024-09-18
Austria,2117.71,Returning,AT,0,Ecom,2024-09-18
Austria,137.41,Returning,AT,0,Stores,2024-09-18
Austria,2987.26,New,AT,0,Ecom,2024-09-19
Austria,1797.56,New,AT,0,Stores,2024-09-19
Austria,1047.74,Returning,AT,0,Ecom,2024-09-19
Austria,1243.29,Returning,AT,0,Stores,2024-09-19
Austria,2593.34,New,AT,0,Ecom,2024-09-20
Austria,3141.85,New,AT,0,Stores,2024-09-20
Austria,823.13,Returning,AT,0,Ecom,2024-09-20
Austria,880.14,Returning,AT,0,Stores,2024-09-20
Austria,1132.92,New,AT,0,Ecom,2024-09-21
Austria,3125.66,New,AT,0,Stores,2024-09-21
Austria,967.6,Returning,AT,0,Ecom,2024-09-21
Austria,2063.8,Returning,AT,0,Stores,2024-09-21
Austria,3832.1,New,AT,0,Ecom,2024-09-22
Austria,801.35,New,AT,0,Stores,2024-09-22
Austria,1448.04,Returning,AT,0,Ecom,2024-09-22
Austria,349.3,Returning,AT,0,Stores,2024-09-22
Austria,3020.89,New,AT,0,Ecom,2024-09-23
Austria,1271.14,New,AT,0,Stores,2024-09-23
Austria,370.22,Returning,AT,0,Ecom,2024-09-23
Austria,1136.65,Returning,AT,0,Stores,2024-09-23
Austria,1533.53,New,AT,0,Ecom,2024-09-24
Austria,2660.25,New,AT,0,Stores,2024-09-24
Austria,1083.52,Returning,AT,0,Ecom,2024-09-24
Austria,526.54,Returning,AT,0,Stores,2024-09-24
Austria,2286.41,New,AT,0,Ecom,2024-09-25
Austria,1044.22,New,AT,0,Stores,2024-09-25
Austria,1464.35,Returning,AT,0,Ecom,2024-09-25
Austria,1898.13,Returning,AT,0,Stores,2024-09-25
Austria,3726.49,New,AT,0,Ecom,2024-09-26
Austria,486.84,New,AT,0,Stores,2024-09-26
Austria,1546.57,Returning,AT,0,Ecom,2024-09-26
Austria,140.61,Returning,AT,0,Stores,2024-09-26
Austria,2656.51,New,AT,0,Ecom,2024-09-27
Austria,1873.0,New,AT,0,Stores,2024-09-27
Austria,1478.7,Returning,AT,0,Ecom,2024-09-27
Austria,1055.81,Returning,AT,0,Stores,2024-09-27
Austria,1110.78,New,AT,0,Ecom,2024-09-28
Austria,628.24,New,AT,0,Stores,2024-09-28
Austria,3527.44,Returning,AT,0,Ecom,2024-09-28
Austria,799.97,Returning,AT,0,Stores,2024-09-28
Austria,1284.19,New,AT,0,Ecom,2024-09-29
Austria,553.4,New,AT,0,Stores,2024-09-29
Austria,3510.6,Returning,AT,0,Ecom,2024-09-29
Austria,339.73,Returning,AT,0,Stores,2024-09-29
Austria,1023.1,New,AT,0,Ecom,2024-09-30
Austria,385.83,New,AT,0,Stores,2024-09-30
Austria,3767.2,Returning,AT,0,Ecom,2024-09-30
Austria,368.86,Returning,AT,0,Stores,2024-09-30
Austria,3220.65,New,AT,0,Ecom,2024-10-01
Austria,1522.36,New,AT,0,Stores,2024-10-01
Austria,1073.14,Returning,AT,0,Ecom,2024-10-01
Austria,289.65,Returning,AT,0,Stores,2024-10-01
Austria,3557.5,New,AT,0,Ecom,2024-10-02
Austria,522.52,New,AT,0,Stores,2024-10-02
Austria,1598.96,Returning,AT,0,Ecom,2024-10-02
Austria,1122.01,Returning,AT,0,Stores,2024-10-02
Austria,2781.76,New,AT,0,Ecom,2024-10-03
Austria,2013.99,New,AT,0,Stores,2024-10-03
Austria,1484.6,Returning,AT,0,Ecom,2024-10-03
Austria,888.51,Returning,AT,0,Stores,2024-10-03
Austria,3115.85,New,AT,0,Ecom,2024-10-04
Austria,1912.07,New,AT,0,Stores,2024-10-04
Austria,264.9,Returning,AT,0,Ecom,2024-10-04
Austria,969.59,Returning,AT,0,Stores,2024-10-04
Austria,1783.21,New,AT,0,Ecom,2024-10-05
Austria,2069.01,New,AT,0,Stores,2024-10-05
Austria,732.93,Returning,AT,0,Ecom,2024-10-05
Austria,1447.33,Returning,AT,0,Stores,2024-10-05
Austria,1344.97,New,AT,0,Ecom,2024-10-06
Austria,3213.45,New,AT,0,Stores,2024-10-06
Austria,1193.39,Returning,AT,0,Ecom,2024-10-06
Austria,1093.46,Returning,AT,0,Stores,2024-10-06
Austria,1531.73,New,AT,0,Ecom,2024-10-07
Austria,2760.25,New,AT,0,Stores,2024-10-07
Austria,2103.81,Returning,AT,0,Ecom,2024-10-07
Austria,455.03,Returning,AT,0,Stores,2024-10-07
Austria,2614.07,New,AT,0,Ecom,2024-10-08
Austria,515.77,New,AT,0,Stores,2024-10-08
Austria,3460.73,Returning,AT,0,Ecom,2024-10-08
Austria,552.4,Returning,AT,0,Stores,2024-10-08
Austria,1362.94,New,AT,0,Ecom,2024-10-09
Austria,3584.06,New,AT,0,Stores,2024-10-09
Austria,518.12,Returning,AT,0,Ecom,2024-10-09
Austria,234.84,Returning,AT,0,Stores,2024-10-09
Austria,4114.64,New,AT,0,Ecom,2024-10-10
Austria,962.59,New,AT,0,Stores,2024-10-10
Austria,974.93,Returning,AT,0,Ecom,2024-10-10
Austria,563.68,Returning,AT,0,Stores,2024-10-10
Austria,3087.58,New,AT,0,Ecom,2024-10-11
Austria,1158.17,New,AT,0,Stores,2024-10-11
Austria,2670.09,Returning,AT,0,Ecom,2024-10-11
Austria,136.26,Returning,AT,0,Stores,2024-10-11
Austria,2987.14,New,AT,0,Ecom,2024-10-12
Austria,147.92,New,AT,0,Stores,2024-10-12
Austria,882.46,Returning,AT,0,Ecom,2024-10-12
Austria,1540.59,Returning,AT,0,Stores,2024-10-12
Austria,1814.36,New,AT,0,Ecom,2024-10-13
Austria,3014.75,New,AT,0,Stores,2024-10-13
Austria,1992.36,Returning,AT,0,Ecom,2024-10-13
Austria,425.78,Returning,AT,0,Stores,2024-10-13
Austria,4791.27,New,AT,0,Ecom,2024-10-14
Austria,845.93,New,AT,0,Stores,2024-10-14
Austria,527.82,Returning,AT,0,Ecom,2024-10-14
Austria,905.93,Returning,AT,0,Stores,2024-10-14
Austria,1349.87,New,AT,0,Ecom,2024-10-15
Austria,396.22,New,AT,0,Stores,2024-10-15
Austria,3427.3,Returning,AT,0,Ecom,2024-10-15
Austria,1495.19,Returning,AT,0,Stores,2024-10-15
Austria,2470.47,New,AT,0,Ecom,2024-10-16
Austria,757.89,New,AT,0,Stores,2024-10-16
Austria,1684.02,Returning,AT,0,Ecom,2024-10-16
Austria,696.56,Returning,AT,0,Stores,2024-10-16
Austria,2269.59,New,AT,0,Ecom,2024-10-17
Austria,1395.88,New,AT,0,Stores,2024-10-17
Austria,2826.19,Returning,AT,0,Ecom,2024-10-17
Austria,65.46,Returning,AT,0,Stores,2024-10-17
Austria,1374.87,New,AT,0,Ecom,2024-10-18
Austria,1176.29,New,AT,0,Stores,2024-10-18
Austria,2764.68,Returning,AT,0,Ecom,2024-10-18
Austria,95.46,Returning,AT,0,Stores,2024-10-18
Austria,2317.85,New,AT,0,Ecom,2024-10-19
Austria,1517.57,New,AT,0,Stores,2024-10-19
Austria,1352.89,Returning,AT,0,Ecom,2024-10-19
Austria,719.86,Returning,AT,0,Stores,2024-10-19
Austria,1926.67,New,AT,0,Ecom,2024-10-20
Austria,1265.71,New,AT,0,Stores,2024-10-20
Austria,3331.48,Returning,AT,0,Ecom,2024-10-20
Austria,109.04,Returning,AT,0,Stores,2024-10-20
Austria,2111.66,New,AT,0,Ecom,2024-10-21
Austria,1591.2,New,AT,0,Stores,2024-10-21
Austria,1785.46,Returning,AT,0,Ecom,2024-10-21
Austria,578.63,Returning,AT,0,Stores,2024-10-21
Austria,2397.73,New,AT,0,Ecom,2024-10-22
Austria,1763.02,New,AT,0,Stores,2024-10-22
Austria,1539.41,Returning,AT,0,Ecom,2024-10-22
Austria,264.12,Returning,AT,0,Stores,2024-10-22
Austria,1671.64,New,AT,0,Ecom,2024-10-23
Austria,3305.6,New,AT,0,Stores,2024-10-23
Austria,1177.63,Returning,AT,0,Ecom,2024-10-23
Austria,10.02,Returning,AT,0,Stores,2024-10-23
Austria,3471.82,New,AT,0,Ecom,2024-10-24
Austria,2006.99,New,AT,0,Stores,2024-10-24
Austria,410.24,Returning,AT,0,Ecom,2024-10-24
Austria,46.56,Returning,AT,0,Stores,2024-10-24
Austria,2314.86,New,AT,0,Ecom,2024-10-25
Austria,1255.24,New,AT,0,Stores,2024-10-25
Austria,2658.45,Returning,AT,0,Ecom,2024-10-25
Austria,308.07,Returning,AT,0,Stores,2024-10-25
Austria,2147.44,New,AT,0,Ecom,2024-10-26
Austria,702.94,New,AT,0,Stores,2024-10-26
Austria,968.01,Returning,AT,0,Ecom,2024-10-26
Austria,2672.35,Returning,AT,0,Stores,2024-10-26
Austria,2200.79,New,AT,0,Ecom,2024-10-27
Austria,1240.7,New,AT,0,Stores,2024-10-27
Austria,1782.5,Returning,AT,0,Ecom,2024-10-27
Austria,505.43,Returning,AT,0,Stores,2024-10-27
Austria,3106.63,New,AT,0,Ecom,2024-10-28
Austria,1525.88,New,AT,0,Stores,2024-10-28
Austria,1749.05,Returning,AT,0,Ecom,2024-10-28
Austria,210.95,Returning,AT,0,Stores,2024-10-28
Austria,1846.44,New,AT,0,Ecom,2024-10-29
Austria,1015.89,New,AT,0,Stores,2024-10-29
Austria,2394.09,Returning,AT,0,Ecom,2024-10-29
Austria,1651.96,Returning,AT,0,Stores,2024-10-29
Austria,1555.17,New,AT,0,Ecom,2024-10-30
Austria,1287.91,New,AT,0,Stores,2024-10-30
Austria,3301.03,Returning,AT,0,Ecom,2024-10-30
Austria,151.69,Returning,AT,0,Stores,2024-10-30
Austria,3222.68,New,AT,0,Ecom,2024-10-31
Austria,1303.14,New,AT,0,Stores,2024-10-31
Austria,2107.75,Returning,AT,0,Ecom,2024-10-31
Austria,439.77,Returning,AT,0,Stores,2024-10-31
Austria,392.26,New,AT,0,Ecom,2024-11-01
Austria,1353.21,New,AT,0,Stores,2024-11-01
Austria,4398.55,Returning,AT,0,Ecom,2024-11-01
Austria,717.16,Returning,AT,0,Stores,2024-11-01
Austria,2326.15,New,AT,0,Ecom,2024-11-02
Austria,359.45,New,AT,0,Stores,2024-11-02
Austria,2734.92,Returning,AT,0,Ecom,2024-11-02
Austria,421.67,Returning,AT,0,Stores,2024-11-02
Austria,1748.5,New,AT,0,Ecom,2024-11-03
Austria,3314.6,New,AT,0,Stores,2024-11-03
Austria,477.92,Returning,AT,0,Ecom,2024-11-03
Austria,463.87,Returning,AT,0,Stores,2024-11-03
Austria,2188.54,New,AT,0,Ecom,2024-11-04
Austria,920.74,New,AT,0,Stores,2024-11-04
Austria,2526.04,Returning,AT,0,Ecom,2024-11-04
Austria,26.31,Returning,AT,0,Stores,2024-11-04
Austria,3179.7,New,AT,0,Ecom,2024-11-05
Austria,367.91,New,AT,0,Stores,2024-11-05
Austria,1519.89,Returning,AT,0,Ecom,2024-11-05
Austria,1191.28,Returning,AT,0,Stores,2024-11-05
Austria,3625.36,New,AT,0,Ecom,2024-11-06
Austria,880.74,New,AT,0,Stores,2024-11-06
Austria,652.11,Returning,AT,0,Ecom,2024-11-06
Austria,840.46,Returning,AT,0,Stores,2024-11-06
Austria,2099.12,New,AT,0,Ecom,2024-11-07
Austria,2753.96,New,AT,0,Stores,2024-11-07
Austria,474.8,Returning,AT,0,Ecom,2024-11-07
Austria,492.89,Returning,AT,0,Stores,2024-11-07
Austria,858.41,New,AT,0,Ecom,2024-11-08
Austria,2778.88,New,AT,0,Stores,2024-11-08
Austria,2197.27,Returning,AT,0,Ecom,2024-11-08
Austria,268.53,Returning,AT,0,Stores,2024-11-08
Austria,1729.27,New,AT,0,Ecom,2024-11-09
Austria,938.96,New,AT,0,Stores,2024-11-09
Austria,2744.1,Returning,AT,0,Ecom,2024-11-09
Austria,369.6,Returning,AT,0,Stores,2024-11-09
Austria,2153.26,New,AT,0,Ecom,2024-11-10
Austria,1662.36,New,AT,0,Stores,2024-11-10
Austria,812.15,Returning,AT,0,Ecom,2024-11-10
Austria,1854.96,Returning,AT,0,Stores,2024-11-10
Austria,2487.33,New,AT,0,Ecom,2024-11-11
Austria,2230.81,New,AT,0,Stores,2024-11-11
Austria,524.93,Returning,AT,0,Ecom,2024-11-11
Austria,574.39,Returning,AT,0,Stores,2024-11-11
Austria,2091.05,New,AT,0,Ecom,2024-11-12
Austria,869.81,New,AT,0,Stores,2024-11-12
Austria,2694.3,Returning,AT,0,Ecom,2024-11-12
Austria,599.18,Returning,AT,0,Stores,2024-11-12
Austria,3210.88,New,AT,0,Ecom,2024-11-13
Austria,1246.73,New,AT,0,Stores,2024-11-13
Austria,760.13,Returning,AT,0,Ecom,2024-11-13
Austria,1080.14,Returning,AT,0,Stores,2024-11-13
Austria,3136.87,New,AT,0,Ecom,2024-11-14
Austria,1421.93,New,AT,0,Stores,2024-11-14
Austria,1272.82,Returning,AT,0,Ecom,2024-11-14
Austria,391.73,Returning,AT,0,Stores,2024-11-14
Austria,2895.25,New,AT,0,Ecom,2024-11-15
Austria,1018.7,New,AT,0,Stores,2024-11-15
Austria,1571.31,Returning,AT,0,Ecom,2024-11-15
Austria,1681.35,Returning,AT,0,Stores,2024-11-15
Austria,2336.29,New,AT,0,Ecom,2024-11-16
Austria,2135.48,New,AT,0,Stores,2024-11-16
Austria,1069.06,Returning,AT,0,Ecom,2024-11-16
Austria,620.05,Returning,AT,0,Stores,2024-11-16
Austria,1952.73,New,AT,0,Ecom,2024-11-17
Austria,909.95,New,AT,0,Stores,2024-11-17
Austria,760.51,Returning,AT,0,Ecom,2024-11-17
Austria,2454.92,Returning,AT,0,Stores,2024-11-17
Austria,947.62,New,AT,0,Ecom,2024-11-18
Austria,3144.4,New,AT,0,Stores,2024-11-18
Austria,1064.41,Returning,AT,0,Ecom,2024-11-18
Austria,727.85,Returning,AT,0,Stores,2024-11-18
Austria,5158.43,New,AT,0,Ecom,2024-11-19
Austria,32.01,New,AT,0,Stores,2024-11-19
Austria,632.55,Returning,AT,0,Ecom,2024-11-19
Austria,486.77,Returning,AT,0,Stores,2024-11-19
Austria,2702.64,New,AT,0,Ecom,2024-11-20
Austria,477.05,New,AT,0,Stores,2024-11-20
Austria,1550.61,Returning,AT,0,Ecom,2024-11-20
Austria,1176.96,Returning,AT,0,Stores,2024-11-20
Austria,4200.58,New,AT,0,Ecom,2024-11-21
Austria,846.21,New,AT,0,Stores,2024-11-21
Austria,1402.71,Returning,AT,0,Ecom,2024-11-21
Austria,541.13,Returning,AT,0,Stores,2024-11-21
Austria,1151.38,New,AT,0,Ecom,2024-11-22
Austria,1571.02,New,AT,0,Stores,2024-11-22
Austria,3465.15,Returning,AT,0,Ecom,2024-11-22
Austria,834.34,Returning,AT,0,Stores,2024-11-22
Austria,4269.54,New,AT,0,Ecom,2024-11-23
Austria,1427.03,New,AT,0,Stores,2024-11-23
Austria,1618.37,Returning,AT,0,Ecom,2024-11-23
Austria,158.76,Returning,AT,0,Stores,2024-11-23
Austria,3246.89,New,AT,0,Ecom,2024-11-24
Austria,1872.46,New,AT,0,Stores,2024-11-24
Austria,1234.3,Returning,AT,0,Ecom,2024-11-24
Austria,587.42,Returning,AT,0,Stores,2024-11-24
Austria,4273.3,New,AT,0,Ecom,2024-11-25
Austria,1134.99,New,AT,0,Stores,2024-11-25
Austria,859.5,Returning,AT,0,Ecom,2024-11-25
Austria,31.83,Returning,AT,0,Stores,2024-11-25
Austria,3487.46,New,AT,0,Ecom,2024-11-26
Austria,1304.71,New,AT,0,Stores,2024-11-26
Austria,467.36,Returning,AT,0,Ecom,2024-11-26
Austria,644.19,Returning,AT,0,Stores,2024-11-26
Austria,1666.2,New,AT,0,Ecom,2024-11-27
Austria,865.31,New,AT,0,Stores,2024-11-27
Austria,1924.43,Returning,AT,0,Ecom,2024-11-27
Austria,601.73,Returning,AT,0,Stores,2024-11-27
Austria,1786.73,New,AT,0,Ecom,2024-11-28
Austria,1817.29,New,AT,0,Stores,2024-11-28
Austria,2725.95,Returning,AT,0,Ecom,2024-11-28
Austria,43.09,Returning,AT,0,Stores,2024-11-28
Austria,2754.83,New,AT,0,Ecom,2024-11-29
Austria,494.65,New,AT,0,Stores,2024-11-29
Austria,2969.13,Returning,AT,0,Ecom,2024-11-29
Austria,452.57,Returning,AT,0,Stores,2024-11-29
Austria,2633.01,New,AT,0,Ecom,2024-11-30
Austria,655.73,New,AT,0,Stores,2024-11-30
Austria,1237.28,Returning,AT,0,Ecom,2024-11-30
Austria,1611.46,Returning,AT,0,Stores,2024-11-30
Austria,2044.3,New,AT,0,Ecom,2024-12-01
Austria,1765.12,New,AT,0,Stores,2024-12-01
Austria,2215.52,Returning,AT,0,Ecom,2024-12-01
Austria,2605.49,Returning,AT,0,Stores,2024-12-01
Austria,4040.33,New,AT,0,Ecom,2024-12-02
Austria,848.14,New,AT,0,Stores,2024-12-02
Austria,1612.55,Returning,AT,0,Ecom,2024-12-02
Austria,424.68,Returning,AT,0,Stores,2024-12-02
Austria,885.23,New,AT,0,Ecom,2024-12-03
Austria,3548.03,New,AT,0,Stores,2024-12-03
Austria,943.54,Returning,AT,0,Ecom,2024-12-03
Austria,1840.61,Returning,AT,0,Stores,2024-12-03
Austria,1063.68,New,AT,0,Ecom,2024-12-04
Austria,2717.36,New,AT,0,Stores,2024-12-04
Austria,2572.7,Returning,AT,0,Ecom,2024-12-04
Austria,295.41,Returning,AT,0,Stores,2024-12-04
Austria,3621.96,New,AT,0,Ecom,2024-12-05
Austria,635.99,New,AT,0,Stores,2024-12-05
Austria,1646.31,Returning,AT,0,Ecom,2024-12-05
Austria,264.8,Returning,AT,0,Stores,2024-12-05
Austria,1156.28,New,AT,0,Ecom,2024-12-06
Austria,3777.8,New,AT,0,Stores,2024-12-06
Austria,597.36,Returning,AT,0,Ecom,2024-12-06
Austria,208.83,Returning,AT,0,Stores,2024-12-06
Austria,2013.04,New,AT,0,Ecom,2024-12-07
Austria,1567.12,New,AT,0,Stores,2024-12-07
Austria,1601.08,Returning,AT,0,Ecom,2024-12-07
Austria,1027.53,Returning,AT,0,Stores,2024-12-07
Austria,2685.73,New,AT,0,Ecom,2024-12-08
Austria,1430.09,New,AT,0,Stores,2024-12-08
Austria,1025.12,Returning,AT,0,Ecom,2024-12-08
Austria,446.33,Returning,AT,0,Stores,2024-12-08
Austria,2882.43,New,AT,0,Ecom,2024-12-09
Austria,1645.23,New,AT,0,Stores,2024-12-09
Austria,1243.25,Returning,AT,0,Ecom,2024-12-09
Austria,557.94,Returning,AT,0,Stores,2024-12-09
Austria,2650.76,New,AT,0,Ecom,2024-12-10
Austria,1568.82,New,AT,0,Stores,2024-12-10
Austria,1174.03,Returning,AT,0,Ecom,2024-12-10
Austria,1043.42,Returning,AT,0,Stores,2024-12-10
Austria,1284.27,New,AT,0,Ecom,2024-12-11
Austria,1745.75,New,AT,0,Stores,2024-12-11
Austria,1616.43,Returning,AT,0,Ecom,2024-12-11
Austria,1488.19,Returning,AT,0,Stores,2024-12-11
Austria,1313.82,New,AT,0,Ecom,2024-12-12
Austria,3682.0,New,AT,0,Stores,2024-12-12
Austria,1091.17,Returning,AT,0,Ecom,2024-12-12
Austria,346.46,Returning,AT,0,Stores,2024-12-12
Austria,1720.76,New,AT,0,Ecom,2024-12-13
Austria,3384.9,New,AT,0,Stores,2024-12-13
Austria,1020.32,Returning,AT,0,Ecom,2024-12-13
Austria,0.76,Returning,AT,0,Stores,2024-12-13
Austria,1322.87,New,AT,0,Ecom,2024-12-14
Austria,1682.54,New,AT,0,Stores,2024-12-14
Austria,2086.71,Returning,AT,0,Ecom,2024-12-14
Austria,682.56,Returning,AT,0,Stores,2024-12-14
Austria,1765.48,New,AT,0,Ecom,2024-12-15
Austria,1801.95,New,AT,0,Stores,2024-12-15
Austria,2684.3,Returning,AT,0,Ecom,2024-12-15
Austria,115.25,Returning,AT,0,Stores,2024-12-15
Austria,2117.2,New,AT,0,Ecom,2024-12-16
Austria,1579.98,New,AT,0,Stores,2024-12-16
Austria,1135.44,Returning,AT,0,Ecom,2024-12-16
Austria,898.49,Returning,AT,0,Stores,2024-12-16
Austria,3885.13,New,AT,0,Ecom,2024-12-17
Austria,1442.36,New,AT,0,Stores,2024-12-17
Austria,299.98,Returning,AT,0,Ecom,2024-12-17
Austria,531.55,Returning,AT,0,Stores,2024-12-17
Austria,2784.4,New,AT,0,Ecom,2024-12-18
Austria,1277.17,New,AT,0,Stores,2024-12-18
Austria,3329.18,Returning,AT,0,Ecom,2024-12-18
Austria,466.27,Returning,AT,0,Stores,2024-12-18
Austria,3134.51,New,AT,0,Ecom,2024-12-19
Austria,930.64,New,AT,0,Stores,2024-12-19
Austria,1773.39,Returning,AT,0,Ecom,2024-12-19
Austria,597.74,Returning,AT,0,Stores,2024-12-19
Austria,2502.28,New,AT,0,Ecom,2024-12-20
Austria,273.72,New,AT,0,Stores,2024-12-20
Austria,2736.86,Returning,AT,0,Ecom,2024-12-20
Austria,340.2,Returning,AT,0,Stores,2024-12-20
Austria,2727.79,New,AT,0,Ecom,2024-12-21
Austria,611.15,New,AT,0,Stores,2024-12-21
Austria,3068.04,Returning,AT,0,Ecom,2024-12-21
Austria,543.9,Returning,AT,0,Stores,2024-12-21
Austria,1401.42,New,AT,0,Ecom,2024-12-22
Austria,2201.27,New,AT,0,Stores,2024-12-22
Austria,2539.76,Returning,AT,0,Ecom,2024-12-22
Austria,502.41,Returning,AT,0,Stores,2024-12-22
Austria,3373.71,New,AT,0,Ecom,2024-12-23
Austria,1423.78,New,AT,0,Stores,2024-12-23
Austria,1732.46,Returning,AT,0,Ecom,2024-12-23
Austria,373.22,Returning,AT,0,Stores,2024-12-23
Austria,1750.39,New,AT,0,Ecom,2024-12-24
Austria,1665.41,New,AT,0,Stores,2024-12-24
Austria,1726.75,Returning,AT,0,Ecom,2024-12-24
Austria,965.16,Returning,AT,0,Stores,2024-12-24
Austria,2918.36,New,AT,0,Ecom,2024-12-25
Austria,2282.59,New,AT,0,Stores,2024-12-25
Austria,937.37,Returning,AT,0,Ecom,2024-12-25
Austria,674.3,Returning,AT,0,Stores,2024-12-25
Austria,3375.99,New,AT,0,Ecom,2024-12-26
Austria,2335.89,New,AT,0,Stores,2024-12-26
Austria,662.12,Returning,AT,0,Ecom,2024-12-26
Austria,101.76,Returning,AT,0,Stores,2024-12-26
Austria,1697.26,New,AT,0,Ecom,2024-12-27
Austria,1661.25,New,AT,0,Stores,2024-12-27
Austria,1082.69,Returning,AT,0,Ecom,2024-12-27
Austria,1480.29,Returning,AT,0,Stores,2024-12-27
Austria,2130.89,New,AT,0,Ecom,2024-12-28
Austria,1848.97,New,AT,0,Stores,2024-12-28
Austria,1044.3,Returning,AT,0,Ecom,2024-12-28
Austria,2212.58,Returning,AT,0,Stores,2024-12-28
Austria,1886.76,New,AT,0,Ecom,2024-12-29
Austria,2141.86,New,AT,0,Stores,2024-12-29
Austria,1631.21,Returning,AT,0,Ecom,2024-12-29
Austria,548.54,Returning,AT,0,Stores,2024-12-29
Austria,3710.44,New,AT,0,Ecom,2024-12-30
Austria,1825.42,New,AT,0,Stores,2024-12-30
Austria,802.23,Returning,AT,0,Ecom,2024-12-30
Austria,320.79,Returning,AT,0,Stores,2024-12-30
Austria,2122.63,New,AT,0,Ecom,2024-12-31
Austria,796.66,New,AT,0,Stores,2024-12-31
Austria,2797.14,Returning,AT,0,Ecom,2024-12-31
Austria,248.12,Returning,AT,0,Stores,2024-12-31
Austria,1949.25,New,AT,0,Ecom,2025-01-01
Austria,1443.11,New,AT,0,Stores,2025-01-01
Austria,2366.44,Returning,AT,0,Ecom,2025-01-01
Austria,501.82,Returning,AT,0,Stores,2025-01-01
Austria,3728.98,New,AT,0,Ecom,2025-01-02
Austria,858.82,New,AT,0,Stores,2025-01-02
Austria,150.52,Returning,AT,0,Ecom,2025-01-02
Austria,1509.51,Returning,AT,0,Stores,2025-01-02
Austria,3628.4,New,AT,0,Ecom,2025-01-03
Austria,2334.58,New,AT,0,Stores,2025-01-03
Austria,569.64,Returning,AT,0,Ecom,2025-01-03
Austria,340.81,Returning,AT,0,Stores,2025-01-03
Austria,2881.66,New,AT,0,Ecom,2025-01-04
Austria,2400.41,New,AT,0,Stores,2025-01-04
Austria,460.13,Returning,AT,0,Ecom,2025-01-04
Austria,481.41,Returning,AT,0,Stores,2025-01-04
Austria,2124.35,New,AT,0,Ecom,2025-01-05
Austria,2596.68,New,AT,0,Stores,2025-01-05
Austria,1231.14,Returning,AT,0,Ecom,2025-01-05
Austria,2.26,Returning,AT,0,Stores,2025-01-05
Austria,3117.34,New,AT,0,Ecom,2025-01-06
Austria,675.61,New,AT,0,Stores,2025-01-06
Austria,1253.98,Returning,AT,0,Ecom,2025-01-06
Austria,1118.14,Returning,AT,0,Stores,2025-01-06
Austria,820.97,New,AT,0,Ecom,2025-01-07
Austria,1288.11,New,AT,0,Stores,2025-01-07
Austria,410.99,Returning,AT,0,Ecom,2025-01-07
Austria,2939.8,Returning,AT,0,Stores,2025-01-07
Austria,2083.32,New,AT,0,Ecom,2025-01-08
Austria,954.16,New,AT,0,Stores,2025-01-08
Austria,2389.74,Returning,AT,0,Ecom,2025-01-08
Austria,435.53,Returning,AT,0,Stores,2025-01-08
Austria,3595.57,New,AT,0,Ecom,2025-01-09
Austria,1257.82,New,AT,0,Stores,2025-01-09
Austria,478.85,Returning,AT,0,Ecom,2025-01-09
Austria,504.95,Returning,AT,0,Stores,2025-01-09
Austria,1808.07,New,AT,0,Ecom,2025-01-10
Austria,1155.11,New,AT,0,Stores,2025-01-10
Austria,1415.54,Returning,AT,0,Ecom,2025-01-10
Austria,2494.57,Returning,AT,0,Stores,2025-01-10
Austria,2777.02,New,AT,0,Ecom,2025-01-11
Austria,1996.0,New,AT,0,Stores,2025-01-11
Austria,1204.69,Returning,AT,0,Ecom,2025-01-11
Austria,953.1,Returning,AT,0,Stores,2025-01-11
Austria,762.14,New,AT,0,Ecom,2025-01-12
Austria,1906.48,New,AT,0,Stores,2025-01-12
Austria,4084.07,Returning,AT,0,Ecom,2025-01-12
Austria,13.42,Returning,AT,0,Stores,2025-01-12
Austria,1719.24,New,AT,0,Ecom,2025-01-13
Austria,1896.98,New,AT,0,Stores,2025-01-13
Austria,2110.33,Returning,AT,0,Ecom,2025-01-13
Austria,114.97,Returning,AT,0,Stores,2025-01-13
Austria,3639.02,New,AT,0,Ecom,2025-01-14
Austria,1681.42,New,AT,0,Stores,2025-01-14
Austria,1305.35,Returning,AT,0,Ecom,2025-01-14
Austria,382.09,Returning,AT,0,Stores,2025-01-14
Austria,1903.62,New,AT,0,Ecom,2025-01-15
Austria,1924.83,New,AT,0,Stores,2025-01-15
Austria,1887.42,Returning,AT,0,Ecom,2025-01-15
Austria,898.27,Returning,AT,0,Stores,2025-01-15
Austria,1575.02,New,AT,0,Ecom,2025-01-16
Austria,2761.39,New,AT,0,Stores,2025-01-16
Austria,1900.44,Returning,AT,0,Ecom,2025-01-16
Austria,259.74,Returning,AT,0,Stores,2025-01-16
Austria,2316.93,New,AT,0,Ecom,2025-01-17
Austria,2420.48,New,AT,0,Stores,2025-01-17
Austria,2186.87,Returning,AT,0,Ecom,2025-01-17
Austria,33.93,Returning,AT,0,Stores,2025-01-17
Austria,1425.26,New,AT,0,Ecom,2025-01-18
Austria,2533.22,New,AT,0,Stores,2025-01-18
Austria,547.35,Returning,AT,0,Ecom,2025-01-18
Austria,2034.25,Returning,AT,0,Stores,2025-01-18
Austria,1255.07,New,AT,0,Ecom,2025-01-19
Austria,2573.65,New,AT,0,Stores,2025-01-19
Austria,1080.1,Returning,AT,0,Ecom,2025-01-19
Austria,1344.99,Returning,AT,0,Stores,2025-01-19
Austria,3567.95,New,AT,0,Ecom,2025-01-20
Austria,1711.33,New,AT,0,Stores,2025-01-20
Austria,977.8,Returning,AT,0,Ecom,2025-01-20
Austria,1099.73,Returning,AT,0,Stores,2025-01-20
Austria,2206.43,New,AT,0,Ecom,2025-01-21
Austria,1687.63,New,AT,0,Stores,2025-01-21
Austria,2226.35,Returning,AT,0,Ecom,2025-01-21
Austria,194.29,Returning,AT,0,Stores,2025-01-21
Austria,1160.35,New,AT,0,Ecom,2025-01-22
Austria,2502.14,New,AT,0,Stores,2025-01-22
Austria,1611.91,Returning,AT,0,Ecom,2025-01-22
Austria,628.85,Returning,AT,0,Stores,2025-01-22
Austria,2111.75,New,AT,0,Ecom,2025-01-23
Austria,1549.85,New,AT,0,Stores,2025-01-23
Austria,1738.58,Returning,AT,0,Ecom,2025-01-23
Austria,742.28,Returning,AT,0,Stores,2025-01-23
Austria,1834.35,New,AT,0,Ecom,2025-01-24
Austria,1944.17,New,AT,0,Stores,2025-01-24
Austria,1646.74,Returning,AT,0,Ecom,2025-01-24
Austria,364.7,Returning,AT,0,Stores,2025-01-24
Austria,3692.84,New,AT,0,Ecom,2025-01-25
Austria,418.79,New,AT,0,Stores,2025-01-25
Austria,910.19,Returning,AT,0,Ecom,2025-01-25
Austria,239.22,Returning,AT,0,Stores,2025-01-25
Austria,1075.54,New,AT,0,Ecom,2025-01-26
Austria,1052.63,New,AT,0,Stores,2025-01-26
Austria,3531.55,Returning,AT,0,Ecom,2025-01-26
Austria,772.06,Returning,AT,0,Stores,2025-01-26
Austria,2556.26,New,AT,0,Ecom,2025-01-27
Austria,1921.44,New,AT,0,Stores,2025-01-27
Austria,1371.59,Returning,AT,0,Ecom,2025-01-27
Austria,285.06,Returning,AT,0,Stores,2025-01-27
Austria,3133.58,New,AT,0,Ecom,2025-01-28
Austria,1914.68,New,AT,0,Stores,2025-01-28
Austria,1607.2,Returning,AT,0,Ecom,2025-01-28
Austria,389.36,Returning,AT,0,Stores,2025-01-28
Austria,2479.06,New,AT,0,Ecom,2025-01-29
Austria,2190.84,New,AT,0,Stores,2025-01-29
Austria,1440.03,Returning,AT,0,Ecom,2025-01-29
Austria,733.57,Returning,AT,0,Stores,2025-01-29
Austria,1831.97,New,AT,0,Ecom,2025-01-30
Austria,947.21,New,AT,0,Stores,2025-01-30
Austria,3421.69,Returning,AT,0,Ecom,2025-01-30
Austria,994.46,Returning,AT,0,Stores,2025-01-30
Austria,1609.28,New,AT,0,Ecom,2025-01-31
Austria,1137.66,New,AT,0,Stores,2025-01-31
Austria,1381.87,Returning,AT,0,Ecom,2025-01-31
Austria,1529.1,Returning,AT,0,Stores,2025-01-31
Austria,2589.24,New,AT,0,Ecom,2025-02-01
Austria,848.98,New,AT,0,Stores,2025-02-01
Austria,643.45,Returning,AT,0,Ecom,2025-02-01
Austria,1908.05,Returning,AT,0,Stores,2025-02-01
Austria,1190.45,New,AT,0,Ecom,2025-02-02
Austria,657.93,New,AT,0,Stores,2025-02-02
Austria,3623.79,Returning,AT,0,Ecom,2025-02-02
Austria,189.27,Returning,AT,0,Stores,2025-02-02
Austria,893.59,New,AT,0,Ecom,2025-02-03
Austria,2023.59,New,AT,0,Stores,2025-02-03
Austria,1651.36,Returning,AT,0,Ecom,2025-02-03
Austria,2425.4,Returning,AT,0,Stores,2025-02-03
Austria,1312.26,New,AT,0,Ecom,2025-02-04
Austria,2430.82,New,AT,0,Stores,2025-02-04
Austria,1459.78,Returning,AT,0,Ecom,2025-02-04
Austria,274.74,Returning,AT,0,Stores,2025-02-04
Austria,3160.83,New,AT,0,Ecom,2025-02-05
Austria,761.17,New,AT,0,Stores,2025-02-05
Austria,376.28,Returning,AT,0,Ecom,2025-02-05
Austria,1533.06,Returning,AT,0,Stores,2025-02-05
Austria,3208.29,New,AT,0,Ecom,2025-02-06
Austria,1767.04,New,AT,0,Stores,2025-02-06
Austria,1608.62,Returning,AT,0,Ecom,2025-02-06
Austria,26.86,Returning,AT,0,Stores,2025-02-06
Austria,2230.9,New,AT,0,Ecom,2025-02-07
Austria,1485.1,New,AT,0,Stores,2025-02-07
Austria,2591.52,Returning,AT,0,Ecom,2025-02-07
Austria,147.0,Returning,AT,0,Stores,2025-02-07
Austria,1405.7,New,AT,0,Ecom,2025-02-08
Austria,3032.72,New,AT,0,Stores,2025-02-08
Austria,1417.82,Returning,AT,0,Ecom,2025-02-08
Austria,287.0,Returning,AT,0,Stores,2025-02-08
Austria,2524.55,New,AT,0,Ecom,2025-02-09
Austria,1171.16,New,AT,0,Stores,2025-02-09
Austria,308.27,Returning,AT,0,Ecom,2025-02-09
Austria,1189.99,Returning,AT,0,Stores,2025-02-09
Austria,4247.74,New,AT,0,Ecom,2025-02-10
Austria,672.54,New,AT,0,Stores,2025-02-10
Austria,674.72,Returning,AT,0,Ecom,2025-02-10
Austria,27.48,Returning,AT,0,Stores,2025-02-10
Austria,2749.41,New,AT,0,Ecom,2025-02-11
Austria,1125.72,New,AT,0,Stores,2025-02-11
Austria,815.04,Returning,AT,0,Ecom,2025-02-11
Austria,1248.57,Returning,AT,0,Stores,2025-02-11
Austria,3260.12,New,AT,0,Ecom,2025-02-12
Austria,1632.7,New,AT,0,Stores,2025-02-12
Austria,696.29,Returning,AT,0,Ecom,2025-02-12
Austria,411.76,Returning,AT,0,Stores,2025-02-12
Austria,2574.42,New,AT,0,Ecom,2025-02-13
Austria,1592.19,New,AT,0,Stores,2025-02-13
Austria,1822.89,Returning,AT,0,Ecom,2025-02-13
Austria,1111.75,Returning,AT,0,Stores,2025-02-13
Austria,949.42,New,AT,0,Ecom,2025-02-14
Austria,4511.24,New,AT,0,Stores,2025-02-14
Austria,631.08,Returning,AT,0,Ecom,2025-02-14
Austria,211.55,Returning,AT,0,Stores,2025-02-14
Austria,1546.46,New,AT,0,Ecom,2025-02-15
Austria,1331.39,New,AT,0,Stores,2025-02-15
Austria,1910.89,Returning,AT,0,Ecom,2025-02-15
Austria,1519.39,Returning,AT,0,Stores,2025-02-15
Austria,1160.4,New,AT,0,Ecom,2025-02-16
Austria,3344.19,New,AT,0,Stores,2025-02-16
Austria,924.51,Returning,AT,0,Ecom,2025-02-16
Austria,206.59,Returning,AT,0,Stores,2025-02-16
Austria,2583.7,New,AT,0,Ecom,2025-02-17
Austria,1129.76,New,AT,0,Stores,2025-02-17
Austria,1451.8,Returning,AT,0,Ecom,2025-02-17
Austria,1146.54,Returning,AT,0,Stores,2025-02-17
Austria,2356.77,New,AT,0,Ecom,2025-02-18
Austria,2040.6,New,AT,0,Stores,2025-02-18
Austria,2688.8,Returning,AT,0,Ecom,2025-02-18
Austria,88.04,Returning,AT,0,Stores,2025-02-18
Austria,1291.08,New,AT,0,Ecom,2025-02-19
Austria,2760.33,New,AT,0,Stores,2025-02-19
Austria,1100.63,Returning,AT,0,Ecom,2025-02-19
Austria,663.25,Returning,AT,0,Stores,2025-02-19
Austria,973.83,New,AT,0,Ecom,2025-02-20
Austria,623.65,New,AT,0,Stores,2025-02-20
Austria,3745.86,Returning,AT,0,Ecom,2025-02-20
Austria,991.6,Returning,AT,0,Stores,2025-02-20
Austria,2664.67,New,AT,0,Ecom,2025-02-21
Austria,542.7,New,AT,0,Stores,2025-02-21
Austria,1715.83,Returning,AT,0,Ecom,2025-02-21
Austria,1437.52,Returning,AT,0,Stores,2025-02-21
Austria,1360.81,New,AT,0,Ecom,2025-02-22
Austria,947.85,New,AT,0,Stores,2025-02-22
Austria,3191.06,Returning,AT,0,Ecom,2025-02-22
Austria,465.64,Returning,AT,0,Stores,2025-02-22
Austria,1610.68,New,AT,0,Ecom,2025-02-23
Austria,3299.64,New,AT,0,Stores,2025-02-23
Austria,2132.65,Returning,AT,0,Ecom,2025-02-23
Austria,214.3,Returning,AT,0,Stores,2025-02-23
Austria,1824.61,New,AT,0,Ecom,2025-02-24
Austria,833.69,New,AT,0,Stores,2025-02-24
Austria,1406.01,Returning,AT,0,Ecom,2025-02-24
Austria,2152.2,Returning,AT,0,Stores,2025-02-24
Austria,2691.41,New,AT,0,Ecom,2025-02-25
Austria,639.72,New,AT,0,Stores,2025-02-25
Austria,1211.35,Returning,AT,0,Ecom,2025-02-25
Austria,1683.14,Returning,AT,0,Stores,2025-02-25
Austria,1730.03,New,AT,0,Ecom,2025-02-26
Austria,1065.34,New,AT,0,Stores,2025-02-26
Austria,1511.36,Returning,AT,0,Ecom,2025-02-26
Austria,1417.65,Returning,AT,0,Stores,2025-02-26
Austria,2046.51,New,AT,0,Ecom,2025-02-27
Austria,1551.63,New,AT,0,Stores,2025-02-27
Austria,1509.16,Returning,AT,0,Ecom,2025-02-27
Austria,687.01,Returning,AT,0,Stores,2025-02-27
Austria,2141.97,New,AT,0,Ecom,2025-02-28
Austria,580.29,New,AT,0,Stores,2025-02-28
Austria,422.45,Returning,AT,0,Ecom,2025-02-28
Austria,3126.18,Returning,AT,0,Stores,2025-02-28
Austria,2548.88,New,AT,0,Ecom,2025-03-01
Austria,1894.65,New,AT,0,Stores,2025-03-01
Austria,2381.09,Returning,AT,0,Ecom,2025-03-01
Austria,205.18,Returning,AT,0,Stores,2025-03-01
Austria,2226.11,New,AT,0,Ecom,2025-03-02
Austria,1207.98,New,AT,0,Stores,2025-03-02
Austria,2015.08,Returning,AT,0,Ecom,2025-03-02
Austria,636.06,Returning,AT,0,Stores,2025-03-02
Austria,1761.1,New,AT,0,Ecom,2025-03-03
Austria,2051.46,New,AT,0,Stores,2025-03-03
Austria,1105.9,Returning,AT,0,Ecom,2025-03-03
Austria,1389.84,Returning,AT,0,Stores,2025-03-03
Austria,701.52,New,AT,0,Ecom,2025-03-04
Austria,3347.96,New,AT,0,Stores,2025-03-04
Austria,1284.03,Returning,AT,0,Ecom,2025-03-04
Austria,929.99,Returning,AT,0,Stores,2025-03-04
Austria,2635.88,New,AT,0,Ecom,2025-03-05
Austria,830.68,New,AT,0,Stores,2025-03-05
Austria,2414.55,Returning,AT,0,Ecom,2025-03-05
Austria,398.25,Returning,AT,0,Stores,2025-03-05
Austria,2399.8,New,AT,0,Ecom,2025-03-06
Austria,1897.58,New,AT,0,Stores,2025-03-06
Austria,1161.26,Returning,AT,0,Ecom,2025-03-06
Austria,201.82,Returning,AT,0,Stores,2025-03-06
Austria,3899.87,New,AT,0,Ecom,2025-03-07
Austria,1999.81,New,AT,0,Stores,2025-03-07
Austria,96.95,Returning,AT,0,Ecom,2025-03-07
Austria,276.85,Returning,AT,0,Stores,2025-03-07
Austria,1848.1,New,AT,0,Ecom,2025-03-08
Austria,890.78,New,AT,0,Stores,2025-03-08
Austria,2774.49,Returning,AT,0,Ecom,2025-03-08
Austria,449.64,Returning,AT,0,Stores,2025-03-08
Austria,2671.56,New,AT,0,Ecom,2025-03-09
Austria,2112.85,New,AT,0,Stores,2025-03-09
Austria,919.8,Returning,AT,0,Ecom,2025-03-09
Austria,1285.12,Returning,AT,0,Stores,2025-03-09
Austria,2800.64,New,AT,0,Ecom,2025-03-10
Austria,870.28,New,AT,0,Stores,2025-03-10
Austria,2975.65,Returning,AT,0,Ecom,2025-03-10
Austria,659.49,Returning,AT,0,Stores,2025-03-10
Austria,2905.29,New,AT,0,Ecom,2025-03-11
Austria,1660.13,New,AT,0,Stores,2025-03-11
Austria,937.56,Returning,AT,0,Ecom,2025-03-11
Austria,216.29,Returning,AT,0,Stores,2025-03-11
Austria,2291.2,New,AT,0,Ecom,2025-03-12
Austria,1987.4,New,AT,0,Stores,2025-03-12
Austria,1923.74,Returning,AT,0,Ecom,2025-03-12
Austria,196.14,Returning,AT,0,Stores,2025-03-12
Austria,1725.31,New,AT,0,Ecom,2025-03-13
Austria,3721.57,New,AT,0,Stores,2025-03-13
Austria,650.47,Returning,AT,0,Ecom,2025-03-13
Austria,262.88,Returning,AT,0,Stores,2025-03-13
Austria,2336.7,New,AT,0,Ecom,2025-03-14
Austria,1923.25,New,AT,0,Stores,2025-03-14
Austria,22.96,Returning,AT,0,Ecom,2025-03-14
Austria,2019.56,Returning,AT,0,Stores,2025-03-14
Austria,2833.74,New,AT,0,Ecom,2025-03-15
Austria,1141.04,New,AT,0,Stores,2025-03-15
Austria,380.92,Returning,AT,0,Ecom,2025-03-15
Austria,1885.48,Returning,AT,0,Stores,2025-03-15
Austria,394.69,New,AT,0,Ecom,2025-03-16
Austria,2739.61,New,AT,0,Stores,2025-03-16
Austria,1205.09,Returning,AT,0,Ecom,2025-03-16
Austria,1504.71,Returning,AT,0,Stores,2025-03-16
Austria,3828.92,New,AT,0,Ecom,2025-03-17
Austria,890.63,New,AT,0,Stores,2025-03-17
Austria,847.0,Returning,AT,0,Ecom,2025-03-17
Austria,258.13,Returning,AT,0,Stores,2025-03-17
Austria,787.18,New,AT,0,Ecom,2025-03-18
Austria,1058.68,New,AT,0,Stores,2025-03-18
Austria,3943.61,Returning,AT,0,Ecom,2025-03-18
Austria,198.45,Returning,AT,0,Stores,2025-03-18
Austria,3864.83,New,AT,0,Ecom,2025-03-19
Austria,1976.98,New,AT,0,Stores,2025-03-19
Austria,1915.64,Returning,AT,0,Ecom,2025-03-19
Austria,533.67,Returning,AT,0,Stores,2025-03-19
Austria,523.98,New,AT,0,Ecom,2025-03-20
Austria,4574.14,New,AT,0,Stores,2025-03-20
Austria,2152.87,Returning,AT,0,Ecom,2025-03-20
Austria,496.41,Returning,AT,0,Stores,2025-03-20
Austria,2173.21,New,AT,0,Ecom,2025-03-21
Austria,3192.26,New,AT,0,Stores,2025-03-21
Austria,609.46,Returning,AT,0,Ecom,2025-03-21
Austria,633.87,Returning,AT,0,Stores,2025-03-21
Austria,1519.97,New,AT,0,Ecom,2025-03-22
Austria,4359.52,New,AT,0,Stores,2025-03-22
Austria,216.87,Returning,AT,0,Ecom,2025-03-22
Austria,606.79,Returning,AT,0,Stores,2025-03-22
Austria,1499.67,New,AT,0,Ecom,2025-03-23
Austria,737.06,New,AT,0,Stores,2025-03-23
Austria,3391.59,Returning,AT,0,Ecom,2025-03-23
Austria,657.61,Returning,AT,0,Stores,2025-03-23
Austria,2848.73,New,AT,0,Ecom,2025-03-24
Austria,1421.57,New,AT,0,Stores,2025-03-24
Austria,1280.78,Returning,AT,0,Ecom,2025-03-24
Austria,192.98,Returning,AT,0,Stores,2025-03-24
Austria,1629.0,New,AT,0,Ecom,2025-03-25
Austria,2506.62,New,AT,0,Stores,2025-03-25
Austria,1232.07,Returning,AT,0,Ecom,2025-03-25
Austria,1836.3,Returning,AT,0,Stores,2025-03-25
Austria,2360.63,New,AT,0,Ecom,2025-03-26
Austria,1684.98,New,AT,0,Stores,2025-03-26
Austria,1457.87,Returning,AT,0,Ecom,2025-03-26
Austria,331.75,Returning,AT,0,Stores,2025-03-26
Austria,3582.99,New,AT,0,Ecom,2025-03-27
Austria,2570.86,New,AT,0,Stores,2025-03-27
Austria,2262.51,Returning,AT,0,Ecom,2025-03-27
Austria,172.75,Returning,AT,0,Stores,2025-03-27
Austria,1525.01,New,AT,0,Ecom,2025-03-28
Austria,2482.29,New,AT,0,Stores,2025-03-28
Austria,2130.83,Returning,AT,0,Ecom,2025-03-28
Austria,12.76,Returning,AT,0,Stores,2025-03-28
Austria,1351.35,New,AT,0,Ecom,2025-03-29
Austria,2258.19,New,AT,0,Stores,2025-03-29
Austria,1383.42,Returning,AT,0,Ecom,2025-03-29
Austria,2066.3,Returning,AT,0,Stores,2025-03-29
Austria,1519.25,New,AT,0,Ecom,2025-03-30
Austria,1994.88,New,AT,0,Stores,2025-03-30
Austria,1759.99,Returning,AT,0,Ecom,2025-03-30
Austria,1495.22,Returning,AT,0,Stores,2025-03-30
Austria,1507.42,New,AT,0,Ecom,2025-03-31
Austria,3790.04,New,AT,0,Stores,2025-03-31
Austria,468.84,Returning,AT,0,Ecom,2025-03-31
Austria,465.21,Returning,AT,0,Stores,2025-03-31
Austria,1043.32,New,AT,0,Ecom,2025-04-01
Austria,812.11,New,AT,0,Stores,2025-04-01
Austria,2987.76,Returning,AT,0,Ecom,2025-04-01
Austria,1196.31,Returning,AT,0,Stores,2025-04-01
Austria,2132.48,New,AT,0,Ecom,2025-04-02
Austria,1115.53,New,AT,0,Stores,2025-04-02
Austria,968.75,Returning,AT,0,Ecom,2025-04-02
Austria,2249.04,Returning,AT,0,Stores,2025-04-02
Austria,2116.46,New,AT,0,Ecom,2025-04-03
Austria,2637.49,New,AT,0,Stores,2025-04-03
Austria,1361.75,Returning,AT,0,Ecom,2025-04-03
Austria,935.16,Returning,AT,0,Stores,2025-04-03
Austria,3258.93,New,AT,0,Ecom,2025-04-04
Austria,365.24,New,AT,0,Stores,2025-04-04
Austria,1590.74,Returning,AT,0,Ecom,2025-04-04
Austria,1469.78,Returning,AT,0,Stores,2025-04-04
Austria,1126.64,New,AT,0,Ecom,2025-04-05
Austria,1745.12,New,AT,0,Stores,2025-04-05
Austria,2816.42,Returning,AT,0,Ecom,2025-04-05
Austria,604.44,Returning,AT,0,Stores,2025-04-05
Austria,2311.8,New,AT,0,Ecom,2025-04-06
Austria,2284.05,New,AT,0,Stores,2025-04-06
Austria,611.03,Returning,AT,0,Ecom,2025-04-06
Austria,640.22,Returning,AT,0,Stores,2025-04-06
Austria,805.63,New,AT,0,Ecom,2025-04-07
Austria,2701.89,New,AT,0,Stores,2025-04-07
Austria,2971.92,Returning,AT,0,Ecom,2025-04-07
Austria,224.24,Returning,AT,0,Stores,2025-04-07
Austria,2171.07,New,AT,0,Ecom,2025-04-08
Austria,1382.32,New,AT,0,Stores,2025-04-08
Austria,2306.55,Returning,AT,0,Ecom,2025-04-08
Austria,291.55,Returning,AT,0,Stores,2025-04-08
Austria,2283.74,New,AT,0,Ecom,2025-04-09
Austria,1363.57,New,AT,0,Stores,2025-04-09
Austria,1931.04,Returning,AT,0,Ecom,2025-04-09
Austria,479.55,Returning,AT,0,Stores,2025-04-09
Austria,3069.65,New,AT,0,Ecom,2025-04-10
Austria,1481.03,New,AT,0,Stores,2025-04-10
Austria,387.88,Returning,AT,0,Ecom,2025-04-10
Austria,1491.63,Returning,AT,0,Stores,2025-04-10
Austria,4488.43,New,AT,0,Ecom,2025-04-11
Austria,522.96,New,AT,0,Stores,2025-04-11
Austria,442.79,Returning,AT,0,Ecom,2025-04-11
Austria,8.36,Returning,AT,0,Stores,2025-04-11
Austria,4758.82,New,AT,0,Ecom,2025-04-12
Austria,304.48,New,AT,0,Stores,2025-04-12
Austria,489.84,Returning,AT,0,Ecom,2025-04-12
Austria,543.98,Returning,AT,0,Stores,2025-04-12
Austria,3457.99,New,AT,0,Ecom,2025-04-13
Austria,2232.05,New,AT,0,Stores,2025-04-13
Austria,652.86,Returning,AT,0,Ecom,2025-04-13
Austria,210.53,Returning,AT,0,Stores,2025-04-13
Austria,2091.41,New,AT,0,Ecom,2025-04-14
Austria,1706.02,New,AT,0,Stores,2025-04-14
Austria,1226.84,Returning,AT,0,Ecom,2025-04-14
Austria,906.51,Returning,AT,0,Stores,2025-04-14
Austria,204.09,New,AT,0,Ecom,2025-04-15
Austria,1057.08,New,AT,0,Stores,2025-04-15
Austria,3027.03,Returning,AT,0,Ecom,2025-04-15
Austria,2142.58,Returning,AT,0,Stores,2025-04-15
Austria,1439.69,New,AT,0,Ecom,2025-04-16
Austria,3371.53,New,AT,0,Stores,2025-04-16
Austria,912.32,Returning,AT,0,Ecom,2025-04-16
Austria,483.05,Returning,AT,0,Stores,2025-04-16
Austria,4173.55,New,AT,0,Ecom,2025-04-17
Austria,1181.06,New,AT,0,Stores,2025-04-17
Austria,373.44,Returning,AT,0,Ecom,2025-04-17
Austria,375.32,Returning,AT,0,Stores,2025-04-17
Austria,385.0,New,AT,0,Ecom,2025-04-18
Austria,3547.18,New,AT,0,Stores,2025-04-18
Austria,3303.65,Returning,AT,0,Ecom,2025-04-18
Austria,522.12,Returning,AT,0,Stores,2025-04-18
Austria,1608.74,New,AT,0,Ecom,2025-04-19
Austria,518.62,New,AT,0,Stores,2025-04-19
Austria,3241.71,Returning,AT,0,Ecom,2025-04-19
Austria,454.57,Returning,AT,0,Stores,2025-04-19
Austria,1842.37,New,AT,0,Ecom,2025-04-20
Austria,2287.35,New,AT,0,Stores,2025-04-20
Austria,2296.74,Returning,AT,0,Ecom,2025-04-20
Austria,451.69,Returning,AT,0,Stores,2025-04-20
Austria,518.4,New,AT,0,Ecom,2025-04-21
Austria,4824.89,New,AT,0,Stores,2025-04-21
Austria,779.44,Returning,AT,0,Ecom,2025-04-21
Austria,1383.32,Returning,AT,0,Stores,2025-04-21
Austria,2802.72,New,AT,0,Ecom,2025-04-22
Austria,1550.23,New,AT,0,Stores,2025-04-22
Austria,1247.33,Returning,AT,0,Ecom,2025-04-22
Austria,852.65,Returning,AT,0,Stores,2025-04-22
Austria,2754.31,New,AT,0,Ecom,2025-04-23
Austria,2708.16,New,AT,0,Stores,2025-04-23
Austria,1506.04,Returning,AT,0,Ecom,2025-04-23
Austria,212.02,Returning,AT,0,Stores,2025-04-23
Austria,2674.93,New,AT,0,Ecom,2025-04-24
Austria,421.92,New,AT,0,Stores,2025-04-24
Austria,1633.22,Returning,AT,0,Ecom,2025-04-24
Austria,2723.29,Returning,AT,0,Stores,2025-04-24
Austria,1342.71,New,AT,0,Ecom,2025-04-25
Austria,908.72,New,AT,0,Stores,2025-04-25
Austria,4458.29,Returning,AT,0,Ecom,2025-04-25
Austria,491.92,Returning,AT,0,Stores,2025-04-25
Austria,2556.48,New,AT,0,Ecom,2025-04-26
Austria,1119.41,New,AT,0,Stores,2025-04-26
Austria,1078.72,Returning,AT,0,Ecom,2025-04-26
Austria,2670.79,Returning,AT,0,Stores,2025-04-26
Austria,1728.32,New,AT,0,Ecom,2025-04-27
Austria,945.42,New,AT,0,Stores,2025-04-27
Austria,851.86,Returning,AT,0,Ecom,2025-04-27
Austria,2271.7,Returning,AT,0,Stores,2025-04-27
Austria,3465.44,New,AT,0,Ecom,2025-04-28
Austria,927.05,New,AT,0,Stores,2025-04-28
Austria,1272.82,Returning,AT,0,Ecom,2025-04-28
Austria,952.22,Returning,AT,0,Stores,2025-04-28
Austria,3998.81,New,AT,0,Ecom,2025-04-29
Austria,1607.45,New,AT,0,Stores,2025-04-29
Austria,490.37,Returning,AT,0,Ecom,2025-04-29
Austria,988.69,Returning,AT,0,Stores,2025-04-29
Austria,3311.7,New,AT,0,Ecom,2025-04-30
Austria,2171.19,New,AT,0,Stores,2025-04-30
Austria,718.18,Returning,AT,0,Ecom,2025-04-30
Austria,260.84,Returning,AT,0,Stores,2025-04-30
Austria,1776.42,New,AT,0,Ecom,2025-05-01
Austria,2669.01,New,AT,0,Stores,2025-05-01
Austria,2360.15,Returning,AT,0,Ecom,2025-05-01
Austria,0.43,Returning,AT,0,Stores,2025-05-01
Austria,2911.65,New,AT,0,Ecom,2025-05-02
Austria,2927.39,New,AT,0,Stores,2025-05-02
Austria,1037.95,Returning,AT,0,Ecom,2025-05-02
Austria,782.4,Returning,AT,0,Stores,2025-05-02
Austria,2462.05,New,AT,0,Ecom,2025-05-03
Austria,2949.23,New,AT,0,Stores,2025-05-03
Austria,1008.24,Returning,AT,0,Ecom,2025-05-03
Austria,543.68,Returning,AT,0,Stores,2025-05-03
Austria,622.51,New,AT,0,Ecom,2025-05-04
Austria,2078.07,New,AT,0,Stores,2025-05-04
Austria,746.59,Returning,AT,0,Ecom,2025-05-04
Austria,3011.49,Returning,AT,0,Stores,2025-05-04
Austria,1336.89,New,AT,0,Ecom,2025-05-05
Austria,1781.66,New,AT,0,Stores,2025-05-05
Austria,1427.29,Returning,AT,0,Ecom,2025-05-05
Austria,1198.26,Returning,AT,0,Stores,2025-05-05
Austria,3380.1,New,AT,0,Ecom,2025-05-06
Austria,3465.03,New,AT,0,Stores,2025-05-06
Austria,267.91,Returning,AT,0,Ecom,2025-05-06
Austria,899.45,Returning,AT,0,Stores,2025-05-06
Austria,3199.41,New,AT,0,Ecom,2025-05-07
Austria,1494.98,New,AT,0,Stores,2025-05-07
Austria,660.54,Returning,AT,0,Ecom,2025-05-07
Austria,936.66,Returning,AT,0,Stores,2025-05-07
Austria,2349.41,New,AT,0,Ecom,2025-05-08
Austria,1778.01,New,AT,0,Stores,2025-05-08
Austria,934.6,Returning,AT,0,Ecom,2025-05-08
Austria,1179.3,Returning,AT,0,Stores,2025-05-08
Austria,3663.94,New,AT,0,Ecom,2025-05-09
Austria,1247.06,New,AT,0,Stores,2025-05-09
Austria,1263.8,Returning,AT,0,Ecom,2025-05-09
Austria,444.47,Returning,AT,0,Stores,2025-05-09
Austria,2518.2,New,AT,0,Ecom,2025-05-10
Austria,1991.11,New,AT,0,Stores,2025-05-10
Austria,2112.96,Returning,AT,0,Ecom,2025-05-10
Austria,320.69,Returning,AT,0,Stores,2025-05-10
Austria,2702.62,New,AT,0,Ecom,2025-05-11
Austria,2248.43,New,AT,0,Stores,2025-05-11
Austria,1005.19,Returning,AT,0,Ecom,2025-05-11
Austria,607.76,Returning,AT,0,Stores,2025-05-11
Austria,3740.19,New,AT,0,Ecom,2025-05-12
Austria,1926.74,New,AT,0,Stores,2025-05-12
Austria,1692.92,Returning,AT,0,Ecom,2025-05-12
Austria,46.23,Returning,AT,0,Stores,2025-05-12
Austria,1981.56,New,AT,0,Ecom,2025-05-13
Austria,914.77,New,AT,0,Stores,2025-05-13
Austria,2969.01,Returning,AT,0,Ecom,2025-05-13
Austria,268.95,Returning,AT,0,Stores,2025-05-13
Austria,3126.92,New,AT,0,Ecom,2025-05-14
Austria,329.09,New,AT,0,Stores,2025-05-14
Austria,1038.0,Returning,AT,0,Ecom,2025-05-14
Austria,1667.99,Returning,AT,0,Stores,2025-05-14
Austria,1913.47,New,AT,0,Ecom,2025-05-15
Austria,1445.27,New,AT,0,Stores,2025-05-15
Austria,3901.21,Returning,AT,0,Ecom,2025-05-15
Austria,449.59,Returning,AT,0,Stores,2025-05-15
Austria,6282.03,New,AT,0,Ecom,2025-05-16
Austria,387.88,New,AT,0,Stores,2025-05-16
Austria,430.21,Returning,AT,0,Ecom,2025-05-16
Austria,523.59,Returning,AT,0,Stores,2025-05-16
Austria,854.24,New,AT,0,Ecom,2025-05-17
Austria,1570.25,New,AT,0,Stores,2025-05-17
Austria,4596.06,Returning,AT,0,Ecom,2025-05-17
Austria,260.89,Returning,AT,0,Stores,2025-05-17
Austria,1603.8,New,AT,0,Ecom,2025-05-18
Austria,2105.93,New,AT,0,Stores,2025-05-18
Austria,2806.39,Returning,AT,0,Ecom,2025-05-18
Austria,455.58,Returning,AT,0,Stores,2025-05-18
Austria,2785.51,New,AT,0,Ecom,2025-05-19
Austria,1016.96,New,AT,0,Stores,2025-05-19
Austria,1752.32,Returning,AT,0,Ecom,2025-05-19
Austria,285.88,Returning,AT,0,Stores,2025-05-19
Austria,2820.63,New,AT,0,Ecom,2025-05-20
Austria,2542.38,New,AT,0,Stores,2025-05-20
Austria,1114.1,Returning,AT,0,Ecom,2025-05-20
Austria,125.5,Returning,AT,0,Stores,2025-05-20
Austria,1444.31,New,AT,0,Ecom,2025-05-21
Austria,1595.44,New,AT,0,Stores,2025-05-21
Austria,3524.83,Returning,AT,0,Ecom,2025-05-21
Austria,159.72,Returning,AT,0,Stores,2025-05-21
Austria,973.56,New,AT,0,Ecom,2025-05-22
Austria,1798.22,New,AT,0,Stores,2025-05-22
Austria,3225.12,Returning,AT,0,Ecom,2025-05-22
Austria,832.55,Returning,AT,0,Stores,2025-05-22
Austria,1219.53,New,AT,0,Ecom,2025-05-23
Austria,2516.15,New,AT,0,Stores,2025-05-23
Austria,2730.95,Returning,AT,0,Ecom,2025-05-23
Austria,328.49,Returning,AT,0,Stores,2025-05-23
Austria,3574.12,New,AT,0,Ecom,2025-05-24
Austria,1972.75,New,AT,0,Stores,2025-05-24
Austria,795.89,Returning,AT,0,Ecom,2025-05-24
Austria,404.57,Returning,AT,0,Stores,2025-05-24
Austria,2456.36,New,AT,0,Ecom,2025-05-25
Austria,1496.18,New,AT,0,Stores,2025-05-25
Austria,1785.8,Returning,AT,0,Ecom,2025-05-25
Austria,744.2,Returning,AT,0,Stores,2025-05-25
Austria,1491.1,New,AT,0,Ecom,2025-05-26
Austria,472.67,New,AT,0,Stores,2025-05-26
Austria,2749.11,Returning,AT,0,Ecom,2025-05-26
Austria,1219.96,Returning,AT,0,Stores,2025-05-26
Austria,1684.26,New,AT,0,Ecom,2025-05-27
Austria,2083.55,New,AT,0,Stores,2025-05-27
Austria,625.98,Returning,AT,0,Ecom,2025-05-27
Austria,1369.82,Returning,AT,0,Stores,2025-05-27
Austria,2007.68,New,AT,0,Ecom,2025-05-28
Austria,1019.12,New,AT,0,Stores,2025-05-28
Austria,1592.3,Returning,AT,0,Ecom,2025-05-28
Austria,1378.71,Returning,AT,0,Stores,2025-05-28
Austria,814.14,New,AT,0,Ecom,2025-05-29
Austria,2642.38,New,AT,0,Stores,2025-05-29
Austria,2633.67,Returning,AT,0,Ecom,2025-05-29
Austria,67.36,Returning,AT,0,Stores,2025-05-29
Austria,4336.32,New,AT,0,Ecom,2025-05-30
Austria,2064.08,New,AT,0,Stores,2025-05-30
Austria,533.69,Returning,AT,0,Ecom,2025-05-30
Austria,446.77,Returning,AT,0,Stores,2025-05-30
Austria,3300.23,New,AT,0,Ecom,2025-05-31
Austria,1364.3,New,AT,0,Stores,2025-05-31
Austria,1547.52,Returning,AT,0,Ecom,2025-05-31
Austria,835.19,Returning,AT,0,Stores,2025-05-31
Austria,2818.59,New,AT,0,Ecom,2025-06-01
Austria,986.66,New,AT,0,Stores,2025-06-01
Austria,1345.87,Returning,AT,0,Ecom,2025-06-01
Austria,1370.49,Returning,AT,0,Stores,2025-06-01
Austria,3368.71,New,AT,0,Ecom,2025-06-02
Austria,197.43,New,AT,0,Stores,2025-06-02
Austria,2553.43,Returning,AT,0,Ecom,2025-06-02
Austria,585.87,Returning,AT,0,Stores,2025-06-02
Austria,2982.18,New,AT,0,Ecom,2025-06-03
Austria,1338.18,New,AT,0,Stores,2025-06-03
Austria,1193.26,Returning,AT,0,Ecom,2025-06-03
Austria,374.83,Returning,AT,0,Stores,2025-06-03
Austria,1572.19,New,AT,0,Ecom,2025-06-04
Austria,2136.97,New,AT,0,Stores,2025-06-04
Austria,2285.61,Returning,AT,0,Ecom,2025-06-04
Austria,236.01,Returning,AT,0,Stores,2025-06-04
Austria,1777.28,New,AT,0,Ecom,2025-06-05
Austria,2325.07,New,AT,0,Stores,2025-06-05
Austria,1262.58,Returning,AT,0,Ecom,2025-06-05
Austria,1163.93,Returning,AT,0,Stores,2025-06-05
Austria,897.06,New,AT,0,Ecom,2025-06-06
Austria,2963.36,New,AT,0,Stores,2025-06-06
Austria,1967.29,Returning,AT,0,Ecom,2025-06-06
Austria,308.35,Returning,AT,0,Stores,2025-06-06
Austria,4060.12,New,AT,0,Ecom,2025-06-07
Austria,816.96,New,AT,0,Stores,2025-06-07
Austria,1333.22,Returning,AT,0,Ecom,2025-06-07
Austria,390.07,Returning,AT,0,Stores,2025-06-07
Austria,2556.8,New,AT,0,Ecom,2025-06-08
Austria,1038.68,New,AT,0,Stores,2025-06-08
Austria,2987.78,Returning,AT,0,Ecom,2025-06-08
Austria,140.27,Returning,AT,0,Stores,2025-06-08
Austria,1946.77,New,AT,0,Ecom,2025-06-09
Austria,2110.96,New,AT,0,Stores,2025-06-09
Austria,1893.03,Returning,AT,0,Ecom,2025-06-09
Austria,724.24,Returning,AT,0,Stores,2025-06-09
Austria,3338.56,New,AT,0,Ecom,2025-06-10
Austria,1145.21,New,AT,0,Stores,2025-06-10
Austria,1257.97,Returning,AT,0,Ecom,2025-06-10
Austria,826.77,Returning,AT,0,Stores,2025-06-10
Austria,5229.52,New,AT,0,Ecom,2025-06-11
Austria,539.09,New,AT,0,Stores,2025-06-11
Austria,1593.1,Returning,AT,0,Ecom,2025-06-11
Austria,1254.11,Returning,AT,0,Stores,2025-06-11
Austria,3383.41,New,AT,0,Ecom,2025-06-12
Austria,582.98,New,AT,0,Stores,2025-06-12
Austria,2012.88,Returning,AT,0,Ecom,2025-06-12
Austria,181.53,Returning,AT,0,Stores,2025-06-12
Austria,3783.26,New,AT,0,Ecom,2025-06-13
Austria,2312.58,New,AT,0,Stores,2025-06-13
Austria,430.36,Returning,AT,0,Ecom,2025-06-13
Austria,33.98,Returning,AT,0,Stores,2025-06-13
Austria,4488.98,New,AT,0,Ecom,2025-06-14
Austria,839.21,New,AT,0,Stores,2025-06-14
Austria,373.54,Returning,AT,0,Ecom,2025-06-14
Austria,1168.9,Returning,AT,0,Stores,2025-06-14
Austria,4688.09,New,AT,0,Ecom,2025-06-15
Austria,886.45,New,AT,0,Stores,2025-06-15
Austria,531.89,Returning,AT,0,Ecom,2025-06-15
Austria,230.94,Returning,AT,0,Stores,2025-06-15
Austria,2154.05,New,AT,0,Ecom,2025-06-16
Austria,1501.78,New,AT,0,Stores,2025-06-16
Austria,2488.12,Returning,AT,0,Ecom,2025-06-16
Austria,623.1,Returning,AT,0,Stores,2025-06-16
Austria,3473.92,New,AT,0,Ecom,2025-06-17
Austria,489.0,New,AT,0,Stores,2025-06-17
Austria,1593.84,Returning,AT,0,Ecom,2025-06-17
Austria,78.91,Returning,AT,0,Stores,2025-06-17
Austria,1802.01,New,AT,0,Ecom,2025-06-18
Austria,679.3,New,AT,0,Stores,2025-06-18
Austria,1651.82,Returning,AT,0,Ecom,2025-06-18
Austria,2591.43,Returning,AT,0,Stores,2025-06-18
Austria,2330.17,New,AT,0,Ecom,2025-06-19
Austria,1689.16,New,AT,0,Stores,2025-06-19
Austria,1015.42,Returning,AT,0,Ecom,2025-06-19
Austria,1481.4,Returning,AT,0,Stores,2025-06-19
Austria,2619.25,New,AT,0,Ecom,2025-06-20
Austria,2281.94,New,AT,0,Stores,2025-06-20
Austria,386.51,Returning,AT,0,Ecom,2025-06-20
Austria,1099.64,Returning,AT,0,Stores,2025-06-20
Austria,1265.01,New,AT,0,Ecom,2025-06-21
Austria,955.34,New,AT,0,Stores,2025-06-21
Austria,1772.62,Returning,AT,0,Ecom,2025-06-21
Austria,2418.22,Returning,AT,0,Stores,2025-06-21
Austria,1938.73,New,AT,0,Ecom,2025-06-22
Austria,4287.52,New,AT,0,Stores,2025-06-22
Austria,265.71,Returning,AT,0,Ecom,2025-06-22
Austria,255.69,Returning,AT,0,Stores,2025-06-22
Austria,1732.84,New,AT,0,Ecom,2025-06-23
Austria,3597.31,New,AT,0,Stores,2025-06-23
Austria,1877.53,Returning,AT,0,Ecom,2025-06-23
Austria,322.79,Returning,AT,0,Stores,2025-06-23
Austria,3932.69,New,AT,0,Ecom,2025-06-24
Austria,628.27,New,AT,0,Stores,2025-06-24
Austria,587.97,Returning,AT,0,Ecom,2025-06-24
Austria,1394.16,Returning,AT,0,Stores,2025-06-24
Austria,1567.62,New,AT,0,Ecom,2025-06-25
Austria,2618.44,New,AT,0,Stores,2025-06-25
Austria,2865.11,Returning,AT,0,Ecom,2025-06-25
Austria,1203.3,Returning,AT,0,Stores,2025-06-25
Austria,1264.3,New,AT,0,Ecom,2025-06-26
Austria,1047.42,New,AT,0,Stores,2025-06-26
Austria,2312.64,Returning,AT,0,Ecom,2025-06-26
Austria,1692.15,Returning,AT,0,Stores,2025-06-26
Austria,5064.33,New,AT,0,Ecom,2025-06-27
Austria,667.53,New,AT,0,Stores,2025-06-27
Austria,825.42,Returning,AT,0,Ecom,2025-06-27
Austria,130.62,Returning,AT,0,Stores,2025-06-27
Austria,1967.96,New,AT,0,Ecom,2025-06-28
Austria,537.4,New,AT,0,Stores,2025-06-28
Austria,2812.49,Returning,AT,0,Ecom,2025-06-28
Austria,1779.46,Returning,AT,0,Stores,2025-06-28
Austria,3215.57,New,AT,0,Ecom,2025-06-29
Austria,812.29,New,AT,0,Stores,2025-06-29
Austria,2005.15,Returning,AT,0,Ecom,2025-06-29
Austria,1040.11,Returning,AT,0,Stores,2025-06-29
Austria,2431.16,New,AT,0,Ecom,2025-06-30
Austria,1141.26,New,AT,0,Stores,2025-06-30
Austria,1725.05,Returning,AT,0,Ecom,2025-06-30
Austria,766.2,Returning,AT,0,Stores,2025-06-30
Austria,1138.02,New,AT,0,Ecom,2025-07-01
Austria,2179.22,New,AT,0,Stores,2025-07-01
Austria,1823.37,Returning,AT,0,Ecom,2025-07-01
Austria,1115.15,Returning,AT,0,Stores,2025-07-01
Austria,1031.06,New,AT,0,Ecom,2025-07-02
Austria,1638.62,New,AT,0,Stores,2025-07-02
Austria,1246.86,Returning,AT,0,Ecom,2025-07-02
Austria,2725.03,Returning,AT,0,Stores,2025-07-02
Austria,1860.35,New,AT,0,Ecom,2025-07-03
Austria,1997.02,New,AT,0,Stores,2025-07-03
Austria,1527.53,Returning,AT,0,Ecom,2025-07-03
Austria,1050.07,Returning,AT,0,Stores,2025-07-03
Austria,2833.46,New,AT,0,Ecom,2025-07-04
Austria,1681.41,New,AT,0,Stores,2025-07-04
Austria,1849.53,Returning,AT,0,Ecom,2025-07-04
Austria,2121.62,Returning,AT,0,Stores,2025-07-04
Austria,1080.46,New,AT,0,Ecom,2025-07-05
Austria,1192.12,New,AT,0,Stores,2025-07-05
Austria,4202.88,Returning,AT,0,Ecom,2025-07-05
Austria,106.37,Returning,AT,0,Stores,2025-07-05
Austria,1466.14,New,AT,0,Ecom,2025-07-06
Austria,863.21,New,AT,0,Stores,2025-07-06
Austria,1501.51,Returning,AT,0,Ecom,2025-07-06
Austria,2052.97,Returning,AT,0,Stores,2025-07-06
Austria,1402.65,New,AT,0,Ecom,2025-07-07
Austria,1860.62,New,AT,0,Stores,2025-07-07
Austria,451.1,Returning,AT,0,Ecom,2025-07-07
Austria,2695.27,Returning,AT,0,Stores,2025-07-07
Austria,2322.67,New,AT,0,Ecom,2025-07-08
Austria,3055.88,New,AT,0,Stores,2025-07-08
Austria,1263.32,Returning,AT,0,Ecom,2025-07-08
Austria,570.58,Returning,AT,0,Stores,2025-07-08
Austria,2278.25,New,AT,0,Ecom,2025-07-09
Austria,971.77,New,AT,0,Stores,2025-07-09
Austria,3175.86,Returning,AT,0,Ecom,2025-07-09
Austria,136.51,Returning,AT,0,Stores,2025-07-09
Austria,3186.52,New,AT,0,Ecom,2025-07-10
Austria,2409.92,New,AT,0,Stores,2025-07-10
Austria,2593.69,Returning,AT,0,Ecom,2025-07-10
Austria,206.24,Returning,AT,0,Stores,2025-07-10
Austria,1473.64,New,AT,0,Ecom,2025-07-11
Austria,4401.0,New,AT,0,Stores,2025-07-11
Austria,1386.18,Returning,AT,0,Ecom,2025-07-11
Austria,397.35,Returning,AT,0,Stores,2025-07-11
Austria,432.07,New,AT,0,Ecom,2025-07-12
Austria,3112.28,New,AT,0,Stores,2025-07-12
Austria,1893.2,Returning,AT,0,Ecom,2025-07-12
Austria,1092.41,Returning,AT,0,Stores,2025-07-12
Austria,1357.99,New,AT,0,Ecom,2025-07-13
Austria,1015.01,New,AT,0,Stores,2025-07-13
Austria,1466.23,Returning,AT,0,Ecom,2025-07-13
Austria,2232.26,Returning,AT,0,Stores,2025-07-13
Austria,1107.22,New,AT,0,Ecom,2025-07-14
Austria,3741.06,New,AT,0,Stores,2025-07-14
Austria,3508.58,Returning,AT,0,Ecom,2025-07-14
Austria,281.93,Returning,AT,0,Stores,2025-07-14
Austria,4876.94,New,AT,0,Ecom,2025-07-15
Austria,1332.83,New,AT,0,Stores,2025-07-15
Austria,834.71,Returning,AT,0,Ecom,2025-07-15
Austria,696.4,Returning,AT,0,Stores,2025-07-15
Austria,1134.56,New,AT,0,Ecom,2025-07-16
Austria,1114.5,New,AT,0,Stores,2025-07-16
Austria,2786.16,Returning,AT,0,Ecom,2025-07-16
Austria,1133.4,Returning,AT,0,Stores,2025-07-16
Austria,736.63,New,AT,0,Ecom,2025-07-17
Austria,63.76,New,AT,0,Stores,2025-07-17
Austria,3549.1,Returning,AT,0,Ecom,2025-07-17
Austria,2450.96,Returning,AT,0,Stores,2025-07-17
Austria,1272.3,New,AT,0,Ecom,2025-07-18
Austria,2543.05,New,AT,0,Stores,2025-07-18
Austria,1651.73,Returning,AT,0,Ecom,2025-07-18
Austria,1074.74,Returning,AT,0,Stores,2025-07-18
Austria,2700.63,New,AT,0,Ecom,2025-07-19
Austria,992.4,New,AT,0,Stores,2025-07-19
Austria,1607.77,Returning,AT,0,Ecom,2025-07-19
Austria,964.1,Returning,AT,0,Stores,2025-07-19
Austria,3347.81,New,AT,0,Ecom,2025-07-20
Austria,360.42,New,AT,0,Stores,2025-07-20
Austria,2373.77,Returning,AT,0,Ecom,2025-07-20
Austria,446.87,Returning,AT,0,Stores,2025-07-20
Austria,2684.56,New,AT,0,Ecom,2025-07-21
Austria,902.56,New,AT,0,Stores,2025-07-21
Austria,2278.61,Returning,AT,0,Ecom,2025-07-21
Austria,1053.94,Returning,AT,0,Stores,2025-07-21
Austria,3322.25,New,AT,0,Ecom,2025-07-22
Austria,1191.45,New,AT,0,Stores,2025-07-22
Austria,1333.37,Returning,AT,0,Ecom,2025-07-22
Austria,755.5,Returning,AT,0,Stores,2025-07-22
Austria,2102.58,New,AT,0,Ecom,2025-07-23
Austria,2417.25,New,AT,0,Stores,2025-07-23
Austria,2896.81,Returning,AT,0,Ecom,2025-07-23
Austria,249.0,Returning,AT,0,Stores,2025-07-23
Austria,2226.76,New,AT,0,Ecom,2025-07-24
Austria,2048.68,New,AT,0,Stores,2025-07-24
Austria,1944.9,Returning,AT,0,Ecom,2025-07-24
Austria,218.8,Returning,AT,0,Stores,2025-07-24
Austria,2405.31,New,AT,0,Ecom,2025-07-25
Austria,2595.74,New,AT,0,Stores,2025-07-25
Austria,707.17,Returning,AT,0,Ecom,2025-07-25
Austria,340.7,Returning,AT,0,Stores,2025-07-25
Austria,3071.01,New,AT,0,Ecom,2025-07-26
Austria,2294.86,New,AT,0,Stores,2025-07-26
Austria,1408.34,Returning,AT,0,Ecom,2025-07-26
Austria,38.47,Returning,AT,0,Stores,2025-07-26
Austria,3826.72,New,AT,0,Ecom,2025-07-27
Austria,1829.08,New,AT,0,Stores,2025-07-27
Austria,1367.84,Returning,AT,0,Ecom,2025-07-27
Austria,127.34,Returning,AT,0,Stores,2025-07-27
Austria,3562.35,New,AT,0,Ecom,2025-07-28
Austria,1164.57,New,AT,0,Stores,2025-07-28
Austria,2671.79,Returning,AT,0,Ecom,2025-07-28
Austria,138.35,Returning,AT,0,Stores,2025-07-28
Austria,1240.73,New,AT,0,Ecom,2025-07-29
Austria,1562.57,New,AT,0,Stores,2025-07-29
Austria,4076.34,Returning,AT,0,Ecom,2025-07-29
Austria,740.6,Returning,AT,0,Stores,2025-07-29
Austria,2728.33,New,AT,0,Ecom,2025-07-30
Austria,2862.27,New,AT,0,Stores,2025-07-30
Austria,322.7,Returning,AT,0,Ecom,2025-07-30
Austria,155.27,Returning,AT,0,Stores,2025-07-30
Austria,1403.06,New,AT,0,Ecom,2025-07-31
Austria,1760.65,New,AT,0,Stores,2025-07-31
Austria,1558.03,Returning,AT,0,Ecom,2025-07-31
Austria,1581.72,Returning,AT,0,Stores,2025-07-31
Austria,3413.32,New,AT,0,Ecom,2025-08-01
Austria,2970.66,New,AT,0,Stores,2025-08-01
Austria,1291.09,Returning,AT,0,Ecom,2025-08-01
Austria,339.97,Returning,AT,0,Stores,2025-08-01
Austria,3312.16,New,AT,0,Ecom,2025-08-02
Austria,496.92,New,AT,0,Stores,2025-08-02
Austria,2189.34,Returning,AT,0,Ecom,2025-08-02
Austria,842.13,Returning,AT,0,Stores,2025-08-02
Austria,2983.84,New,AT,0,Ecom,2025-08-03
Austria,1823.93,New,AT,0,Stores,2025-08-03
Austria,1821.33,Returning,AT,0,Ecom,2025-08-03
Austria,330.28,Returning,AT,0,Stores,2025-08-03
Austria,2512.27,New,AT,0,Ecom,2025-08-04
Austria,1659.31,New,AT,0,Stores,2025-08-04
Austria,3343.57,Returning,AT,0,Ecom,2025-08-04
Austria,364.94,Returning,AT,0,Stores,2025-08-04
Austria,3167.58,New,AT,0,Ecom,2025-08-05
Austria,1205.42,New,AT,0,Stores,2025-08-05
Austria,2617.58,Returning,AT,0,Ecom,2025-08-05
Austria,388.4,Returning,AT,0,Stores,2025-08-05
Austria,2331.61,New,AT,0,Ecom,2025-08-06
Austria,808.56,New,AT,0,Stores,2025-08-06
Austria,3443.34,Returning,AT,0,Ecom,2025-08-06
Austria,129.31,Returning,AT,0,Stores,2025-08-06
Austria,4271.62,New,AT,0,Ecom,2025-08-07
Austria,1365.42,New,AT,0,Stores,2025-08-07
Austria,931.56,Returning,AT,0,Ecom,2025-08-07
Austria,1681.33,Returning,AT,0,Stores,2025-08-07
Austria,1789.27,New,AT,0,Ecom,2025-08-08
Austria,2519.91,New,AT,0,Stores,2025-08-08
Austria,2411.45,Returning,AT,0,Ecom,2025-08-08
Austria,391.72,Returning,AT,0,Stores,2025-08-08
Austria,3816.9,New,AT,0,Ecom,2025-08-09
Austria,164.13,New,AT,0,Stores,2025-08-09
Austria,1526.92,Returning,AT,0,Ecom,2025-08-09
Austria,1793.05,Returning,AT,0,Stores,2025-08-09
Austria,2173.42,New,AT,0,Ecom,2025-08-10
Austria,1760.45,New,AT,0,Stores,2025-08-10
Austria,1947.32,Returning,AT,0,Ecom,2025-08-10
Austria,929.22,Returning,AT,0,Stores,2025-08-10
Austria,1909.71,New,AT,0,Ecom,2025-08-11
Austria,2141.78,New,AT,0,Stores,2025-08-11
Austria,1673.47,Returning,AT,0,Ecom,2025-08-11
Austria,7.56,Returning,AT,0,Stores,2025-08-11
Austria,850.99,New,AT,0,Ecom,2025-08-12
Austria,2738.73,New,AT,0,Stores,2025-08-12
Austria,970.95,Returning,AT,0,Ecom,2025-08-12
Austria,1540.96,Returning,AT,0,Stores,2025-08-12
Austria,1743.47,New,AT,0,Ecom,2025-08-13
Austria,3403.15,New,AT,0,Stores,2025-08-13
Austria,860.43,Returning,AT,0,Ecom,2025-08-13
Austria,184.71,Returning,AT,0,Stores,2025-08-13
Austria,3528.1,New,AT,0,Ecom,2025-08-14
Austria,1026.75,New,AT,0,Stores,2025-08-14
Austria,1640.49,Returning,AT,0,Ecom,2025-08-14
Austria,215.54,Returning,AT,0,Stores,2025-08-14
Austria,1471.4,New,AT,0,Ecom,2025-08-15
Austria,1038.87,New,AT,0,Stores,2025-08-15
Austria,2305.07,Returning,AT,0,Ecom,2025-08-15
Austria,1474.17,Returning,AT,0,Stores,2025-08-15
Austria,3282.97,New,AT,0,Ecom,2025-08-16
Austria,820.88,New,AT,0,Stores,2025-08-16
Austria,1850.89,Returning,AT,0,Ecom,2025-08-16
Austria,887.77,Returning,AT,0,Stores,2025-08-16
Austria,2607.24,New,AT,0,Ecom,2025-08-17
Austria,404.79,New,AT,0,Stores,2025-08-17
Austria,475.25,Returning,AT,0,Ecom,2025-08-17
Austria,3216.38,Returning,AT,0,Stores,2025-08-17
Austria,1421.44,New,AT,0,Ecom,2025-08-18
Austria,2559.17,New,AT,0,Stores,2025-08-18
Austria,1088.69,Returning,AT,0,Ecom,2025-08-18
Austria,1089.47,Returning,AT,0,Stores,2025-08-18
Austria,1894.8,New,AT,0,Ecom,2025-08-19
Austria,1956.73,New,AT,0,Stores,2025-08-19
Austria,2098.32,Returning,AT,0,Ecom,2025-08-19
Austria,797.19,Returning,AT,0,Stores,2025-08-19
Austria,2109.53,New,AT,0,Ecom,2025-08-20
Austria,1949.35,New,AT,0,Stores,2025-08-20
Austria,1994.48,Returning,AT,0,Ecom,2025-08-20
Austria,286.79,Returning,AT,0,Stores,2025-08-20
Austria,2373.26,New,AT,0,Ecom,2025-08-21
Austria,1822.61,New,AT,0,Stores,2025-08-21
Austria,851.5,Returning,AT,0,Ecom,2025-08-21
Austria,2200.0,Returning,AT,0,Stores,2025-08-21
Austria,1479.38,New,AT,0,Ecom,2025-08-22
Austria,556.44,New,AT,0,Stores,2025-08-22
Austria,854.04,Returning,AT,0,Ecom,2025-08-22
Austria,4162.29,Returning,AT,0,Stores,2025-08-22
Austria,2450.41,New,AT,0,Ecom,2025-08-23
Austria,2277.19,New,AT,0,Stores,2025-08-23
Austria,1906.07,Returning,AT,0,Ecom,2025-08-23
Austria,415.26,Returning,AT,0,Stores,2025-08-23
Austria,1480.48,New,AT,0,Ecom,2025-08-24
Austria,2192.41,New,AT,0,Stores,2025-08-24
Austria,1624.49,Returning,AT,0,Ecom,2025-08-24
Austria,965.45,Returning,AT,0,Stores,2025-08-24
Austria,2462.63,New,AT,0,Ecom,2025-08-25
Austria,1928.44,New,AT,0,Stores,2025-08-25
Austria,2562.68,Returning,AT,0,Ecom,2025-08-25
Austria,580.75,Returning,AT,0,Stores,2025-08-25
Austria,3573.79,New,AT,0,Ecom,2025-08-26
Austria,1479.61,New,AT,0,Stores,2025-08-26
Austria,2004.07,Returning,AT,0,Ecom,2025-08-26
Austria,604.36,Returning,AT,0,Stores,2025-08-26
Austria,3485.31,New,AT,0,Ecom,2025-08-27
Austria,812.72,New,AT,0,Stores,2025-08-27
Austria,1909.02,Returning,AT,0,Ecom,2025-08-27
Austria,482.92,Returning,AT,0,Stores,2025-08-27
Austria,2481.09,New,AT,0,Ecom,2025-08-28
Austria,905.07,New,AT,0,Stores,2025-08-28
Austria,2948.31,Returning,AT,0,Ecom,2025-08-28
Austria,704.62,Returning,AT,0,Stores,2025-08-28
Austria,1686.95,New,AT,0,Ecom,2025-08-29
Austria,867.78,New,AT,0,Stores,2025-08-29
Austria,3850.96,Returning,AT,0,Ecom,2025-08-29
Austria,482.83,Returning,AT,0,Stores,2025-08-29
Austria,2065.45,New,AT,0,Ecom,2025-08-30
Austria,1672.66,New,AT,0,Stores,2025-08-30
Austria,1579.67,Returning,AT,0,Ecom,2025-08-30
Austria,1615.61,Returning,AT,0,Stores,2025-08-30
Austria,3468.66,New,AT,0,Ecom,2025-08-31
Austria,415.5,New,AT,0,Stores,2025-08-31
Austria,3041.25,Returning,AT,0,Ecom,2025-08-31
Austria,46.18,Returning,AT,0,Stores,2025-08-31
Austria,456.86,New,AT,0,Ecom,2025-09-01
Austria,1075.21,New,AT,0,Stores,2025-09-01
Austria,4385.44,Returning,AT,0,Ecom,2025-09-01
Austria,842.69,Returning,AT,0,Stores,2025-09-01
Austria,3188.5,New,AT,0,Ecom,2025-09-02
Austria,2412.19,New,AT,0,Stores,2025-09-02
Austria,1265.25,Returning,AT,0,Ecom,2025-09-02
Austria,90.75,Returning,AT,0,Stores,2025-09-02
Austria,1866.92,New,AT,0,Ecom,2025-09-03
Austria,1957.16,New,AT,0,Stores,2025-09-03
Austria,3933.55,Returning,AT,0,Ecom,2025-09-03
Austria,98.1,Returning,AT,0,Stores,2025-09-03
Austria,3409.04,New,AT,0,Ecom,2025-09-04
Austria,714.53,New,AT,0,Stores,2025-09-04
Austria,850.69,Returning,AT,0,Ecom,2025-09-04
Austria,2858.38,Returning,AT,0,Stores,2025-09-04
Austria,2616.39,New,AT,0,Ecom,2025-09-05
Austria,2040.22,New,AT,0,Stores,2025-09-05
Austria,1632.95,Returning,AT,0,Ecom,2025-09-05
Austria,808.63,Returning,AT,0,Stores,2025-09-05
Austria,1679.63,New,AT,0,Ecom,2025-09-06
Austria,1633.08,New,AT,0,Stores,2025-09-06
Austria,3496.84,Returning,AT,0,Ecom,2025-09-06
Austria,243.89,Returning,AT,0,Stores,2025-09-06
Austria,4463.6,New,AT,0,Ecom,2025-09-07
Austria,301.9,New,AT,0,Stores,2025-09-07
Austria,1743.8,Returning,AT,0,Ecom,2025-09-07
Austria,1389.99,Returning,AT,0,Stores,2025-09-07
Austria,4699.87,New,AT,0,Ecom,2025-09-08
Austria,1119.58,New,AT,0,Stores,2025-09-08
Austria,656.36,Returning,AT,0,Ecom,2025-09-08
Austria,588.56,Returning,AT,0,Stores,2025-09-08
Austria,5071.35,New,AT,0,Ecom,2025-09-09
Austria,1654.47,New,AT,0,Stores,2025-09-09
Austria,867.23,Returning,AT,0,Ecom,2025-09-09
Austria,955.8,Returning,AT,0,Stores,2025-09-09
Austria,2460.26,New,AT,0,Ecom,2025-09-10
Austria,3032.83,New,AT,0,Stores,2025-09-10
Austria,1123.56,Returning,AT,0,Ecom,2025-09-10
Austria,520.24,Returning,AT,0,Stores,2025-09-10
Austria,3063.66,New,AT,0,Ecom,2025-09-11
Austria,126.4,New,AT,0,Stores,2025-09-11
Austria,1538.29,Returning,AT,0,Ecom,2025-09-11
Austria,2270.43,Returning,AT,0,Stores,2025-09-11
Austria,4148.73,New,AT,0,Ecom,2025-09-12
Austria,1662.14,New,AT,0,Stores,2025-09-12
Austria,1203.12,Returning,AT,0,Ecom,2025-09-12
Austria,307.65,Returning,AT,0,Stores,2025-09-12
Austria,1372.26,New,AT,0,Ecom,2025-09-13
Austria,465.12,New,AT,0,Stores,2025-09-13
Austria,1023.76,Returning,AT,0,Ecom,2025-09-13
Austria,4483.98,Returning,AT,0,Stores,2025-09-13
Austria,2924.04,New,AT,0,Ecom,2025-09-14
Austria,3553.84,New,AT,0,Stores,2025-09-14
Austria,422.64,Returning,AT,0,Ecom,2025-09-14
Austria,665.52,Returning,AT,0,Stores,2025-09-14
Austria,3656.15,New,AT,0,Ecom,2025-09-15
Austria,2001.49,New,AT,0,Stores,2025-09-15
Austria,1521.15,Returning,AT,0,Ecom,2025-09-15
Austria,396.27,Returning,AT,0,Stores,2025-09-15
Austria,388.04,New,AT,0,Ecom,2025-09-16
Austria,3714.27,New,AT,0,Stores,2025-09-16
Austria,2045.88,Returning,AT,0,Ecom,2025-09-16
Austria,155.11,Returning,AT,0,Stores,2025-09-16
Austria,2826.52,New,AT,0,Ecom,2025-09-17
Austria,1140.23,New,AT,0,Stores,2025-09-17
Austria,2274.26,Returning,AT,0,Ecom,2025-09-17
Austria,1156.52,Returning,AT,0,Stores,2025-09-17
Austria,1671.48,New,AT,0,Ecom,2025-09-18
Austria,2314.44,New,AT,0,Stores,2025-09-18
Austria,980.55,Returning,AT,0,Ecom,2025-09-18
Austria,2237.69,Returning,AT,0,Stores,2025-09-18
Austria,1976.33,New,AT,0,Ecom,2025-09-19
Austria,2636.64,New,AT,0,Stores,2025-09-19
Austria,1316.07,Returning,AT,0,Ecom,2025-09-19
Austria,2082.87,Returning,AT,0,Stores,2025-09-19
Austria,4783.52,New,AT,0,Ecom,2025-09-20
Austria,1516.68,New,AT,0,Stores,2025-09-20
Austria,679.29,Returning,AT,0,Ecom,2025-09-20
Austria,613.05,Returning,AT,0,Stores,2025-09-20
Austria,3360.82,New,AT,0,Ecom,2025-09-21
Austria,1097.79,New,AT,0,Stores,2025-09-21
Austria,2350.1,Returning,AT,0,Ecom,2025-09-21
Austria,1294.61,Returning,AT,0,Stores,2025-09-21
Austria,2681.75,New,AT,0,Ecom,2025-09-22
Austria,1830.48,New,AT,0,Stores,2025-09-22
Austria,1023.83,Returning,AT,0,Ecom,2025-09-22
Austria,780.55,Returning,AT,0,Stores,2025-09-22
Austria,2649.93,New,AT,0,Ecom,2025-09-23
Austria,4114.1,New,AT,0,Stores,2025-09-23
Austria,849.94,Returning,AT,0,Ecom,2025-09-23
Austria,327.3,Returning,AT,0,Stores,2025-09-23
Austria,719.22,New,AT,0,Ecom,2025-09-24
Austria,1613.02,New,AT,0,Stores,2025-09-24
Austria,1944.55,Returning,AT,0,Ecom,2025-09-24
Austria,3546.36,Returning,AT,0,Stores,2025-09-24
Austria,3890.51,New,AT,0,Ecom,2025-09-25
Austria,1552.34,New,AT,0,Stores,2025-09-25
Austria,714.45,Returning,AT,0,Ecom,2025-09-25
Austria,605.52,Returning,AT,0,Stores,2025-09-25
Austria,1107.25,New,AT,0,Ecom,2025-09-26
Austria,1081.88,New,AT,0,Stores,2025-09-26
Austria,4180.48,Returning,AT,0,Ecom,2025-09-26
Austria,864.68,Returning,AT,0,Stores,2025-09-26
Austria,1379.2,New,AT,0,Ecom,2025-09-27
Austria,1880.9,New,AT,0,Stores,2025-09-27
Austria,3573.65,Returning,AT,0,Ecom,2025-09-27
Austria,512.98,Returning,AT,0,Stores,2025-09-27
Austria,5375.16,New,AT,0,Ecom,2025-09-28
Austria,211.65,New,AT,0,Stores,2025-09-28
Austria,1405.41,Returning,AT,0,Ecom,2025-09-28
Austria,295.65,Returning,AT,0,Stores,2025-09-28
Austria,1812.29,New,AT,0,Ecom,2025-09-29
Austria,1489.9,New,AT,0,Stores,2025-09-29
Austria,2816.41,Returning,AT,0,Ecom,2025-09-29
Austria,1306.92,Returning,AT,0,Stores,2025-09-29
Austria,2256.52,New,AT,0,Ecom,2025-09-30
Austria,931.81,New,AT,0,Stores,2025-09-30
Austria,3251.13,Returning,AT,0,Ecom,2025-09-30
Austria,1312.0,Returning,AT,0,Stores,2025-09-30
Austria,2060.8,New,AT,0,Ecom,2025-10-01
Austria,1415.55,New,AT,0,Stores,2025-10-01
Austria,1997.96,Returning,AT,0,Ecom,2025-10-01
Austria,1451.09,Returning,AT,0,Stores,2025-10-01
Austria,1615.93,New,AT,0,Ecom,2025-10-02
Austria,3986.75,New,AT,0,Stores,2025-10-02
Austria,272.58,Returning,AT,0,Ecom,2025-10-02
Austria,668.64,Returning,AT,0,Stores,2025-10-02
Austria,3602.16,New,AT,0,Ecom,2025-10-03
Austria,228.75,New,AT,0,Stores,2025-10-03
Austria,435.05,Returning,AT,0,Ecom,2025-10-03
Austria,2809.68,Returning,AT,0,Stores,2025-10-03
Austria,3153.46,New,AT,0,Ecom,2025-10-04
Austria,1651.99,New,AT,0,Stores,2025-10-04
Austria,921.52,Returning,AT,0,Ecom,2025-10-04
Austria,468.14,Returning,AT,0,Stores,2025-10-04
Austria,2545.95,New,AT,0,Ecom,2025-10-05
Austria,1409.5,New,AT,0,Stores,2025-10-05
Austria,1827.29,Returning,AT,0,Ecom,2025-10-05
Austria,809.42,Returning,AT,0,Stores,2025-10-05
Austria,1956.34,New,AT,0,Ecom,2025-10-06
Austria,2737.29,New,AT,0,Stores,2025-10-06
Austria,605.27,Returning,AT,0,Ecom,2025-10-06
Austria,2127.14,Returning,AT,0,Stores,2025-10-06
Austria,3826.63,New,AT,0,Ecom,2025-10-07
Austria,3271.17,New,AT,0,Stores,2025-10-07
Austria,451.03,Returning,AT,0,Ecom,2025-10-07
Austria,540.9,Returning,AT,0,Stores,2025-10-07
Austria,6520.58,New,AT,0,Ecom,2025-10-08
Austria,1022.24,New,AT,0,Stores,2025-10-08
Austria,168.19,Returning,AT,0,Ecom,2025-10-08
Austria,799.04,Returning,AT,0,Stores,2025-10-08
Austria,3282.25,New,AT,0,Ecom,2025-10-09
Austria,2107.51,New,AT,0,Stores,2025-10-09
Austria,1989.79,Returning,AT,0,Ecom,2025-10-09
Austria,614.19,Returning,AT,0,Stores,2025-10-09
Austria,688.18,New,AT,0,Ecom,2025-10-10
Austria,1930.18,New,AT,0,Stores,2025-10-10
Austria,1886.49,Returning,AT,0,Ecom,2025-10-10
Austria,2546.51,Returning,AT,0,Stores,2025-10-10
Austria,1090.99,New,AT,0,Ecom,2025-10-11
Austria,4270.01,New,AT,0,Stores,2025-10-11
Austria,1685.77,Returning,AT,0,Ecom,2025-10-11
Austria,546.52,Returning,AT,0,Stores,2025-10-11
Austria,3143.7,New,AT,0,Ecom,2025-10-12
Austria,1535.56,New,AT,0,Stores,2025-10-12
Austria,583.97,Returning,AT,0,Ecom,2025-10-12
Austria,2323.31,Returning,AT,0,Stores,2025-10-12
Austria,3643.52,New,AT,0,Ecom,2025-10-13
Austria,1216.93,New,AT,0,Stores,2025-10-13
Austria,2328.64,Returning,AT,0,Ecom,2025-10-13
Austria,51.22,Returning,AT,0,Stores,2025-10-13
Austria,3683.62,New,AT,0,Ecom,2025-10-14
Austria,1063.32,New,AT,0,Stores,2025-10-14
Austria,759.4,Returning,AT,0,Ecom,2025-10-14
Austria,901.05,Returning,AT,0,Stores,2025-10-14
Austria,181.54,New,AT,0,Ecom,2025-10-15
Austria,3287.32,New,AT,0,Stores,2025-10-15
Austria,2397.06,Returning,AT,0,Ecom,2025-10-15
Austria,1384.49,Returning,AT,0,Stores,2025-10-15
Austria,2999.9,New,AT,0,Ecom,2025-10-16
Austria,937.78,New,AT,0,Stores,2025-10-16
Austria,936.01,Returning,AT,0,Ecom,2025-10-16
Austria,1529.5,Returning,AT,0,Stores,2025-10-16
Austria,5738.51,New,AT,0,Ecom,2025-10-17
Austria,555.49,New,AT,0,Stores,2025-10-17
Austria,171.51,Returning,AT,0,Ecom,2025-10-17
Austria,616.27,Returning,AT,0,Stores,2025-10-17
Austria,2246.0,New,AT,0,Ecom,2025-10-18
Austria,4699.52,New,AT,0,Stores,2025-10-18
Austria,1276.63,Returning,AT,0,Ecom,2025-10-18
Austria,98.2,Returning,AT,0,Stores,2025-10-18
Austria,1974.16,New,AT,0,Ecom,2025-10-19
Austria,2062.81,New,AT,0,Stores,2025-10-19
Austria,2474.12,Returning,AT,0,Ecom,2025-10-19
Austria,1899.95,Returning,AT,0,Stores,2025-10-19
Austria,2679.39,New,AT,0,Ecom,2025-10-20
Austria,1651.62,New,AT,0,Stores,2025-10-20
Austria,1282.07,Returning,AT,0,Ecom,2025-10-20
Austria,1430.85,Returning,AT,0,Stores,2025-10-20
Austria,2524.07,New,AT,0,Ecom,2025-10-21
Austria,2548.31,New,AT,0,Stores,2025-10-21
Austria,2051.47,Returning,AT,0,Ecom,2025-10-21
Austria,224.59,Returning,AT,0,Stores,2025-10-21
Austria,3699.35,New,AT,0,Ecom,2025-10-22
Austria,578.02,New,AT,0,Stores,2025-10-22
Austria,1799.11,Returning,AT,0,Ecom,2025-10-22
Austria,845.71,Returning,AT,0,Stores,2025-10-22
Austria,5676.71,New,AT,0,Ecom,2025-10-23
Austria,383.11,New,AT,0,Stores,2025-10-23
Austria,553.74,Returning,AT,0,Ecom,2025-10-23
Austria,195.05,Returning,AT,0,Stores,2025-10-23
Austria,2177.34,New,AT,0,Ecom,2025-10-24
Austria,3613.39,New,AT,0,Stores,2025-10-24
Austria,950.62,Returning,AT,0,Ecom,2025-10-24
Austria,390.61,Returning,AT,0,Stores,2025-10-24
Austria,3343.38,New,AT,0,Ecom,2025-10-25
Austria,2142.56,New,AT,0,Stores,2025-10-25
Austria,1973.8,Returning,AT,0,Ecom,2025-10-25
Austria,750.07,Returning,AT,0,Stores,2025-10-25
Austria,796.18,New,AT,0,Ecom,2025-10-26
Austria,3093.61,New,AT,0,Stores,2025-10-26
Austria,2484.25,Returning,AT,0,Ecom,2025-10-26
Austria,1316.58,Returning,AT,0,Stores,2025-10-26
Austria,3657.25,New,AT,0,Ecom,2025-10-27
Austria,1951.36,New,AT,0,Stores,2025-10-27
Austria,1682.96,Returning,AT,0,Ecom,2025-10-27
Austria,393.71,Returning,AT,0,Stores,2025-10-27
Austria,2910.05,New,AT,0,Ecom,2025-10-28
Austria,1575.75,New,AT,0,Stores,2025-10-28
Austria,1340.29,Returning,AT,0,Ecom,2025-10-28
Austria,394.52,Returning,AT,0,Stores,2025-10-28
Austria,1430.09,New,AT,0,Ecom,2025-10-29
Austria,3277.46,New,AT,0,Stores,2025-10-29
Austria,772.71,Returning,AT,0,Ecom,2025-10-29
Austria,708.58,Returning,AT,0,Stores,2025-10-29
Austria,1761.9,New,AT,0,Ecom,2025-10-30
Austria,3820.25,New,AT,0,Stores,2025-10-30
Austria,761.8,Returning,AT,0,Ecom,2025-10-30
Austria,669.06,Returning,AT,0,Stores,2025-10-30
Austria,4805.8,New,AT,0,Ecom,2025-10-31
Austria,635.44,New,AT,0,Stores,2025-10-31
Austria,2138.92,Returning,AT,0,Ecom,2025-10-31
Austria,684.74,Returning,AT,0,Stores,2025-10-31
Austria,3428.21,New,AT,0,Ecom,2025-11-01
Austria,3098.0,New,AT,0,Stores,2025-11-01
Austria,464.01,Returning,AT,0,Ecom,2025-11-01
Austria,131.74,Returning,AT,0,Stores,2025-11-01
Austria,2402.02,New,AT,0,Ecom,2025-11-02
Austria,2101.93,New,AT,0,Stores,2025-11-02
Austria,905.78,Returning,AT,0,Ecom,2025-11-02
Austria,1302.93,Returning,AT,0,Stores,2025-11-02
Austria,2074.14,New,AT,0,Ecom,2025-11-03
Austria,993.35,New,AT,0,Stores,2025-11-03
Austria,1971.29,Returning,AT,0,Ecom,2025-11-03
Austria,1482.99,Returning,AT,0,Stores,2025-11-03
Austria,2862.16,New,AT,0,Ecom,2025-11-04
Austria,958.64,New,AT,0,Stores,2025-11-04
Austria,1752.76,Returning,AT,0,Ecom,2025-11-04
Austria,2071.17,Returning,AT,0,Stores,2025-11-04
Austria,686.82,New,AT,0,Ecom,2025-11-05
Austria,3475.58,New,AT,0,Stores,2025-11-05
Austria,2343.97,Returning,AT,0,Ecom,2025-11-05
Austria,212.99,Returning,AT,0,Stores,2025-11-05
Austria,1818.51,New,AT,0,Ecom,2025-11-06
Austria,1578.95,New,AT,0,Stores,2025-11-06
Austria,1596.78,Returning,AT,0,Ecom,2025-11-06
Austria,2960.3,Returning,AT,0,Stores,2025-11-06
Austria,2093.31,New,AT,0,Ecom,2025-11-07
Austria,1187.82,New,AT,0,Stores,2025-11-07
Austria,3007.14,Returning,AT,0,Ecom,2025-11-07
Austria,1139.73,Returning,AT,0,Stores,2025-11-07
Austria,1092.28,New,AT,0,Ecom,2025-11-08
Austria,2546.2,New,AT,0,Stores,2025-11-08
Austria,3240.9,Returning,AT,0,Ecom,2025-11-08
Austria,1264.56,Returning,AT,0,Stores,2025-11-08
Austria,1902.99,New,AT,0,Ecom,2025-11-09
Austria,2866.43,New,AT,0,Stores,2025-11-09
Austria,1352.44,Returning,AT,0,Ecom,2025-11-09
Austria,1000.88,Returning,AT,0,Stores,2025-11-09
Austria,5662.57,New,AT,0,Ecom,2025-11-10
Austria,1037.57,New,AT,0,Stores,2025-11-10
Austria,808.97,Returning,AT,0,Ecom,2025-11-10
Austria,1186.26,Returning,AT,0,Stores,2025-11-10
Austria,1592.27,New,AT,0,Ecom,2025-11-11
Austria,3697.63,New,AT,0,Stores,2025-11-11
Austria,608.69,Returning,AT,0,Ecom,2025-11-11
Austria,1336.47,Returning,AT,0,Stores,2025-11-11
Austria,3624.97,New,AT,0,Ecom,2025-11-12
Austria,1703.74,New,AT,0,Stores,2025-11-12
Austria,785.72,Returning,AT,0,Ecom,2025-11-12
Austria,1061.35,Returning,AT,0,Stores,2025-11-12
Austria,1965.55,New,AT,0,Ecom,2025-11-13
Austria,4274.67,New,AT,0,Stores,2025-11-13
Austria,568.97,Returning,AT,0,Ecom,2025-11-13
Austria,900.27,Returning,AT,0,Stores,2025-11-13
Austria,3924.1,New,AT,0,Ecom,2025-11-14
Austria,2029.1,New,AT,0,Stores,2025-11-14
Austria,1292.0,Returning,AT,0,Ecom,2025-11-14
Austria,643.77,Returning,AT,0,Stores,2025-11-14
Austria,2040.5,New,AT,0,Ecom,2025-11-15
Austria,966.49,New,AT,0,Stores,2025-11-15
Austria,3812.58,Returning,AT,0,Ecom,2025-11-15
Austria,439.42,Returning,AT,0,Stores,2025-11-15
Austria,1484.1,New,AT,0,Ecom,2025-11-16
Austria,2910.56,New,AT,0,Stores,2025-11-16
Austria,1857.71,Returning,AT,0,Ecom,2025-11-16
Austria,1494.64,Returning,AT,0,Stores,2025-11-16
Austria,3284.33,New,AT,0,Ecom,2025-11-17
Austria,1969.24,New,AT,0,Stores,2025-11-17
Austria,1881.75,Returning,AT,0,Ecom,2025-11-17
Austria,512.04,Returning,AT,0,Stores,2025-11-17
Austria,1869.04,New,AT,0,Ecom,2025-11-18
Austria,3118.99,New,AT,0,Stores,2025-11-18
Austria,1277.35,Returning,AT,0,Ecom,2025-11-18
Austria,1431.65,Returning,AT,0,Stores,2025-11-18
Austria,3192.11,New,AT,0,Ecom,2025-11-19
Austria,1509.89,New,AT,0,Stores,2025-11-19
Austria,2059.47,Returning,AT,0,Ecom,2025-11-19
Austria,784.51,Returning,AT,0,Stores,2025-11-19
Austria,2366.03,New,AT,0,Ecom,2025-11-20
Austria,1245.68,New,AT,0,Stores,2025-11-20
Austria,3568.5,Returning,AT,0,Ecom,2025-11-20
Austria,358.36,Returning,AT,0,Stores,2025-11-20
Austria,2775.9,New,AT,0,Ecom,2025-11-21
Austria,4053.95,New,AT,0,Stores,2025-11-21
Austria,768.97,Returning,AT,0,Ecom,2025-11-21
Austria,130.97,Returning,AT,0,Stores,2025-11-21
Austria,1454.21,New,AT,0,Ecom,2025-11-22
Austria,1661.58,New,AT,0,Stores,2025-11-22
Austria,2708.85,Returning,AT,0,Ecom,2025-11-22
Austria,1164.56,Returning,AT,0,Stores,2025-11-22
Austria,2876.68,New,AT,0,Ecom,2025-11-23
Austria,1575.93,New,AT,0,Stores,2025-11-23
Austria,2529.85,Returning,AT,0,Ecom,2025-11-23
Austria,491.9,Returning,AT,0,Stores,2025-11-23
Austria,4143.49,New,AT,0,Ecom,2025-11-24
Austria,520.6,New,AT,0,Stores,2025-11-24
Austria,880.64,Returning,AT,0,Ecom,2025-11-24
Austria,1516.56,Returning,AT,0,Stores,2025-11-24
Austria,3498.08,New,AT,0,Ecom,2025-11-25
Austria,781.47,New,AT,0,Stores,2025-11-25
Austria,1981.22,Returning,AT,0,Ecom,2025-11-25
Austria,596.4,Returning,AT,0,Stores,2025-11-25
Austria,1394.57,New,AT,0,Ecom,2025-11-26
Austria,1106.11,New,AT,0,Stores,2025-11-26
Austria,3072.66,Returning,AT,0,Ecom,2025-11-26
Austria,1842.12,Returning,AT,0,Stores,2025-11-26
Austria,4317.77,New,AT,0,Ecom,2025-11-27
Austria,837.65,New,AT,0,Stores,2025-11-27
Austria,1837.5,Returning,AT,0,Ecom,2025-11-27
Austria,361.6,Returning,AT,0,Stores,2025-11-27
Austria,2888.27,New,AT,0,Ecom,2025-11-28
Austria,1395.3,New,AT,0,Stores,2025-11-28
Austria,2071.77,Returning,AT,0,Ecom,2025-11-28
Austria,806.81,Returning,AT,0,Stores,2025-11-28
Austria,2584.01,New,AT,0,Ecom,2025-11-29
Austria,2161.75,New,AT,0,Stores,2025-11-29
Austria,1163.76,Returning,AT,0,Ecom,2025-11-29
Austria,1058.49,Returning,AT,0,Stores,2025-11-29
Austria,3457.55,New,AT,0,Ecom,2025-11-30
Austria,351.2,New,AT,0,Stores,2025-11-30
Austria,2272.4,Returning,AT,0,Ecom,2025-11-30
Austria,793.03,Returning,AT,0,Stores,2025-11-30
Austria,4055.57,New,AT,0,Ecom,2025-12-01
Austria,1133.32,New,AT,0,Stores,2025-12-01
Austria,1562.83,Returning,AT,0,Ecom,2025-12-01
Austria,405.12,Returning,AT,0,Stores,2025-12-01
Austria,3719.22,New,AT,0,Ecom,2025-12-02
Austria,1588.13,New,AT,0,Stores,2025-12-02
Austria,799.98,Returning,AT,0,Ecom,2025-12-02
Austria,978.56,Returning,AT,0,Stores,2025-12-02
Austria,1652.86,New,AT,0,Ecom,2025-12-03
Austria,1411.79,New,AT,0,Stores,2025-12-03
Austria,1604.03,Returning,AT,0,Ecom,2025-12-03
Austria,2239.73,Returning,AT,0,Stores,2025-12-03
Austria,5130.25,New,AT,0,Ecom,2025-12-04
Austria,1009.9,New,AT,0,Stores,2025-12-04
Austria,547.62,Returning,AT,0,Ecom,2025-12-04
Austria,226.11,Returning,AT,0,Stores,2025-12-04
Austria,2526.44,New,AT,0,Ecom,2025-12-05
Austria,2504.86,New,AT,0,Stores,2025-12-05
Austria,2366.65,Returning,AT,0,Ecom,2025-12-05
Austria,233.08,Returning,AT,0,Stores,2025-12-05
Austria,841.78,New,AT,0,Ecom,2025-12-06
Austria,4668.17,New,AT,0,Stores,2025-12-06
Austria,1526.22,Returning,AT,0,Ecom,2025-12-06
Austria,155.09,Returning,AT,0,Stores,2025-12-06
Austria,2279.56,New,AT,0,Ecom,2025-12-07
Austria,1839.04,New,AT,0,Stores,2025-12-07
Austria,2149.58,Returning,AT,0,Ecom,2025-12-07
Austria,934.75,Returning,AT,0,Stores,2025-12-07
Austria,4979.39,New,AT,0,Ecom,2025-12-08
Austria,370.28,New,AT,0,Stores,2025-12-08
Austria,1661.83,Returning,AT,0,Ecom,2025-12-08
Austria,959.41,Returning,AT,0,Stores,2025-12-08
Austria,3199.09,New,AT,0,Ecom,2025-12-09
Austria,1471.08,New,AT,0,Stores,2025-12-09
Austria,1604.73,Returning,AT,0,Ecom,2025-12-09
Austria,551.66,Returning,AT,0,Stores,2025-12-09
Austria,4859.08,New,AT,0,Ecom,2025-12-10
Austria,1593.08,New,AT,0,Stores,2025-12-10
Austria,906.85,Returning,AT,0,Ecom,2025-12-10
Austria,40.99,Returning,AT,0,Stores,2025-12-10
Austria,1229.07,New,AT,0,Ecom,2025-12-11
Austria,3546.09,New,AT,0,Stores,2025-12-11
Austria,2299.56,Returning,AT,0,Ecom,2025-12-11
Austria,535.58,Returning,AT,0,Stores,2025-12-11
Austria,872.27,New,AT,0,Ecom,2025-12-12
Austria,1173.59,New,AT,0,Stores,2025-12-12
Austria,3800.6,Returning,AT,0,Ecom,2025-12-12
Austria,1950.7,Returning,AT,0,Stores,2025-12-12
Austria,4856.12,New,AT,0,Ecom,2025-12-13
Austria,534.78,New,AT,0,Stores,2025-12-13
Austria,969.81,Returning,AT,0,Ecom,2025-12-13
Austria,77.31,Returning,AT,0,Stores,2025-12-13
Austria,4392.07,New,AT,0,Ecom,2025-12-14
Austria,889.76,New,AT,0,Stores,2025-12-14
Austria,1525.73,Returning,AT,0,Ecom,2025-12-14
Austria,683.87,Returning,AT,0,Stores,2025-12-14
Austria,4120.57,New,AT,0,Ecom,2025-12-15
Austria,908.74,New,AT,0,Stores,2025-12-15
Austria,268.84,Returning,AT,0,Ecom,2025-12-15
Austria,2586.3,Returning,AT,0,Stores,2025-12-15
Austria,2232.39,New,AT,0,Ecom,2025-12-16
Austria,611.15,New,AT,0,Stores,2025-12-16
Austria,2985.07,Returning,AT,0,Ecom,2025-12-16
Austria,867.06,Returning,AT,0,Stores,2025-12-16
Austria,2596.36,New,AT,0,Ecom,2025-12-17
Austria,2452.09,New,AT,0,Stores,2025-12-17
Austria,521.42,Returning,AT,0,Ecom,2025-12-17
Austria,1336.87,Returning,AT,0,Stores,2025-12-17
Austria,3558.94,New,AT,0,Ecom,2025-12-18
Austria,1200.8,New,AT,0,Stores,2025-12-18
Austria,883.67,Returning,AT,0,Ecom,2025-12-18
Austria,1953.09,Returning,AT,0,Stores,2025-12-18
Austria,4486.0,New,AT,0,Ecom,2025-12-19
Austria,2322.39,New,AT,0,Stores,2025-12-19
Austria,685.34,Returning,AT,0,Ecom,2025-12-19
Austria,72.39,Returning,AT,0,Stores,2025-12-19
Austria,3266.93,New,AT,0,Ecom,2025-12-20
Austria,1049.89,New,AT,0,Stores,2025-12-20
Austria,2625.74,Returning,AT,0,Ecom,2025-12-20
Austria,61.72,Returning,AT,0,Stores,2025-12-20
Austria,2710.9,New,AT,0,Ecom,2025-12-21
Austria,995.67,New,AT,0,Stores,2025-12-21
Austria,3038.49,Returning,AT,0,Ecom,2025-12-21
Austria,556.62,Returning,AT,0,Stores,2025-12-21
Austria,3931.46,New,AT,0,Ecom,2025-12-22
Austria,1060.82,New,AT,0,Stores,2025-12-22
Austria,958.16,Returning,AT,0,Ecom,2025-12-22
Austria,1338.26,Returning,AT,0,Stores,2025-12-22
Austria,2613.7,New,AT,0,Ecom,2025-12-23
Austria,1866.78,New,AT,0,Stores,2025-12-23
Austria,1368.71,Returning,AT,0,Ecom,2025-12-23
Austria,1576.75,Returning,AT,0,Stores,2025-12-23
Austria,2768.44,New,AT,0,Ecom,2025-12-24
Austria,1131.87,New,AT,0,Stores,2025-12-24
Austria,3288.02,Returning,AT,0,Ecom,2025-12-24
Austria,915.18,Returning,AT,0,Stores,2025-12-24
Austria,959.05,New,AT,0,Ecom,2025-12-25
Austria,1739.77,New,AT,0,Stores,2025-12-25
Austria,4417.17,Returning,AT,0,Ecom,2025-12-25
Austria,408.64,Returning,AT,0,Stores,2025-12-25
Austria,996.1,New,AT,0,Ecom,2025-12-26
Austria,3276.99,New,AT,0,Stores,2025-12-26
Austria,1966.09,Returning,AT,0,Ecom,2025-12-26
Austria,389.0,Returning,AT,0,Stores,2025-12-26
Austria,1905.43,New,AT,0,Ecom,2025-12-27
Austria,1532.52,New,AT,0,Stores,2025-12-27
Austria,3471.06,Returning,AT,0,Ecom,2025-12-27
Austria,509.5,Returning,AT,0,Stores,2025-12-27
Austria,3027.98,New,AT,0,Ecom,2025-12-28
Austria,1280.42,New,AT,0,Stores,2025-12-28
Austria,1317.58,Returning,AT,0,Ecom,2025-12-28
Austria,1404.45,Returning,AT,0,Stores,2025-12-28
Austria,2906.19,New,AT,0,Ecom,2025-12-29
Austria,1973.79,New,AT,0,Stores,2025-12-29
Austria,2439.14,Returning,AT,0,Ecom,2025-12-29
Austria,27.96,Returning,AT,0,Stores,2025-12-29
Austria,1057.64,New,AT,0,Ecom,2025-12-30
Austria,225.5,New,AT,0,Stores,2025-12-30
Austria,5828.88,Returning,AT,0,Ecom,2025-12-30
Austria,56.62,Returning,AT,0,Stores,2025-12-30
Switzerland,2094.04,New,CH,0,Ecom,2024-01-01
Switzerland,389.48,New,CH,0,Stores,2024-01-01
Switzerland,1085.52,Returning,CH,0,Ecom,2024-01-01
Switzerland,1284.13,Returning,CH,0,Stores,2024-01-01
Switzerland,3257.99,New,CH,0,Ecom,2024-01-02
Switzerland,892.26,New,CH,0,Stores,2024-01-02
Switzerland,505.72,Returning,CH,0,Ecom,2024-01-02
Switzerland,666.27,Returning,CH,0,Stores,2024-01-02
Switzerland,2280.29,New,CH,0,Ecom,2024-01-03
Switzerland,741.6,New,CH,0,Stores,2024-01-03
Switzerland,1528.14,Returning,CH,0,Ecom,2024-01-03
Switzerland,1118.44,Returning,CH,0,Stores,2024-01-03
Switzerland,2209.06,New,CH,0,Ecom,2024-01-04
Switzerland,2579.06,New,CH,0,Stores,2024-01-04
Switzerland,531.98,Returning,CH,0,Ecom,2024-01-04
Switzerland,1177.96,Returning,CH,0,Stores,2024-01-04
Switzerland,1935.81,New,CH,0,Ecom,2024-01-05
Switzerland,1674.35,New,CH,0,Stores,2024-01-05
Switzerland,3323.77,Returning,CH,0,Ecom,2024-01-05
Switzerland,504.72,Returning,CH,0,Stores,2024-01-05
Switzerland,2764.25,New,CH,0,Ecom,2024-01-06
Switzerland,2756.91,New,CH,0,Stores,2024-01-06
Switzerland,1286.64,Returning,CH,0,Ecom,2024-01-06
Switzerland,316.51,Returning,CH,0,Stores,2024-01-06
Switzerland,1787.13,New,CH,0,Ecom,2024-01-07
Switzerland,2255.19,New,CH,0,Stores,2024-01-07
Switzerland,967.09,Returning,CH,0,Ecom,2024-01-07
Switzerland,286.37,Returning,CH,0,Stores,2024-01-07
Switzerland,811.35,New,CH,0,Ecom,2024-01-08
Switzerland,2076.25,New,CH,0,Stores,2024-01-08
Switzerland,540.71,Returning,CH,0,Ecom,2024-01-08
Switzerland,2087.0,Returning,CH,0,Stores,2024-01-08
Switzerland,2976.75,New,CH,0,Ecom,2024-01-09
Switzerland,1429.83,New,CH,0,Stores,2024-01-09
Switzerland,1120.49,Returning,CH,0,Ecom,2024-01-09
Switzerland,306.95,Returning,CH,0,Stores,2024-01-09
Switzerland,2179.04,New,CH,0,Ecom,2024-01-10
Switzerland,1174.44,New,CH,0,Stores,2024-01-10
Switzerland,1490.29,Returning,CH,0,Ecom,2024-01-10
Switzerland,1343.53,Returning,CH,0,Stores,2024-01-10
Switzerland,2817.64,New,CH,0,Ecom,2024-01-11
Switzerland,890.94,New,CH,0,Stores,2024-01-11
Switzerland,1731.87,Returning,CH,0,Ecom,2024-01-11
Switzerland,357.26,Returning,CH,0,Stores,2024-01-11
Switzerland,2050.88,New,CH,0,Ecom,2024-01-12
Switzerland,1172.42,New,CH,0,Stores,2024-01-12
Switzerland,2261.37,Returning,CH,0,Ecom,2024-01-12
Switzerland,3.56,Returning,CH,0,Stores,2024-01-12
Switzerland,1805.96,New,CH,0,Ecom,2024-01-13
Switzerland,648.29,New,CH,0,Stores,2024-01-13
Switzerland,1566.35,Returning,CH,0,Ecom,2024-01-13
Switzerland,1187.91,Returning,CH,0,Stores,2024-01-13
Switzerland,1950.14,New,CH,0,Ecom,2024-01-14
Switzerland,1563.59,New,CH,0,Stores,2024-01-14
Switzerland,2341.68,Returning,CH,0,Ecom,2024-01-14
Switzerland,825.32,Returning,CH,0,Stores,2024-01-14
Switzerland,1837.05,New,CH,0,Ecom,2024-01-15
Switzerland,2036.3,New,CH,0,Stores,2024-01-15
Switzerland,1948.34,Returning,CH,0,Ecom,2024-01-15
Switzerland,344.73,Returning,CH,0,Stores,2024-01-15
Switzerland,1255.77,New,CH,0,Ecom,2024-01-16
Switzerland,2099.11,New,CH,0,Stores,2024-01-16
Switzerland,1407.97,Returning,CH,0,Ecom,2024-01-16
Switzerland,1556.28,Returning,CH,0,Stores,2024-01-16
Switzerland,1180.97,New,CH,0,Ecom,2024-01-17
Switzerland,3259.92,New,CH,0,Stores,2024-01-17
Switzerland,539.26,Returning,CH,0,Ecom,2024-01-17
Switzerland,1280.72,Returning,CH,0,Stores,2024-01-17
Switzerland,3420.2,New,CH,0,Ecom,2024-01-18
Switzerland,807.57,New,CH,0,Stores,2024-01-18
Switzerland,1679.87,Returning,CH,0,Ecom,2024-01-18
Switzerland,868.61,Returning,CH,0,Stores,2024-01-18
Switzerland,2177.2,New,CH,0,Ecom,2024-01-19
Switzerland,183.94,New,CH,0,Stores,2024-01-19
Switzerland,1698.97,Returning,CH,0,Ecom,2024-01-19
Switzerland,1604.12,Returning,CH,0,Stores,2024-01-19
Switzerland,1887.42,New,CH,0,Ecom,2024-01-20
Switzerland,1261.36,New,CH,0,Stores,2024-01-20
Switzerland,1932.77,Returning,CH,0,Ecom,2024-01-20
Switzerland,663.8,Returning,CH,0,Stores,2024-01-20
Switzerland,1703.68,New,CH,0,Ecom,2024-01-21
Switzerland,2457.87,New,CH,0,Stores,2024-01-21
Switzerland,1052.46,Returning,CH,0,Ecom,2024-01-21
Switzerland,1541.73,Returning,CH,0,Stores,2024-01-21
Switzerland,2920.64,New,CH,0,Ecom,2024-01-22
Switzerland,163.59,New,CH,0,Stores,2024-01-22
Switzerland,2905.76,Returning,CH,0,Ecom,2024-01-22
Switzerland,1282.27,Returning,CH,0,Stores,2024-01-22
Switzerland,3530.55,New,CH,0,Ecom,2024-01-23
Switzerland,1824.7,New,CH,0,Stores,2024-01-23
Switzerland,400.06,Returning,CH,0,Ecom,2024-01-23
Switzerland,292.59,Returning,CH,0,Stores,2024-01-23
Switzerland,2517.83,New,CH,0,Ecom,2024-01-24
Switzerland,767.27,New,CH,0,Stores,2024-01-24
Switzerland,3595.48,Returning,CH,0,Ecom,2024-01-24
Switzerland,108.18,Returning,CH,0,Stores,2024-01-24
Switzerland,1268.32,New,CH,0,Ecom,2024-01-25
Switzerland,1647.63,New,CH,0,Stores,2024-01-25
Switzerland,1898.83,Returning,CH,0,Ecom,2024-01-25
Switzerland,749.16,Returning,CH,0,Stores,2024-01-25
Switzerland,1989.54,New,CH,0,Ecom,2024-01-26
Switzerland,210.9,New,CH,0,Stores,2024-01-26
Switzerland,2967.03,Returning,CH,0,Ecom,2024-01-26
Switzerland,1091.12,Returning,CH,0,Stores,2024-01-26
Switzerland,2257.2,New,CH,0,Ecom,2024-01-27
Switzerland,1482.4,New,CH,0,Stores,2024-01-27
Switzerland,1266.16,Returning,CH,0,Ecom,2024-01-27
Switzerland,1285.48,Returning,CH,0,Stores,2024-01-27
Switzerland,2826.0,New,CH,0,Ecom,2024-01-28
Switzerland,905.45,New,CH,0,Stores,2024-01-28
Switzerland,2140.05,Returning,CH,0,Ecom,2024-01-28
Switzerland,879.33,Returning,CH,0,Stores,2024-01-28
Switzerland,2072.84,New,CH,0,Ecom,2024-01-29
Switzerland,793.34,New,CH,0,Stores,2024-01-29
Switzerland,769.56,Returning,CH,0,Ecom,2024-01-29
Switzerland,1867.04,Returning,CH,0,Stores,2024-01-29
Switzerland,3595.26,New,CH,0,Ecom,2024-01-30
Switzerland,1372.41,New,CH,0,Stores,2024-01-30
Switzerland,1198.94,Returning,CH,0,Ecom,2024-01-30
Switzerland,437.49,Returning,CH,0,Stores,2024-01-30
Switzerland,3783.4,New,CH,0,Ecom,2024-01-31
Switzerland,1022.75,New,CH,0,Stores,2024-01-31
Switzerland,1061.63,Returning,CH,0,Ecom,2024-01-31
Switzerland,527.68,Returning,CH,0,Stores,2024-01-31
Switzerland,2440.89,New,CH,0,Ecom,2024-02-01
Switzerland,2553.14,New,CH,0,Stores,2024-02-01
Switzerland,869.12,Returning,CH,0,Ecom,2024-02-01
Switzerland,405.2,Returning,CH,0,Stores,2024-02-01
Switzerland,2176.62,New,CH,0,Ecom,2024-02-02
Switzerland,1424.17,New,CH,0,Stores,2024-02-02
Switzerland,1557.22,Returning,CH,0,Ecom,2024-02-02
Switzerland,1759.91,Returning,CH,0,Stores,2024-02-02
Switzerland,429.92,New,CH,0,Ecom,2024-02-03
Switzerland,4089.35,New,CH,0,Stores,2024-02-03
Switzerland,1101.32,Returning,CH,0,Ecom,2024-02-03
Switzerland,782.58,Returning,CH,0,Stores,2024-02-03
Switzerland,2160.22,New,CH,0,Ecom,2024-02-04
Switzerland,2180.92,New,CH,0,Stores,2024-02-04
Switzerland,1384.53,Returning,CH,0,Ecom,2024-02-04
Switzerland,990.82,Returning,CH,0,Stores,2024-02-04
Switzerland,2382.05,New,CH,0,Ecom,2024-02-05
Switzerland,715.88,New,CH,0,Stores,2024-02-05
Switzerland,2602.39,Returning,CH,0,Ecom,2024-02-05
Switzerland,257.36,Returning,CH,0,Stores,2024-02-05
Switzerland,1496.46,New,CH,0,Ecom,2024-02-06
Switzerland,958.43,New,CH,0,Stores,2024-02-06
Switzerland,2754.19,Returning,CH,0,Ecom,2024-02-06
Switzerland,830.0,Returning,CH,0,Stores,2024-02-06
Switzerland,952.09,New,CH,0,Ecom,2024-02-07
Switzerland,1605.44,New,CH,0,Stores,2024-02-07
Switzerland,3494.96,Returning,CH,0,Ecom,2024-02-07
Switzerland,792.19,Returning,CH,0,Stores,2024-02-07
Switzerland,1447.16,New,CH,0,Ecom,2024-02-08
Switzerland,2202.36,New,CH,0,Stores,2024-02-08
Switzerland,1811.08,Returning,CH,0,Ecom,2024-02-08
Switzerland,428.61,Returning,CH,0,Stores,2024-02-08
Switzerland,2481.39,New,CH,0,Ecom,2024-02-09
Switzerland,1746.5,New,CH,0,Stores,2024-02-09
Switzerland,687.16,Returning,CH,0,Ecom,2024-02-09
Switzerland,1386.62,Returning,CH,0,Stores,2024-02-09
Switzerland,1074.82,New,CH,0,Ecom,2024-02-10
Switzerland,2539.96,New,CH,0,Stores,2024-02-10
Switzerland,1620.09,Returning,CH,0,Ecom,2024-02-10
Switzerland,1111.91,Returning,CH,0,Stores,2024-02-10
Switzerland,3028.14,New,CH,0,Ecom,2024-02-11
Switzerland,1161.36,New,CH,0,Stores,2024-02-11
Switzerland,1269.23,Returning,CH,0,Ecom,2024-02-11
Switzerland,826.86,Returning,CH,0,Stores,2024-02-11
Switzerland,1027.14,New,CH,0,Ecom,2024-02-12
Switzerland,585.69,New,CH,0,Stores,2024-02-12
Switzerland,4038.06,Returning,CH,0,Ecom,2024-02-12
Switzerland,106.3,Returning,CH,0,Stores,2024-02-12
Switzerland,3047.84,New,CH,0,Ecom,2024-02-13
Switzerland,1213.81,New,CH,0,Stores,2024-02-13
Switzerland,1780.71,Returning,CH,0,Ecom,2024-02-13
Switzerland,126.56,Returning,CH,0,Stores,2024-02-13
Switzerland,1983.0,New,CH,0,Ecom,2024-02-14
Switzerland,2467.71,New,CH,0,Stores,2024-02-14
Switzerland,1513.28,Returning,CH,0,Ecom,2024-02-14
Switzerland,714.68,Returning,CH,0,Stores,2024-02-14
Switzerland,1895.84,New,CH,0,Ecom,2024-02-15
Switzerland,2077.65,New,CH,0,Stores,2024-02-15
Switzerland,2038.66,Returning,CH,0,Ecom,2024-02-15
Switzerland,558.65,Returning,CH,0,Stores,2024-02-15
Switzerland,4033.32,New,CH,0,Ecom,2024-02-16
Switzerland,493.47,New,CH,0,Stores,2024-02-16
Switzerland,1173.53,Returning,CH,0,Ecom,2024-02-16
Switzerland,257.74,Returning,CH,0,Stores,2024-02-16
Switzerland,1983.56,New,CH,0,Ecom,2024-02-17
Switzerland,817.4,New,CH,0,Stores,2024-02-17
Switzerland,3918.13,Returning,CH,0,Ecom,2024-02-17
Switzerland,499.34,Returning,CH,0,Stores,2024-02-17
Switzerland,3594.58,New,CH,0,Ecom,2024-02-18
Switzerland,376.37,New,CH,0,Stores,2024-02-18
Switzerland,1870.81,Returning,CH,0,Ecom,2024-02-18
Switzerland,803.74,Returning,CH,0,Stores,2024-02-18
Switzerland,1934.05,New,CH,0,Ecom,2024-02-19
Switzerland,2106.41,New,CH,0,Stores,2024-02-19
Switzerland,1769.56,Returning,CH,0,Ecom,2024-02-19
Switzerland,553.72,Returning,CH,0,Stores,2024-02-19
Switzerland,4919.13,New,CH,0,Ecom,2024-02-20
Switzerland,638.29,New,CH,0,Stores,2024-02-20
Switzerland,803.45,Returning,CH,0,Ecom,2024-02-20
Switzerland,284.94,Returning,CH,0,Stores,2024-02-20
Switzerland,3686.7,New,CH,0,Ecom,2024-02-21
Switzerland,2475.77,New,CH,0,Stores,2024-02-21
Switzerland,777.25,Returning,CH,0,Ecom,2024-02-21
Switzerland,433.63,Returning,CH,0,Stores,2024-02-21
Switzerland,2915.37,New,CH,0,Ecom,2024-02-22
Switzerland,1078.73,New,CH,0,Stores,2024-02-22
Switzerland,1507.95,Returning,CH,0,Ecom,2024-02-22
Switzerland,833.31,Returning,CH,0,Stores,2024-02-22
Switzerland,4483.64,New,CH,0,Ecom,2024-02-23
Switzerland,159.62,New,CH,0,Stores,2024-02-23
Switzerland,1917.18,Returning,CH,0,Ecom,2024-02-23
Switzerland,431.82,Returning,CH,0,Stores,2024-02-23
Switzerland,2262.11,New,CH,0,Ecom,2024-02-24
Switzerland,2089.09,New,CH,0,Stores,2024-02-24
Switzerland,1336.27,Returning,CH,0,Ecom,2024-02-24
Switzerland,112.72,Returning,CH,0,Stores,2024-02-24
Switzerland,2034.38,New,CH,0,Ecom,2024-02-25
Switzerland,3005.83,New,CH,0,Stores,2024-02-25
Switzerland,1022.54,Returning,CH,0,Ecom,2024-02-25
Switzerland,105.78,Returning,CH,0,Stores,2024-02-25
Switzerland,3142.91,New,CH,0,Ecom,2024-02-26
Switzerland,670.89,New,CH,0,Stores,2024-02-26
Switzerland,1279.23,Returning,CH,0,Ecom,2024-02-26
Switzerland,1070.01,Returning,CH,0,Stores,2024-02-26
Switzerland,1035.93,New,CH,0,Ecom,2024-02-27
Switzerland,1688.69,New,CH,0,Stores,2024-02-27
Switzerland,1583.99,Returning,CH,0,Ecom,2024-02-27
Switzerland,785.6,Returning,CH,0,Stores,2024-02-27
Switzerland,1730.98,New,CH,0,Ecom,2024-02-28
Switzerland,1060.03,New,CH,0,Stores,2024-02-28
Switzerland,1672.03,Returning,CH,0,Ecom,2024-02-28
Switzerland,906.51,Returning,CH,0,Stores,2024-02-28
Switzerland,1946.97,New,CH,0,Ecom,2024-02-29
Switzerland,2600.07,New,CH,0,Stores,2024-02-29
Switzerland,1210.97,Returning,CH,0,Ecom,2024-02-29
Switzerland,856.83,Returning,CH,0,Stores,2024-02-29
Switzerland,1503.08,New,CH,0,Ecom,2024-03-01
Switzerland,2358.59,New,CH,0,Stores,2024-03-01
Switzerland,505.7,Returning,CH,0,Ecom,2024-03-01
Switzerland,1329.21,Returning,CH,0,Stores,2024-03-01
Switzerland,3839.25,New,CH,0,Ecom,2024-03-02
Switzerland,735.73,New,CH,0,Stores,2024-03-02
Switzerland,858.79,Returning,CH,0,Ecom,2024-03-02
Switzerland,892.66,Returning,CH,0,Stores,2024-03-02
Switzerland,2935.07,New,CH,0,Ecom,2024-03-03
Switzerland,2086.9,New,CH,0,Stores,2024-03-03
Switzerland,490.85,Returning,CH,0,Ecom,2024-03-03
Switzerland,221.14,Returning,CH,0,Stores,2024-03-03
Switzerland,3903.4,New,CH,0,Ecom,2024-03-04
Switzerland,604.8,New,CH,0,Stores,2024-03-04
Switzerland,1500.38,Returning,CH,0,Ecom,2024-03-04
Switzerland,766.65,Returning,CH,0,Stores,2024-03-04
Switzerland,558.13,New,CH,0,Ecom,2024-03-05
Switzerland,3949.77,New,CH,0,Stores,2024-03-05
Switzerland,477.69,Returning,CH,0,Ecom,2024-03-05
Switzerland,699.62,Returning,CH,0,Stores,2024-03-05
Switzerland,2129.89,New,CH,0,Ecom,2024-03-06
Switzerland,2863.6,New,CH,0,Stores,2024-03-06
Switzerland,747.75,Returning,CH,0,Ecom,2024-03-06
Switzerland,174.14,Returning,CH,0,Stores,2024-03-06
Switzerland,2013.07,New,CH,0,Ecom,2024-03-07
Switzerland,1078.42,New,CH,0,Stores,2024-03-07
Switzerland,1509.1,Returning,CH,0,Ecom,2024-03-07
Switzerland,1429.19,Returning,CH,0,Stores,2024-03-07
Switzerland,3004.65,New,CH,0,Ecom,2024-03-08
Switzerland,1461.88,New,CH,0,Stores,2024-03-08
Switzerland,1805.67,Returning,CH,0,Ecom,2024-03-08
Switzerland,207.04,Returning,CH,0,Stores,2024-03-08
Switzerland,2240.19,New,CH,0,Ecom,2024-03-09
Switzerland,1224.75,New,CH,0,Stores,2024-03-09
Switzerland,1880.67,Returning,CH,0,Ecom,2024-03-09
Switzerland,238.59,Returning,CH,0,Stores,2024-03-09
Switzerland,1066.46,New,CH,0,Ecom,2024-03-10
Switzerland,1601.89,New,CH,0,Stores,2024-03-10
Switzerland,890.96,Returning,CH,0,Ecom,2024-03-10
Switzerland,2968.75,Returning,CH,0,Stores,2024-03-10
Switzerland,4066.96,New,CH,0,Ecom,2024-03-11
Switzerland,237.83,New,CH,0,Stores,2024-03-11
Switzerland,1377.89,Returning,CH,0,Ecom,2024-03-11
Switzerland,107.44,Returning,CH,0,Stores,2024-03-11
Switzerland,2177.63,New,CH,0,Ecom,2024-03-12
Switzerland,2179.71,New,CH,0,Stores,2024-03-12
Switzerland,772.24,Returning,CH,0,Ecom,2024-03-12
Switzerland,687.17,Returning,CH,0,Stores,2024-03-12
Switzerland,3344.71,New,CH,0,Ecom,2024-03-13
Switzerland,1265.31,New,CH,0,Stores,2024-03-13
Switzerland,517.01,Returning,CH,0,Ecom,2024-03-13
Switzerland,1083.51,Returning,CH,0,Stores,2024-03-13
Switzerland,2466.98,New,CH,0,Ecom,2024-03-14
Switzerland,391.74,New,CH,0,Stores,2024-03-14
Switzerland,2463.47,Returning,CH,0,Ecom,2024-03-14
Switzerland,503.07,Returning,CH,0,Stores,2024-03-14
Switzerland,2924.61,New,CH,0,Ecom,2024-03-15
Switzerland,1867.27,New,CH,0,Stores,2024-03-15
Switzerland,1584.68,Returning,CH,0,Ecom,2024-03-15
Switzerland,16.68,Returning,CH,0,Stores,2024-03-15
Switzerland,1583.54,New,CH,0,Ecom,2024-03-16
Switzerland,2244.89,New,CH,0,Stores,2024-03-16
Switzerland,2452.13,Returning,CH,0,Ecom,2024-03-16
Switzerland,177.3,Returning,CH,0,Stores,2024-03-16
Switzerland,1626.78,New,CH,0,Ecom,2024-03-17
Switzerland,1606.38,New,CH,0,Stores,2024-03-17
Switzerland,2406.49,Returning,CH,0,Ecom,2024-03-17
Switzerland,340.5,Returning,CH,0,Stores,2024-03-17
Switzerland,3088.7,New,CH,0,Ecom,2024-03-18
Switzerland,1159.44,New,CH,0,Stores,2024-03-18
Switzerland,1684.62,Returning,CH,0,Ecom,2024-03-18
Switzerland,416.15,Returning,CH,0,Stores,2024-03-18
Switzerland,2127.45,New,CH,0,Ecom,2024-03-19
Switzerland,3591.41,New,CH,0,Stores,2024-03-19
Switzerland,774.18,Returning,CH,0,Ecom,2024-03-19
Switzerland,204.2,Returning,CH,0,Stores,2024-03-19
Switzerland,981.47,New,CH,0,Ecom,2024-03-20
Switzerland,1712.4,New,CH,0,Stores,2024-03-20
Switzerland,3189.85,Returning,CH,0,Ecom,2024-03-20
Switzerland,540.34,Returning,CH,0,Stores,2024-03-20
Switzerland,1707.24,New,CH,0,Ecom,2024-03-21
Switzerland,2480.92,New,CH,0,Stores,2024-03-21
Switzerland,621.38,Returning,CH,0,Ecom,2024-03-21
Switzerland,1535.08,Returning,CH,0,Stores,2024-03-21
Switzerland,5302.23,New,CH,0,Ecom,2024-03-22
Switzerland,304.51,New,CH,0,Stores,2024-03-22
Switzerland,191.37,Returning,CH,0,Ecom,2024-03-22
Switzerland,369.94,Returning,CH,0,Stores,2024-03-22
Switzerland,2574.77,New,CH,0,Ecom,2024-03-23
Switzerland,1243.97,New,CH,0,Stores,2024-03-23
Switzerland,1168.53,Returning,CH,0,Ecom,2024-03-23
Switzerland,967.05,Returning,CH,0,Stores,2024-03-23
Switzerland,1534.34,New,CH,0,Ecom,2024-03-24
Switzerland,2925.49,New,CH,0,Stores,2024-03-24
Switzerland,625.81,Returning,CH,0,Ecom,2024-03-24
Switzerland,1672.4,Returning,CH,0,Stores,2024-03-24
Switzerland,4314.52,New,CH,0,Ecom,2024-03-25
Switzerland,795.02,New,CH,0,Stores,2024-03-25
Switzerland,829.28,Returning,CH,0,Ecom,2024-03-25
Switzerland,62.29,Returning,CH,0,Stores,2024-03-25
Switzerland,1763.04,New,CH,0,Ecom,2024-03-26
Switzerland,1291.57,New,CH,0,Stores,2024-03-26
Switzerland,2362.54,Returning,CH,0,Ecom,2024-03-26
Switzerland,419.96,Returning,CH,0,Stores,2024-03-26
Switzerland,2135.93,New,CH,0,Ecom,2024-03-27
Switzerland,2768.58,New,CH,0,Stores,2024-03-27
Switzerland,1238.71,Returning,CH,0,Ecom,2024-03-27
Switzerland,56.69,Returning,CH,0,Stores,2024-03-27
Switzerland,2779.86,New,CH,0,Ecom,2024-03-28
Switzerland,2296.17,New,CH,0,Stores,2024-03-28
Switzerland,1473.89,Returning,CH,0,Ecom,2024-03-28
Switzerland,454.77,Returning,CH,0,Stores,2024-03-28
Switzerland,3987.05,New,CH,0,Ecom,2024-03-29
Switzerland,2363.3,New,CH,0,Stores,2024-03-29
Switzerland,2137.15,Returning,CH,0,Ecom,2024-03-29
Switzerland,148.63,Returning,CH,0,Stores,2024-03-29
Switzerland,3937.78,New,CH,0,Ecom,2024-03-30
Switzerland,1581.36,New,CH,0,Stores,2024-03-30
Switzerland,458.48,Returning,CH,0,Ecom,2024-03-30
Switzerland,2697.44,Returning,CH,0,Stores,2024-03-30
Switzerland,2497.64,New,CH,0,Ecom,2024-03-31
Switzerland,1244.68,New,CH,0,Stores,2024-03-31
Switzerland,1514.38,Returning,CH,0,Ecom,2024-03-31
Switzerland,593.72,Returning,CH,0,Stores,2024-03-31
Switzerland,2572.28,New,CH,0,Ecom,2024-04-01
Switzerland,2583.07,New,CH,0,Stores,2024-04-01
Switzerland,1595.01,Returning,CH,0,Ecom,2024-04-01
Switzerland,531.16,Returning,CH,0,Stores,2024-04-01
Switzerland,1438.8,New,CH,0,Ecom,2024-04-02
Switzerland,1872.15,New,CH,0,Stores,2024-04-02
Switzerland,2350.09,Returning,CH,0,Ecom,2024-04-02
Switzerland,670.35,Returning,CH,0,Stores,2024-04-02
Switzerland,1008.87,New,CH,0,Ecom,2024-04-03
Switzerland,751.44,New,CH,0,Stores,2024-04-03
Switzerland,2968.78,Returning,CH,0,Ecom,2024-04-03
Switzerland,1266.34,Returning,CH,0,Stores,2024-04-03
Switzerland,1836.05,New,CH,0,Ecom,2024-04-04
Switzerland,1537.55,New,CH,0,Stores,2024-04-04
Switzerland,611.23,Returning,CH,0,Ecom,2024-04-04
Switzerland,2629.21,Returning,CH,0,Stores,2024-04-04
Switzerland,1649.16,New,CH,0,Ecom,2024-04-05
Switzerland,2093.07,New,CH,0,Stores,2024-04-05
Switzerland,1776.08,Returning,CH,0,Ecom,2024-04-05
Switzerland,927.42,Returning,CH,0,Stores,2024-04-05
Switzerland,2736.3,New,CH,0,Ecom,2024-04-06
Switzerland,629.6,New,CH,0,Stores,2024-04-06
Switzerland,1967.75,Returning,CH,0,Ecom,2024-04-06
Switzerland,597.91,Returning,CH,0,Stores,2024-04-06
Switzerland,2452.33,New,CH,0,Ecom,2024-04-07
Switzerland,264.13,New,CH,0,Stores,2024-04-07
Switzerland,417.7,Returning,CH,0,Ecom,2024-04-07
Switzerland,2475.63,Returning,CH,0,Stores,2024-04-07
Switzerland,1561.8,New,CH,0,Ecom,2024-04-08
Switzerland,672.7,New,CH,0,Stores,2024-04-08
Switzerland,1593.72,Returning,CH,0,Ecom,2024-04-08
Switzerland,2808.73,Returning,CH,0,Stores,2024-04-08
Switzerland,4635.55,New,CH,0,Ecom,2024-04-09
Switzerland,201.93,New,CH,0,Stores,2024-04-09
Switzerland,1385.16,Returning,CH,0,Ecom,2024-04-09
Switzerland,20.27,Returning,CH,0,Stores,2024-04-09
Switzerland,3003.96,New,CH,0,Ecom,2024-04-10
Switzerland,570.32,New,CH,0,Stores,2024-04-10
Switzerland,2163.19,Returning,CH,0,Ecom,2024-04-10
Switzerland,166.95,Returning,CH,0,Stores,2024-04-10
Switzerland,1813.64,New,CH,0,Ecom,2024-04-11
Switzerland,2886.36,New,CH,0,Stores,2024-04-11
Switzerland,1197.79,Returning,CH,0,Ecom,2024-04-11
Switzerland,326.4,Returning,CH,0,Stores,2024-04-11
Switzerland,2797.55,New,CH,0,Ecom,2024-04-12
Switzerland,1644.02,New,CH,0,Stores,2024-04-12
Switzerland,985.95,Returning,CH,0,Ecom,2024-04-12
Switzerland,868.39,Returning,CH,0,Stores,2024-04-12
Switzerland,1582.41,New,CH,0,Ecom,2024-04-13
Switzerland,864.68,New,CH,0,Stores,2024-04-13
Switzerland,2679.12,Returning,CH,0,Ecom,2024-04-13
Switzerland,789.03,Returning,CH,0,Stores,2024-04-13
Switzerland,1893.18,New,CH,0,Ecom,2024-04-14
Switzerland,5290.45,New,CH,0,Stores,2024-04-14
Switzerland,262.46,Returning,CH,0,Ecom,2024-04-14
Switzerland,237.28,Returning,CH,0,Stores,2024-04-14
Switzerland,1979.89,New,CH,0,Ecom,2024-04-15
Switzerland,463.95,New,CH,0,Stores,2024-04-15
Switzerland,3043.12,Returning,CH,0,Ecom,2024-04-15
Switzerland,482.01,Returning,CH,0,Stores,2024-04-15
Switzerland,3287.18,New,CH,0,Ecom,2024-04-16
Switzerland,1132.01,New,CH,0,Stores,2024-04-16
Switzerland,625.04,Returning,CH,0,Ecom,2024-04-16
Switzerland,1038.85,Returning,CH,0,Stores,2024-04-16
Switzerland,2837.32,New,CH,0,Ecom,2024-04-17
Switzerland,1710.62,New,CH,0,Stores,2024-04-17
Switzerland,1138.11,Returning,CH,0,Ecom,2024-04-17
Switzerland,1320.58,Returning,CH,0,Stores,2024-04-17
Switzerland,770.69,New,CH,0,Ecom,2024-04-18
Switzerland,2052.05,New,CH,0,Stores,2024-04-18
Switzerland,3546.35,Returning,CH,0,Ecom,2024-04-18
Switzerland,299.04,Returning,CH,0,Stores,2024-04-18
Switzerland,2019.78,New,CH,0,Ecom,2024-04-19
Switzerland,2123.52,New,CH,0,Stores,2024-04-19
Switzerland,1814.19,Returning,CH,0,Ecom,2024-04-19
Switzerland,492.72,Returning,CH,0,Stores,2024-04-19
Switzerland,2805.83,New,CH,0,Ecom,2024-04-20
Switzerland,3333.8,New,CH,0,Stores,2024-04-20
Switzerland,905.39,Returning,CH,0,Ecom,2024-04-20
Switzerland,388.81,Returning,CH,0,Stores,2024-04-20
Switzerland,1983.76,New,CH,0,Ecom,2024-04-21
Switzerland,3237.48,New,CH,0,Stores,2024-04-21
Switzerland,293.67,Returning,CH,0,Ecom,2024-04-21
Switzerland,296.92,Returning,CH,0,Stores,2024-04-21
Switzerland,1261.87,New,CH,0,Ecom,2024-04-22
Switzerland,3427.72,New,CH,0,Stores,2024-04-22
Switzerland,1981.55,Returning,CH,0,Ecom,2024-04-22
Switzerland,272.76,Returning,CH,0,Stores,2024-04-22
Switzerland,2216.87,New,CH,0,Ecom,2024-04-23
Switzerland,875.86,New,CH,0,Stores,2024-04-23
Switzerland,3106.05,Returning,CH,0,Ecom,2024-04-23
Switzerland,80.13,Returning,CH,0,Stores,2024-04-23
Switzerland,1476.68,New,CH,0,Ecom,2024-04-24
Switzerland,3154.07,New,CH,0,Stores,2024-04-24
Switzerland,2180.93,Returning,CH,0,Ecom,2024-04-24
Switzerland,55.76,Returning,CH,0,Stores,2024-04-24
Switzerland,5009.36,New,CH,0,Ecom,2024-04-25
Switzerland,285.37,New,CH,0,Stores,2024-04-25
Switzerland,1230.88,Returning,CH,0,Ecom,2024-04-25
Switzerland,727.45,Returning,CH,0,Stores,2024-04-25
Switzerland,2959.39,New,CH,0,Ecom,2024-04-26
Switzerland,2903.44,New,CH,0,Stores,2024-04-26
Switzerland,847.23,Returning,CH,0,Ecom,2024-04-26
Switzerland,353.97,Returning,CH,0,Stores,2024-04-26
Switzerland,2868.53,New,CH,0,Ecom,2024-04-27
Switzerland,769.35,New,CH,0,Stores,2024-04-27
Switzerland,2736.24,Returning,CH,0,Ecom,2024-04-27
Switzerland,702.45,Returning,CH,0,Stores,2024-04-27
Switzerland,3700.8,New,CH,0,Ecom,2024-04-28
Switzerland,853.95,New,CH,0,Stores,2024-04-28
Switzerland,1572.2,Returning,CH,0,Ecom,2024-04-28
Switzerland,172.03,Returning,CH,0,Stores,2024-04-28
Switzerland,2632.53,New,CH,0,Ecom,2024-04-29
Switzerland,3312.16,New,CH,0,Stores,2024-04-29
Switzerland,1502.57,Returning,CH,0,Ecom,2024-04-29
Switzerland,125.86,Returning,CH,0,Stores,2024-04-29
Switzerland,2186.56,New,CH,0,Ecom,2024-04-30
Switzerland,2114.27,New,CH,0,Stores,2024-04-30
Switzerland,2560.71,Returning,CH,0,Ecom,2024-04-30
Switzerland,279.46,Returning,CH,0,Stores,2024-04-30
Switzerland,1486.97,New,CH,0,Ecom,2024-05-01
Switzerland,915.36,New,CH,0,Stores,2024-05-01
Switzerland,3410.28,Returning,CH,0,Ecom,2024-05-01
Switzerland,1958.2,Returning,CH,0,Stores,2024-05-01
Switzerland,3628.14,New,CH,0,Ecom,2024-05-02
Switzerland,807.76,New,CH,0,Stores,2024-05-02
Switzerland,2238.36,Returning,CH,0,Ecom,2024-05-02
Switzerland,320.51,Returning,CH,0,Stores,2024-05-02
Switzerland,2619.73,New,CH,0,Ecom,2024-05-03
Switzerland,2607.13,New,CH,0,Stores,2024-05-03
Switzerland,930.9,Returning,CH,0,Ecom,2024-05-03
Switzerland,241.01,Returning,CH,0,Stores,2024-05-03
Switzerland,3564.42,New,CH,0,Ecom,2024-05-04
Switzerland,1016.96,New,CH,0,Stores,2024-05-04
Switzerland,468.83,Returning,CH,0,Ecom,2024-05-04
Switzerland,1370.1,Returning,CH,0,Stores,2024-05-04
Switzerland,2317.04,New,CH,0,Ecom,2024-05-05
Switzerland,718.9,New,CH,0,Stores,2024-05-05
Switzerland,2403.02,Returning,CH,0,Ecom,2024-05-05
Switzerland,1408.56,Returning,CH,0,Stores,2024-05-05
Switzerland,3005.12,New,CH,0,Ecom,2024-05-06
Switzerland,3199.33,New,CH,0,Stores,2024-05-06
Switzerland,344.47,Returning,CH,0,Ecom,2024-05-06
Switzerland,337.03,Returning,CH,0,Stores,2024-05-06
Switzerland,4133.25,New,CH,0,Ecom,2024-05-07
Switzerland,714.51,New,CH,0,Stores,2024-05-07
Switzerland,757.61,Returning,CH,0,Ecom,2024-05-07
Switzerland,609.33,Returning,CH,0,Stores,2024-05-07
Switzerland,1540.27,New,CH,0,Ecom,2024-05-08
Switzerland,2331.21,New,CH,0,Stores,2024-05-08
Switzerland,1482.8,Returning,CH,0,Ecom,2024-05-08
Switzerland,1520.46,Returning,CH,0,Stores,2024-05-08
Switzerland,4170.99,New,CH,0,Ecom,2024-05-09
Switzerland,891.74,New,CH,0,Stores,2024-05-09
Switzerland,551.5,Returning,CH,0,Ecom,2024-05-09
Switzerland,1006.9,Returning,CH,0,Stores,2024-05-09
Switzerland,1273.82,New,CH,0,Ecom,2024-05-10
Switzerland,2121.93,New,CH,0,Stores,2024-05-10
Switzerland,1539.23,Returning,CH,0,Ecom,2024-05-10
Switzerland,1877.21,Returning,CH,0,Stores,2024-05-10
Switzerland,1931.6,New,CH,0,Ecom,2024-05-11
Switzerland,2130.98,New,CH,0,Stores,2024-05-11
Switzerland,1996.45,Returning,CH,0,Ecom,2024-05-11
Switzerland,666.89,Returning,CH,0,Stores,2024-05-11
Switzerland,2269.14,New,CH,0,Ecom,2024-05-12
Switzerland,2097.97,New,CH,0,Stores,2024-05-12
Switzerland,1421.52,Returning,CH,0,Ecom,2024-05-12
Switzerland,430.25,Returning,CH,0,Stores,2024-05-12
Switzerland,1523.27,New,CH,0,Ecom,2024-05-13
Switzerland,1692.61,New,CH,0,Stores,2024-05-13
Switzerland,3071.27,Returning,CH,0,Ecom,2024-05-13
Switzerland,91.95,Returning,CH,0,Stores,2024-05-13
Switzerland,559.6,New,CH,0,Ecom,2024-05-14
Switzerland,373.68,New,CH,0,Stores,2024-05-14
Switzerland,1969.51,Returning,CH,0,Ecom,2024-05-14
Switzerland,3402.69,Returning,CH,0,Stores,2024-05-14
Switzerland,2864.68,New,CH,0,Ecom,2024-05-15
Switzerland,1070.72,New,CH,0,Stores,2024-05-15
Switzerland,1797.55,Returning,CH,0,Ecom,2024-05-15
Switzerland,719.36,Returning,CH,0,Stores,2024-05-15
Switzerland,3779.83,New,CH,0,Ecom,2024-05-16
Switzerland,216.28,New,CH,0,Stores,2024-05-16
Switzerland,887.45,Returning,CH,0,Ecom,2024-05-16
Switzerland,1493.93,Returning,CH,0,Stores,2024-05-16
Switzerland,3065.64,New,CH,0,Ecom,2024-05-17
Switzerland,1695.7,New,CH,0,Stores,2024-05-17
Switzerland,1278.55,Returning,CH,0,Ecom,2024-05-17
Switzerland,318.62,Returning,CH,0,Stores,2024-05-17
Switzerland,2508.17,New,CH,0,Ecom,2024-05-18
Switzerland,522.42,New,CH,0,Stores,2024-05-18
Switzerland,2486.07,Returning,CH,0,Ecom,2024-05-18
Switzerland,865.6,Returning,CH,0,Stores,2024-05-18
Switzerland,3766.24,New,CH,0,Ecom,2024-05-19
Switzerland,1693.23,New,CH,0,Stores,2024-05-19
Switzerland,657.82,Returning,CH,0,Ecom,2024-05-19
Switzerland,185.61,Returning,CH,0,Stores,2024-05-19
Switzerland,1919.4,New,CH,0,Ecom,2024-05-20
Switzerland,2053.59,New,CH,0,Stores,2024-05-20
Switzerland,1347.97,Returning,CH,0,Ecom,2024-05-20
Switzerland,429.82,Returning,CH,0,Stores,2024-05-20
Switzerland,2223.29,New,CH,0,Ecom,2024-05-21
Switzerland,2840.21,New,CH,0,Stores,2024-05-21
Switzerland,971.38,Returning,CH,0,Ecom,2024-05-21
Switzerland,270.0,Returning,CH,0,Stores,2024-05-21
Switzerland,3149.94,New,CH,0,Ecom,2024-05-22
Switzerland,1035.06,New,CH,0,Stores,2024-05-22
Switzerland,2238.19,Returning,CH,0,Ecom,2024-05-22
Switzerland,737.82,Returning,CH,0,Stores,2024-05-22
Switzerland,2256.53,New,CH,0,Ecom,2024-05-23
Switzerland,1336.26,New,CH,0,Stores,2024-05-23
Switzerland,3021.37,Returning,CH,0,Ecom,2024-05-23
Switzerland,561.51,Returning,CH,0,Stores,2024-05-23
Switzerland,1144.63,New,CH,0,Ecom,2024-05-24
Switzerland,1348.51,New,CH,0,Stores,2024-05-24
Switzerland,3353.34,Returning,CH,0,Ecom,2024-05-24
Switzerland,612.79,Returning,CH,0,Stores,2024-05-24
Switzerland,1611.07,New,CH,0,Ecom,2024-05-25
Switzerland,1190.63,New,CH,0,Stores,2024-05-25
Switzerland,3093.38,Returning,CH,0,Ecom,2024-05-25
Switzerland,1511.41,Returning,CH,0,Stores,2024-05-25
Switzerland,2152.4,New,CH,0,Ecom,2024-05-26
Switzerland,1696.31,New,CH,0,Stores,2024-05-26
Switzerland,664.25,Returning,CH,0,Ecom,2024-05-26
Switzerland,1456.43,Returning,CH,0,Stores,2024-05-26
Switzerland,1130.9,New,CH,0,Ecom,2024-05-27
Switzerland,5086.06,New,CH,0,Stores,2024-05-27
Switzerland,1516.99,Returning,CH,0,Ecom,2024-05-27
Switzerland,333.48,Returning,CH,0,Stores,2024-05-27
Switzerland,2505.24,New,CH,0,Ecom,2024-05-28
Switzerland,1900.41,New,CH,0,Stores,2024-05-28
Switzerland,501.91,Returning,CH,0,Ecom,2024-05-28
Switzerland,1973.91,Returning,CH,0,Stores,2024-05-28
Switzerland,1490.63,New,CH,0,Ecom,2024-05-29
Switzerland,3070.81,New,CH,0,Stores,2024-05-29
Switzerland,3179.73,Returning,CH,0,Ecom,2024-05-29
Switzerland,148.98,Returning,CH,0,Stores,2024-05-29
Switzerland,2818.15,New,CH,0,Ecom,2024-05-30
Switzerland,3049.44,New,CH,0,Stores,2024-05-30
Switzerland,842.53,Returning,CH,0,Ecom,2024-05-30
Switzerland,821.73,Returning,CH,0,Stores,2024-05-30
Switzerland,1237.64,New,CH,0,Ecom,2024-05-31
Switzerland,2503.57,New,CH,0,Stores,2024-05-31
Switzerland,1876.73,Returning,CH,0,Ecom,2024-05-31
Switzerland,514.32,Returning,CH,0,Stores,2024-05-31
Switzerland,3527.78,New,CH,0,Ecom,2024-06-01
Switzerland,555.9,New,CH,0,Stores,2024-06-01
Switzerland,990.95,Returning,CH,0,Ecom,2024-06-01
Switzerland,1041.17,Returning,CH,0,Stores,2024-06-01
Switzerland,2820.08,New,CH,0,Ecom,2024-06-02
Switzerland,1557.87,New,CH,0,Stores,2024-06-02
Switzerland,1552.17,Returning,CH,0,Ecom,2024-06-02
Switzerland,176.01,Returning,CH,0,Stores,2024-06-02
Switzerland,1819.13,New,CH,0,Ecom,2024-06-03
Switzerland,4097.53,New,CH,0,Stores,2024-06-03
Switzerland,164.12,Returning,CH,0,Ecom,2024-06-03
Switzerland,576.67,Returning,CH,0,Stores,2024-06-03
Switzerland,3186.99,New,CH,0,Ecom,2024-06-04
Switzerland,2926.96,New,CH,0,Stores,2024-06-04
Switzerland,308.38,Returning,CH,0,Ecom,2024-06-04
Switzerland,647.87,Returning,CH,0,Stores,2024-06-04
Switzerland,3090.35,New,CH,0,Ecom,2024-06-05
Switzerland,749.47,New,CH,0,Stores,2024-06-05
Switzerland,2347.15,Returning,CH,0,Ecom,2024-06-05
Switzerland,179.73,Returning,CH,0,Stores,2024-06-05
Switzerland,457.52,New,CH,0,Ecom,2024-06-06
Switzerland,3085.67,New,CH,0,Stores,2024-06-06
Switzerland,2268.55,Returning,CH,0,Ecom,2024-06-06
Switzerland,376.62,Returning,CH,0,Stores,2024-06-06
Switzerland,3682.24,New,CH,0,Ecom,2024-06-07
Switzerland,573.27,New,CH,0,Stores,2024-06-07
Switzerland,2170.59,Returning,CH,0,Ecom,2024-06-07
Switzerland,299.46,Returning,CH,0,Stores,2024-06-07
Switzerland,2312.45,New,CH,0,Ecom,2024-06-08
Switzerland,2361.54,New,CH,0,Stores,2024-06-08
Switzerland,1977.56,Returning,CH,0,Ecom,2024-06-08
Switzerland,79.02,Returning,CH,0,Stores,2024-06-08
Switzerland,1923.56,New,CH,0,Ecom,2024-06-09
Switzerland,1721.05,New,CH,0,Stores,2024-06-09
Switzerland,1734.28,Returning,CH,0,Ecom,2024-06-09
Switzerland,796.84,Returning,CH,0,Stores,2024-06-09
Switzerland,1653.35,New,CH,0,Ecom,2024-06-10
Switzerland,860.15,New,CH,0,Stores,2024-06-10
Switzerland,3329.91,Returning,CH,0,Ecom,2024-06-10
Switzerland,345.83,Returning,CH,0,Stores,2024-06-10
Switzerland,1859.2,New,CH,0,Ecom,2024-06-11
Switzerland,4198.38,New,CH,0,Stores,2024-06-11
Switzerland,378.86,Returning,CH,0,Ecom,2024-06-11
Switzerland,55.71,Returning,CH,0,Stores,2024-06-11
Switzerland,3770.55,New,CH,0,Ecom,2024-06-12
Switzerland,1038.28,New,CH,0,Stores,2024-06-12
Switzerland,230.95,Returning,CH,0,Ecom,2024-06-12
Switzerland,882.04,Returning,CH,0,Stores,2024-06-12
Switzerland,469.95,New,CH,0,Ecom,2024-06-13
Switzerland,1096.01,New,CH,0,Stores,2024-06-13
Switzerland,2328.11,Returning,CH,0,Ecom,2024-06-13
Switzerland,3244.47,Returning,CH,0,Stores,2024-06-13
Switzerland,1442.57,New,CH,0,Ecom,2024-06-14
Switzerland,2840.84,New,CH,0,Stores,2024-06-14
Switzerland,823.12,Returning,CH,0,Ecom,2024-06-14
Switzerland,626.76,Returning,CH,0,Stores,2024-06-14
Switzerland,2383.15,New,CH,0,Ecom,2024-06-15
Switzerland,1763.99,New,CH,0,Stores,2024-06-15
Switzerland,2658.72,Returning,CH,0,Ecom,2024-06-15
Switzerland,174.02,Returning,CH,0,Stores,2024-06-15
Switzerland,3337.62,New,CH,0,Ecom,2024-06-16
Switzerland,664.54,New,CH,0,Stores,2024-06-16
Switzerland,1339.75,Returning,CH,0,Ecom,2024-06-16
Switzerland,1944.16,Returning,CH,0,Stores,2024-06-16
Switzerland,2822.64,New,CH,0,Ecom,2024-06-17
Switzerland,2107.86,New,CH,0,Stores,2024-06-17
Switzerland,197.7,Returning,CH,0,Ecom,2024-06-17
Switzerland,859.54,Returning,CH,0,Stores,2024-06-17
Switzerland,3165.74,New,CH,0,Ecom,2024-06-18
Switzerland,2167.58,New,CH,0,Stores,2024-06-18
Switzerland,1411.54,Returning,CH,0,Ecom,2024-06-18
Switzerland,517.72,Returning,CH,0,Stores,2024-06-18
Switzerland,3406.09,New,CH,0,Ecom,2024-06-19
Switzerland,566.23,New,CH,0,Stores,2024-06-19
Switzerland,689.69,Returning,CH,0,Ecom,2024-06-19
Switzerland,1240.86,Returning,CH,0,Stores,2024-06-19
Switzerland,1815.4,New,CH,0,Ecom,2024-06-20
Switzerland,1652.38,New,CH,0,Stores,2024-06-20
Switzerland,2143.67,Returning,CH,0,Ecom,2024-06-20
Switzerland,1122.44,Returning,CH,0,Stores,2024-06-20
Switzerland,1251.15,New,CH,0,Ecom,2024-06-21
Switzerland,1546.41,New,CH,0,Stores,2024-06-21
Switzerland,3665.52,Returning,CH,0,Ecom,2024-06-21
Switzerland,186.67,Returning,CH,0,Stores,2024-06-21
Switzerland,1771.36,New,CH,0,Ecom,2024-06-22
Switzerland,1989.76,New,CH,0,Stores,2024-06-22
Switzerland,1315.38,Returning,CH,0,Ecom,2024-06-22
Switzerland,1180.09,Returning,CH,0,Stores,2024-06-22
Switzerland,3130.55,New,CH,0,Ecom,2024-06-23
Switzerland,2575.81,New,CH,0,Stores,2024-06-23
Switzerland,965.17,Returning,CH,0,Ecom,2024-06-23
Switzerland,52.04,Returning,CH,0,Stores,2024-06-23
Switzerland,3096.24,New,CH,0,Ecom,2024-06-24
Switzerland,2571.14,New,CH,0,Stores,2024-06-24
Switzerland,698.7,Returning,CH,0,Ecom,2024-06-24
Switzerland,459.08,Returning,CH,0,Stores,2024-06-24
Switzerland,577.46,New,CH,0,Ecom,2024-06-25
Switzerland,4652.06,New,CH,0,Stores,2024-06-25
Switzerland,578.9,Returning,CH,0,Ecom,2024-06-25
Switzerland,263.9,Returning,CH,0,Stores,2024-06-25
Switzerland,5326.66,New,CH,0,Ecom,2024-06-26
Switzerland,1275.85,New,CH,0,Stores,2024-06-26
Switzerland,118.47,Returning,CH,0,Ecom,2024-06-26
Switzerland,35.41,Returning,CH,0,Stores,2024-06-26
Switzerland,3903.3,New,CH,0,Ecom,2024-06-27
Switzerland,1754.07,New,CH,0,Stores,2024-06-27
Switzerland,741.78,Returning,CH,0,Ecom,2024-06-27
Switzerland,357.21,Returning,CH,0,Stores,2024-06-27
Switzerland,4393.83,New,CH,0,Ecom,2024-06-28
Switzerland,382.66,New,CH,0,Stores,2024-06-28
Switzerland,1330.3,Returning,CH,0,Ecom,2024-06-28
Switzerland,55.14,Returning,CH,0,Stores,2024-06-28
Switzerland,2398.5,New,CH,0,Ecom,2024-06-29
Switzerland,1992.53,New,CH,0,Stores,2024-06-29
Switzerland,797.16,Returning,CH,0,Ecom,2024-06-29
Switzerland,1350.49,Returning,CH,0,Stores,2024-06-29
Switzerland,1077.01,New,CH,0,Ecom,2024-06-30
Switzerland,297.68,New,CH,0,Stores,2024-06-30
Switzerland,4480.09,Returning,CH,0,Ecom,2024-06-30
Switzerland,631.52,Returning,CH,0,Stores,2024-06-30
Switzerland,2962.73,New,CH,0,Ecom,2024-07-01
Switzerland,1213.52,New,CH,0,Stores,2024-07-01
Switzerland,1403.26,Returning,CH,0,Ecom,2024-07-01
Switzerland,531.78,Returning,CH,0,Stores,2024-07-01
Switzerland,3286.59,New,CH,0,Ecom,2024-07-02
Switzerland,1519.84,New,CH,0,Stores,2024-07-02
Switzerland,458.29,Returning,CH,0,Ecom,2024-07-02
Switzerland,1564.26,Returning,CH,0,Stores,2024-07-02
Switzerland,1190.82,New,CH,0,Ecom,2024-07-03
Switzerland,2639.05,New,CH,0,Stores,2024-07-03
Switzerland,2532.09,Returning,CH,0,Ecom,2024-07-03
Switzerland,666.74,Returning,CH,0,Stores,2024-07-03
Switzerland,1321.38,New,CH,0,Ecom,2024-07-04
Switzerland,1886.9,New,CH,0,Stores,2024-07-04
Switzerland,2664.65,Returning,CH,0,Ecom,2024-07-04
Switzerland,1041.09,Returning,CH,0,Stores,2024-07-04
Switzerland,1680.07,New,CH,0,Ecom,2024-07-05
Switzerland,2301.09,New,CH,0,Stores,2024-07-05
Switzerland,1253.53,Returning,CH,0,Ecom,2024-07-05
Switzerland,526.99,Returning,CH,0,Stores,2024-07-05
Switzerland,1625.99,New,CH,0,Ecom,2024-07-06
Switzerland,1743.22,New,CH,0,Stores,2024-07-06
Switzerland,2995.89,Returning,CH,0,Ecom,2024-07-06
Switzerland,1090.2,Returning,CH,0,Stores,2024-07-06
Switzerland,1566.96,New,CH,0,Ecom,2024-07-07
Switzerland,1915.16,New,CH,0,Stores,2024-07-07
Switzerland,1735.72,Returning,CH,0,Ecom,2024-07-07
Switzerland,844.63,Returning,CH,0,Stores,2024-07-07
Switzerland,4191.67,New,CH,0,Ecom,2024-07-08
Switzerland,894.85,New,CH,0,Stores,2024-07-08
Switzerland,1214.19,Returning,CH,0,Ecom,2024-07-08
Switzerland,906.11,Returning,CH,0,Stores,2024-07-08
Switzerland,2491.59,New,CH,0,Ecom,2024-07-09
Switzerland,1357.31,New,CH,0,Stores,2024-07-09
Switzerland,2087.35,Returning,CH,0,Ecom,2024-07-09
Switzerland,628.03,Returning,CH,0,Stores,2024-07-09
Switzerland,934.97,New,CH,0,Ecom,2024-07-10
Switzerland,4356.48,New,CH,0,Stores,2024-07-10
Switzerland,2113.31,Returning,CH,0,Ecom,2024-07-10
Switzerland,475.63,Returning,CH,0,Stores,2024-07-10
Switzerland,2707.28,New,CH,0,Ecom,2024-07-11
Switzerland,1072.64,New,CH,0,Stores,2024-07-11
Switzerland,809.19,Returning,CH,0,Ecom,2024-07-11
Switzerland,2901.11,Returning,CH,0,Stores,2024-07-11
Switzerland,2032.26,New,CH,0,Ecom,2024-07-12
Switzerland,3896.53,New,CH,0,Stores,2024-07-12
Switzerland,287.52,Returning,CH,0,Ecom,2024-07-12
Switzerland,511.53,Returning,CH,0,Stores,2024-07-12
Switzerland,2038.09,New,CH,0,Ecom,2024-07-13
Switzerland,1910.91,New,CH,0,Stores,2024-07-13
Switzerland,2358.5,Returning,CH,0,Ecom,2024-07-13
Switzerland,24.51,Returning,CH,0,Stores,2024-07-13
Switzerland,653.79,New,CH,0,Ecom,2024-07-14
Switzerland,2160.35,New,CH,0,Stores,2024-07-14
Switzerland,3518.41,Returning,CH,0,Ecom,2024-07-14
Switzerland,270.25,Returning,CH,0,Stores,2024-07-14
Switzerland,4056.55,New,CH,0,Ecom,2024-07-15
Switzerland,684.7,New,CH,0,Stores,2024-07-15
Switzerland,1130.36,Returning,CH,0,Ecom,2024-07-15
Switzerland,572.8,Returning,CH,0,Stores,2024-07-15
Switzerland,1863.96,New,CH,0,Ecom,2024-07-16
Switzerland,2071.66,New,CH,0,Stores,2024-07-16
Switzerland,2294.44,Returning,CH,0,Ecom,2024-07-16
Switzerland,1011.8,Returning,CH,0,Stores,2024-07-16
Switzerland,2171.88,New,CH,0,Ecom,2024-07-17
Switzerland,2252.11,New,CH,0,Stores,2024-07-17
Switzerland,2415.42,Returning,CH,0,Ecom,2024-07-17
Switzerland,176.82,Returning,CH,0,Stores,2024-07-17
Switzerland,2890.36,New,CH,0,Ecom,2024-07-18
Switzerland,2191.9,New,CH,0,Stores,2024-07-18
Switzerland,472.25,Returning,CH,0,Ecom,2024-07-18
Switzerland,805.5,Returning,CH,0,Stores,2024-07-18
Switzerland,305.35,New,CH,0,Ecom,2024-07-19
Switzerland,4193.25,New,CH,0,Stores,2024-07-19
Switzerland,230.44,Returning,CH,0,Ecom,2024-07-19
Switzerland,1236.19,Returning,CH,0,Stores,2024-07-19
Switzerland,1912.54,New,CH,0,Ecom,2024-07-20
Switzerland,899.05,New,CH,0,Stores,2024-07-20
Switzerland,3425.54,Returning,CH,0,Ecom,2024-07-20
Switzerland,141.38,Returning,CH,0,Stores,2024-07-20
Switzerland,1853.54,New,CH,0,Ecom,2024-07-21
Switzerland,723.16,New,CH,0,Stores,2024-07-21
Switzerland,4104.6,Returning,CH,0,Ecom,2024-07-21
Switzerland,89.14,Returning,CH,0,Stores,2024-07-21
Switzerland,1236.16,New,CH,0,Ecom,2024-07-22
Switzerland,1426.66,New,CH,0,Stores,2024-07-22
Switzerland,3854.54,Returning,CH,0,Ecom,2024-07-22
Switzerland,207.21,Returning,CH,0,Stores,2024-07-22
Switzerland,2400.4,New,CH,0,Ecom,2024-07-23
Switzerland,1692.05,New,CH,0,Stores,2024-07-23
Switzerland,1077.42,Returning,CH,0,Ecom,2024-07-23
Switzerland,900.03,Returning,CH,0,Stores,2024-07-23
Switzerland,1925.14,New,CH,0,Ecom,2024-07-24
Switzerland,963.49,New,CH,0,Stores,2024-07-24
Switzerland,3097.81,Returning,CH,0,Ecom,2024-07-24
Switzerland,158.67,Returning,CH,0,Stores,2024-07-24
Switzerland,2103.18,New,CH,0,Ecom,2024-07-25
Switzerland,2205.05,New,CH,0,Stores,2024-07-25
Switzerland,2204.35,Returning,CH,0,Ecom,2024-07-25
Switzerland,5.04,Returning,CH,0,Stores,2024-07-25
Switzerland,3739.23,New,CH,0,Ecom,2024-07-26
Switzerland,1778.62,New,CH,0,Stores,2024-07-26
Switzerland,1216.96,Returning,CH,0,Ecom,2024-07-26
Switzerland,151.43,Returning,CH,0,Stores,2024-07-26
Switzerland,3919.23,New,CH,0,Ecom,2024-07-27
Switzerland,2185.63,New,CH,0,Stores,2024-07-27
Switzerland,885.83,Returning,CH,0,Ecom,2024-07-27
Switzerland,23.46,Returning,CH,0,Stores,2024-07-27
Switzerland,1682.44,New,CH,0,Ecom,2024-07-28
Switzerland,3306.64,New,CH,0,Stores,2024-07-28
Switzerland,1511.78,Returning,CH,0,Ecom,2024-07-28
Switzerland,106.27,Returning,CH,0,Stores,2024-07-28
Switzerland,4034.79,New,CH,0,Ecom,2024-07-29
Switzerland,622.26,New,CH,0,Stores,2024-07-29
Switzerland,968.81,Returning,CH,0,Ecom,2024-07-29
Switzerland,449.69,Returning,CH,0,Stores,2024-07-29
Switzerland,2804.27,New,CH,0,Ecom,2024-07-30
Switzerland,458.65,New,CH,0,Stores,2024-07-30
Switzerland,1646.14,Returning,CH,0,Ecom,2024-07-30
Switzerland,953.95,Returning,CH,0,Stores,2024-07-30
Switzerland,1731.67,New,CH,0,Ecom,2024-07-31
Switzerland,4552.34,New,CH,0,Stores,2024-07-31
Switzerland,701.47,Returning,CH,0,Ecom,2024-07-31
Switzerland,31.83,Returning,CH,0,Stores,2024-07-31
Switzerland,867.02,New,CH,0,Ecom,2024-08-01
Switzerland,2464.59,New,CH,0,Stores,2024-08-01
Switzerland,2395.58,Returning,CH,0,Ecom,2024-08-01
Switzerland,473.72,Returning,CH,0,Stores,2024-08-01
Switzerland,3624.83,New,CH,0,Ecom,2024-08-02
Switzerland,766.75,New,CH,0,Stores,2024-08-02
Switzerland,849.55,Returning,CH,0,Ecom,2024-08-02
Switzerland,712.94,Returning,CH,0,Stores,2024-08-02
Switzerland,4366.33,New,CH,0,Ecom,2024-08-03
Switzerland,675.67,New,CH,0,Stores,2024-08-03
Switzerland,1606.55,Returning,CH,0,Ecom,2024-08-03
Switzerland,240.27,Returning,CH,0,Stores,2024-08-03
Switzerland,1927.4,New,CH,0,Ecom,2024-08-04
Switzerland,1071.1,New,CH,0,Stores,2024-08-04
Switzerland,3131.26,Returning,CH,0,Ecom,2024-08-04
Switzerland,535.21,Returning,CH,0,Stores,2024-08-04
Switzerland,2672.89,New,CH,0,Ecom,2024-08-05
Switzerland,3158.46,New,CH,0,Stores,2024-08-05
Switzerland,1049.31,Returning,CH,0,Ecom,2024-08-05
Switzerland,216.66,Returning,CH,0,Stores,2024-08-05
Switzerland,907.43,New,CH,0,Ecom,2024-08-06
Switzerland,2035.62,New,CH,0,Stores,2024-08-06
Switzerland,478.38,Returning,CH,0,Ecom,2024-08-06
Switzerland,2862.06,Returning,CH,0,Stores,2024-08-06
Switzerland,1544.32,New,CH,0,Ecom,2024-08-07
Switzerland,1514.05,New,CH,0,Stores,2024-08-07
Switzerland,451.55,Returning,CH,0,Ecom,2024-08-07
Switzerland,2805.44,Returning,CH,0,Stores,2024-08-07
Switzerland,2414.59,New,CH,0,Ecom,2024-08-08
Switzerland,610.14,New,CH,0,Stores,2024-08-08
Switzerland,3783.45,Returning,CH,0,Ecom,2024-08-08
Switzerland,84.48,Returning,CH,0,Stores,2024-08-08
Switzerland,1514.84,New,CH,0,Ecom,2024-08-09
Switzerland,2592.19,New,CH,0,Stores,2024-08-09
Switzerland,2790.94,Returning,CH,0,Ecom,2024-08-09
Switzerland,813.01,Returning,CH,0,Stores,2024-08-09
Switzerland,2332.1,New,CH,0,Ecom,2024-08-10
Switzerland,662.25,New,CH,0,Stores,2024-08-10
Switzerland,2674.98,Returning,CH,0,Ecom,2024-08-10
Switzerland,811.89,Returning,CH,0,Stores,2024-08-10
Switzerland,1243.32,New,CH,0,Ecom,2024-08-11
Switzerland,1967.2,New,CH,0,Stores,2024-08-11
Switzerland,1306.33,Returning,CH,0,Ecom,2024-08-11
Switzerland,1636.71,Returning,CH,0,Stores,2024-08-11
Switzerland,4057.39,New,CH,0,Ecom,2024-08-12
Switzerland,639.75,New,CH,0,Stores,2024-08-12
Switzerland,556.24,Returning,CH,0,Ecom,2024-08-12
Switzerland,939.21,Returning,CH,0,Stores,2024-08-12
Switzerland,1423.12,New,CH,0,Ecom,2024-08-13
Switzerland,372.48,New,CH,0,Stores,2024-08-13
Switzerland,1270.06,Returning,CH,0,Ecom,2024-08-13
Switzerland,3373.54,Returning,CH,0,Stores,2024-08-13
Switzerland,2723.11,New,CH,0,Ecom,2024-08-14
Switzerland,2605.28,New,CH,0,Stores,2024-08-14
Switzerland,1648.74,Returning,CH,0,Ecom,2024-08-14
Switzerland,362.92,Returning,CH,0,Stores,2024-08-14
Switzerland,3476.23,New,CH,0,Ecom,2024-08-15
Switzerland,1171.36,New,CH,0,Stores,2024-08-15
Switzerland,1404.56,Returning,CH,0,Ecom,2024-08-15
Switzerland,992.63,Returning,CH,0,Stores,2024-08-15
Switzerland,990.68,New,CH,0,Ecom,2024-08-16
Switzerland,3433.17,New,CH,0,Stores,2024-08-16
Switzerland,1160.04,Returning,CH,0,Ecom,2024-08-16
Switzerland,1703.01,Returning,CH,0,Stores,2024-08-16
Switzerland,1717.67,New,CH,0,Ecom,2024-08-17
Switzerland,3234.55,New,CH,0,Stores,2024-08-17
Switzerland,1621.49,Returning,CH,0,Ecom,2024-08-17
Switzerland,496.55,Returning,CH,0,Stores,2024-08-17
Switzerland,3915.98,New,CH,0,Ecom,2024-08-18
Switzerland,266.73,New,CH,0,Stores,2024-08-18
Switzerland,1232.95,Returning,CH,0,Ecom,2024-08-18
Switzerland,766.87,Returning,CH,0,Stores,2024-08-18
Switzerland,2865.65,New,CH,0,Ecom,2024-08-19
Switzerland,1471.28,New,CH,0,Stores,2024-08-19
Switzerland,988.12,Returning,CH,0,Ecom,2024-08-19
Switzerland,553.83,Returning,CH,0,Stores,2024-08-19
Switzerland,1296.61,New,CH,0,Ecom,2024-08-20
Switzerland,2540.51,New,CH,0,Stores,2024-08-20
Switzerland,2255.43,Returning,CH,0,Ecom,2024-08-20
Switzerland,371.69,Returning,CH,0,Stores,2024-08-20
Switzerland,1744.57,New,CH,0,Ecom,2024-08-21
Switzerland,2541.49,New,CH,0,Stores,2024-08-21
Switzerland,2913.23,Returning,CH,0,Ecom,2024-08-21
Switzerland,664.16,Returning,CH,0,Stores,2024-08-21
Switzerland,3145.9,New,CH,0,Ecom,2024-08-22
Switzerland,1757.49,New,CH,0,Stores,2024-08-22
Switzerland,1278.8,Returning,CH,0,Ecom,2024-08-22
Switzerland,198.92,Returning,CH,0,Stores,2024-08-22
Switzerland,1854.06,New,CH,0,Ecom,2024-08-23
Switzerland,1034.86,New,CH,0,Stores,2024-08-23
Switzerland,612.86,Returning,CH,0,Ecom,2024-08-23
Switzerland,2962.24,Returning,CH,0,Stores,2024-08-23
Switzerland,3778.47,New,CH,0,Ecom,2024-08-24
Switzerland,2462.8,New,CH,0,Stores,2024-08-24
Switzerland,808.04,Returning,CH,0,Ecom,2024-08-24
Switzerland,568.56,Returning,CH,0,Stores,2024-08-24
Switzerland,2593.25,New,CH,0,Ecom,2024-08-25
Switzerland,1130.08,New,CH,0,Stores,2024-08-25
Switzerland,2186.44,Returning,CH,0,Ecom,2024-08-25
Switzerland,150.45,Returning,CH,0,Stores,2024-08-25
Switzerland,4528.72,New,CH,0,Ecom,2024-08-26
Switzerland,796.69,New,CH,0,Stores,2024-08-26
Switzerland,345.55,Returning,CH,0,Ecom,2024-08-26
Switzerland,603.72,Returning,CH,0,Stores,2024-08-26
Switzerland,2756.11,New,CH,0,Ecom,2024-08-27
Switzerland,2479.27,New,CH,0,Stores,2024-08-27
Switzerland,1980.03,Returning,CH,0,Ecom,2024-08-27
Switzerland,120.82,Returning,CH,0,Stores,2024-08-27
Switzerland,882.81,New,CH,0,Ecom,2024-08-28
Switzerland,2490.03,New,CH,0,Stores,2024-08-28
Switzerland,2072.37,Returning,CH,0,Ecom,2024-08-28
Switzerland,788.12,Returning,CH,0,Stores,2024-08-28
Switzerland,1138.49,New,CH,0,Ecom,2024-08-29
Switzerland,1652.38,New,CH,0,Stores,2024-08-29
Switzerland,1438.76,Returning,CH,0,Ecom,2024-08-29
Switzerland,1741.21,Returning,CH,0,Stores,2024-08-29
Switzerland,3792.85,New,CH,0,Ecom,2024-08-30
Switzerland,2884.08,New,CH,0,Stores,2024-08-30
Switzerland,800.92,Returning,CH,0,Ecom,2024-08-30
Switzerland,424.05,Returning,CH,0,Stores,2024-08-30
Switzerland,3082.88,New,CH,0,Ecom,2024-08-31
Switzerland,762.57,New,CH,0,Stores,2024-08-31
Switzerland,2484.96,Returning,CH,0,Ecom,2024-08-31
Switzerland,633.77,Returning,CH,0,Stores,2024-08-31
Switzerland,4973.33,New,CH,0,Ecom,2024-09-01
Switzerland,720.34,New,CH,0,Stores,2024-09-01
Switzerland,525.12,Returning,CH,0,Ecom,2024-09-01
Switzerland,283.1,Returning,CH,0,Stores,2024-09-01
Switzerland,3768.68,New,CH,0,Ecom,2024-09-02
Switzerland,1091.85,New,CH,0,Stores,2024-09-02
Switzerland,1731.02,Returning,CH,0,Ecom,2024-09-02
Switzerland,629.37,Returning,CH,0,Stores,2024-09-02
Switzerland,1079.36,New,CH,0,Ecom,2024-09-03
Switzerland,3125.68,New,CH,0,Stores,2024-09-03
Switzerland,1884.77,Returning,CH,0,Ecom,2024-09-03
Switzerland,580.81,Returning,CH,0,Stores,2024-09-03
Switzerland,2909.9,New,CH,0,Ecom,2024-09-04
Switzerland,1419.87,New,CH,0,Stores,2024-09-04
Switzerland,475.74,Returning,CH,0,Ecom,2024-09-04
Switzerland,1261.2,Returning,CH,0,Stores,2024-09-04
Switzerland,2924.15,New,CH,0,Ecom,2024-09-05
Switzerland,2261.1,New,CH,0,Stores,2024-09-05
Switzerland,602.16,Returning,CH,0,Ecom,2024-09-05
Switzerland,405.39,Returning,CH,0,Stores,2024-09-05
Switzerland,1783.03,New,CH,0,Ecom,2024-09-06
Switzerland,1337.42,New,CH,0,Stores,2024-09-06
Switzerland,2187.63,Returning,CH,0,Ecom,2024-09-06
Switzerland,1052.31,Returning,CH,0,Stores,2024-09-06
Switzerland,2321.19,New,CH,0,Ecom,2024-09-07
Switzerland,930.39,New,CH,0,Stores,2024-09-07
Switzerland,2649.9,Returning,CH,0,Ecom,2024-09-07
Switzerland,222.41,Returning,CH,0,Stores,2024-09-07
Switzerland,2731.15,New,CH,0,Ecom,2024-09-08
Switzerland,2362.15,New,CH,0,Stores,2024-09-08
Switzerland,2062.51,Returning,CH,0,Ecom,2024-09-08
Switzerland,815.78,Returning,CH,0,Stores,2024-09-08
Switzerland,2663.23,New,CH,0,Ecom,2024-09-09
Switzerland,1896.12,New,CH,0,Stores,2024-09-09
Switzerland,1615.8,Returning,CH,0,Ecom,2024-09-09
Switzerland,264.47,Returning,CH,0,Stores,2024-09-09
Switzerland,950.89,New,CH,0,Ecom,2024-09-10
Switzerland,2961.02,New,CH,0,Stores,2024-09-10
Switzerland,964.03,Returning,CH,0,Ecom,2024-09-10
Switzerland,1171.47,Returning,CH,0,Stores,2024-09-10
Switzerland,2970.07,New,CH,0,Ecom,2024-09-11
Switzerland,1764.43,New,CH,0,Stores,2024-09-11
Switzerland,1355.36,Returning,CH,0,Ecom,2024-09-11
Switzerland,62.83,Returning,CH,0,Stores,2024-09-11
Switzerland,2150.19,New,CH,0,Ecom,2024-09-12
Switzerland,355.72,New,CH,0,Stores,2024-09-12
Switzerland,1525.59,Returning,CH,0,Ecom,2024-09-12
Switzerland,3016.06,Returning,CH,0,Stores,2024-09-12
Switzerland,3168.24,New,CH,0,Ecom,2024-09-13
Switzerland,787.77,New,CH,0,Stores,2024-09-13
Switzerland,1632.65,Returning,CH,0,Ecom,2024-09-13
Switzerland,1797.41,Returning,CH,0,Stores,2024-09-13
Switzerland,1556.83,New,CH,0,Ecom,2024-09-14
Switzerland,988.01,New,CH,0,Stores,2024-09-14
Switzerland,2529.3,Returning,CH,0,Ecom,2024-09-14
Switzerland,2283.77,Returning,CH,0,Stores,2024-09-14
Switzerland,3870.09,New,CH,0,Ecom,2024-09-15
Switzerland,1867.87,New,CH,0,Stores,2024-09-15
Switzerland,832.53,Returning,CH,0,Ecom,2024-09-15
Switzerland,206.48,Returning,CH,0,Stores,2024-09-15
Switzerland,2758.43,New,CH,0,Ecom,2024-09-16
Switzerland,1563.84,New,CH,0,Stores,2024-09-16
Switzerland,2320.43,Returning,CH,0,Ecom,2024-09-16
Switzerland,616.47,Returning,CH,0,Stores,2024-09-16
Switzerland,2674.73,New,CH,0,Ecom,2024-09-17
Switzerland,1235.9,New,CH,0,Stores,2024-09-17
Switzerland,2084.82,Returning,CH,0,Ecom,2024-09-17
Switzerland,375.86,Returning,CH,0,Stores,2024-09-17
Switzerland,4173.86,New,CH,0,Ecom,2024-09-18
Switzerland,537.16,New,CH,0,Stores,2024-09-18
Switzerland,759.68,Returning,CH,0,Ecom,2024-09-18
Switzerland,641.69,Returning,CH,0,Stores,2024-09-18
Switzerland,1710.9,New,CH,0,Ecom,2024-09-19
Switzerland,1540.59,New,CH,0,Stores,2024-09-19
Switzerland,2353.11,Returning,CH,0,Ecom,2024-09-19
Switzerland,854.56,Returning,CH,0,Stores,2024-09-19
Switzerland,3152.76,New,CH,0,Ecom,2024-09-20
Switzerland,445.68,New,CH,0,Stores,2024-09-20
Switzerland,2211.53,Returning,CH,0,Ecom,2024-09-20
Switzerland,498.43,Returning,CH,0,Stores,2024-09-20
Switzerland,3443.99,New,CH,0,Ecom,2024-09-21
Switzerland,587.94,New,CH,0,Stores,2024-09-21
Switzerland,2199.76,Returning,CH,0,Ecom,2024-09-21
Switzerland,183.44,Returning,CH,0,Stores,2024-09-21
Switzerland,1251.88,New,CH,0,Ecom,2024-09-22
Switzerland,2139.72,New,CH,0,Stores,2024-09-22
Switzerland,879.74,Returning,CH,0,Ecom,2024-09-22
Switzerland,1984.14,Returning,CH,0,Stores,2024-09-22
Switzerland,4064.58,New,CH,0,Ecom,2024-09-23
Switzerland,2257.03,New,CH,0,Stores,2024-09-23
Switzerland,180.18,Returning,CH,0,Ecom,2024-09-23
Switzerland,365.88,Returning,CH,0,Stores,2024-09-23
Switzerland,1540.44,New,CH,0,Ecom,2024-09-24
Switzerland,3793.43,New,CH,0,Stores,2024-09-24
Switzerland,787.62,Returning,CH,0,Ecom,2024-09-24
Switzerland,201.54,Returning,CH,0,Stores,2024-09-24
Switzerland,4948.08,New,CH,0,Ecom,2024-09-25
Switzerland,438.65,New,CH,0,Stores,2024-09-25
Switzerland,953.66,Returning,CH,0,Ecom,2024-09-25
Switzerland,582.15,Returning,CH,0,Stores,2024-09-25
Switzerland,3618.69,New,CH,0,Ecom,2024-09-26
Switzerland,1110.46,New,CH,0,Stores,2024-09-26
Switzerland,2592.17,Returning,CH,0,Ecom,2024-09-26
Switzerland,332.3,Returning,CH,0,Stores,2024-09-26
Switzerland,3116.6,New,CH,0,Ecom,2024-09-27
Switzerland,910.09,New,CH,0,Stores,2024-09-27
Switzerland,3085.37,Returning,CH,0,Ecom,2024-09-27
Switzerland,467.26,Returning,CH,0,Stores,2024-09-27
Switzerland,3484.95,New,CH,0,Ecom,2024-09-28
Switzerland,520.85,New,CH,0,Stores,2024-09-28
Switzerland,2791.7,Returning,CH,0,Ecom,2024-09-28
Switzerland,196.33,Returning,CH,0,Stores,2024-09-28
Switzerland,1337.26,New,CH,0,Ecom,2024-09-29
Switzerland,3335.5,New,CH,0,Stores,2024-09-29
Switzerland,665.59,Returning,CH,0,Ecom,2024-09-29
Switzerland,1020.03,Returning,CH,0,Stores,2024-09-29
Switzerland,2558.65,New,CH,0,Ecom,2024-09-30
Switzerland,1647.71,New,CH,0,Stores,2024-09-30
Switzerland,2278.56,Returning,CH,0,Ecom,2024-09-30
Switzerland,363.4,Returning,CH,0,Stores,2024-09-30
Switzerland,2684.65,New,CH,0,Ecom,2024-10-01
Switzerland,1115.26,New,CH,0,Stores,2024-10-01
Switzerland,2311.64,Returning,CH,0,Ecom,2024-10-01
Switzerland,786.35,Returning,CH,0,Stores,2024-10-01
Switzerland,2765.43,New,CH,0,Ecom,2024-10-02
Switzerland,2574.86,New,CH,0,Stores,2024-10-02
Switzerland,1556.41,Returning,CH,0,Ecom,2024-10-02
Switzerland,527.84,Returning,CH,0,Stores,2024-10-02
Switzerland,1626.91,New,CH,0,Ecom,2024-10-03
Switzerland,2420.45,New,CH,0,Stores,2024-10-03
Switzerland,1781.53,Returning,CH,0,Ecom,2024-10-03
Switzerland,646.85,Returning,CH,0,Stores,2024-10-03
Switzerland,2359.88,New,CH,0,Ecom,2024-10-04
Switzerland,572.94,New,CH,0,Stores,2024-10-04
Switzerland,3291.46,Returning,CH,0,Ecom,2024-10-04
Switzerland,1242.09,Returning,CH,0,Stores,2024-10-04
Switzerland,1622.78,New,CH,0,Ecom,2024-10-05
Switzerland,4413.68,New,CH,0,Stores,2024-10-05
Switzerland,456.13,Returning,CH,0,Ecom,2024-10-05
Switzerland,188.64,Returning,CH,0,Stores,2024-10-05
Switzerland,2292.74,New,CH,0,Ecom,2024-10-06
Switzerland,2133.51,New,CH,0,Stores,2024-10-06
Switzerland,1294.73,Returning,CH,0,Ecom,2024-10-06
Switzerland,685.46,Returning,CH,0,Stores,2024-10-06
Switzerland,1343.23,New,CH,0,Ecom,2024-10-07
Switzerland,2375.35,New,CH,0,Stores,2024-10-07
Switzerland,1895.36,Returning,CH,0,Ecom,2024-10-07
Switzerland,297.2,Returning,CH,0,Stores,2024-10-07
Switzerland,3116.81,New,CH,0,Ecom,2024-10-08
Switzerland,1247.14,New,CH,0,Stores,2024-10-08
Switzerland,1575.39,Returning,CH,0,Ecom,2024-10-08
Switzerland,869.48,Returning,CH,0,Stores,2024-10-08
Switzerland,2775.24,New,CH,0,Ecom,2024-10-09
Switzerland,1065.08,New,CH,0,Stores,2024-10-09
Switzerland,533.75,Returning,CH,0,Ecom,2024-10-09
Switzerland,2247.04,Returning,CH,0,Stores,2024-10-09
Switzerland,1726.98,New,CH,0,Ecom,2024-10-10
Switzerland,2961.62,New,CH,0,Stores,2024-10-10
Switzerland,1724.39,Returning,CH,0,Ecom,2024-10-10
Switzerland,1042.24,Returning,CH,0,Stores,2024-10-10
Switzerland,2876.69,New,CH,0,Ecom,2024-10-11
Switzerland,2868.07,New,CH,0,Stores,2024-10-11
Switzerland,1212.74,Returning,CH,0,Ecom,2024-10-11
Switzerland,206.4,Returning,CH,0,Stores,2024-10-11
Switzerland,4153.75,New,CH,0,Ecom,2024-10-12
Switzerland,1268.63,New,CH,0,Stores,2024-10-12
Switzerland,1090.23,Returning,CH,0,Ecom,2024-10-12
Switzerland,98.11,Returning,CH,0,Stores,2024-10-12
Switzerland,2947.27,New,CH,0,Ecom,2024-10-13
Switzerland,1420.57,New,CH,0,Stores,2024-10-13
Switzerland,1320.24,Returning,CH,0,Ecom,2024-10-13
Switzerland,419.34,Returning,CH,0,Stores,2024-10-13
Switzerland,2871.74,New,CH,0,Ecom,2024-10-14
Switzerland,1076.58,New,CH,0,Stores,2024-10-14
Switzerland,126.62,Returning,CH,0,Ecom,2024-10-14
Switzerland,1951.74,Returning,CH,0,Stores,2024-10-14
Switzerland,2171.05,New,CH,0,Ecom,2024-10-15
Switzerland,2367.46,New,CH,0,Stores,2024-10-15
Switzerland,1114.01,Returning,CH,0,Ecom,2024-10-15
Switzerland,1191.75,Returning,CH,0,Stores,2024-10-15
Switzerland,1830.55,New,CH,0,Ecom,2024-10-16
Switzerland,1389.51,New,CH,0,Stores,2024-10-16
Switzerland,2105.51,Returning,CH,0,Ecom,2024-10-16
Switzerland,631.39,Returning,CH,0,Stores,2024-10-16
Switzerland,2182.41,New,CH,0,Ecom,2024-10-17
Switzerland,2162.27,New,CH,0,Stores,2024-10-17
Switzerland,2625.29,Returning,CH,0,Ecom,2024-10-17
Switzerland,309.5,Returning,CH,0,Stores,2024-10-17
Switzerland,1635.9,New,CH,0,Ecom,2024-10-18
Switzerland,316.27,New,CH,0,Stores,2024-10-18
Switzerland,3871.56,Returning,CH,0,Ecom,2024-10-18
Switzerland,403.52,Returning,CH,0,Stores,2024-10-18
Switzerland,1479.29,New,CH,0,Ecom,2024-10-19
Switzerland,128.6,New,CH,0,Stores,2024-10-19
Switzerland,4170.49,Returning,CH,0,Ecom,2024-10-19
Switzerland,647.53,Returning,CH,0,Stores,2024-10-19
Switzerland,5816.82,New,CH,0,Ecom,2024-10-20
Switzerland,1625.29,New,CH,0,Stores,2024-10-20
Switzerland,502.41,Returning,CH,0,Ecom,2024-10-20
Switzerland,241.22,Returning,CH,0,Stores,2024-10-20
Switzerland,3180.58,New,CH,0,Ecom,2024-10-21
Switzerland,349.54,New,CH,0,Stores,2024-10-21
Switzerland,2642.45,Returning,CH,0,Ecom,2024-10-21
Switzerland,726.41,Returning,CH,0,Stores,2024-10-21
Switzerland,2593.87,New,CH,0,Ecom,2024-10-22
Switzerland,1021.66,New,CH,0,Stores,2024-10-22
Switzerland,1897.18,Returning,CH,0,Ecom,2024-10-22
Switzerland,992.98,Returning,CH,0,Stores,2024-10-22
Switzerland,677.13,New,CH,0,Ecom,2024-10-23
Switzerland,661.71,New,CH,0,Stores,2024-10-23
Switzerland,5212.26,Returning,CH,0,Ecom,2024-10-23
Switzerland,893.36,Returning,CH,0,Stores,2024-10-23
Switzerland,1194.03,New,CH,0,Ecom,2024-10-24
Switzerland,1080.03,New,CH,0,Stores,2024-10-24
Switzerland,3728.64,Returning,CH,0,Ecom,2024-10-24
Switzerland,1290.3,Returning,CH,0,Stores,2024-10-24
Switzerland,2432.11,New,CH,0,Ecom,2024-10-25
Switzerland,1752.48,New,CH,0,Stores,2024-10-25
Switzerland,529.79,Returning,CH,0,Ecom,2024-10-25
Switzerland,2372.85,Returning,CH,0,Stores,2024-10-25
Switzerland,4300.47,New,CH,0,Ecom,2024-10-26
Switzerland,1133.67,New,CH,0,Stores,2024-10-26
Switzerland,841.99,Returning,CH,0,Ecom,2024-10-26
Switzerland,1043.13,Returning,CH,0,Stores,2024-10-26
Switzerland,1310.88,New,CH,0,Ecom,2024-10-27
Switzerland,2755.66,New,CH,0,Stores,2024-10-27
Switzerland,798.43,Returning,CH,0,Ecom,2024-10-27
Switzerland,1104.45,Returning,CH,0,Stores,2024-10-27
Switzerland,1534.47,New,CH,0,Ecom,2024-10-28
Switzerland,1208.83,New,CH,0,Stores,2024-10-28
Switzerland,4055.93,Returning,CH,0,Ecom,2024-10-28
Switzerland,474.54,Returning,CH,0,Stores,2024-10-28
Switzerland,1525.49,New,CH,0,Ecom,2024-10-29
Switzerland,2191.83,New,CH,0,Stores,2024-10-29
Switzerland,2088.76,Returning,CH,0,Ecom,2024-10-29
Switzerland,1228.19,Returning,CH,0,Stores,2024-10-29
Switzerland,3471.49,New,CH,0,Ecom,2024-10-30
Switzerland,2800.91,New,CH,0,Stores,2024-10-30
Switzerland,1185.43,Returning,CH,0,Ecom,2024-10-30
Switzerland,136.52,Returning,CH,0,Stores,2024-10-30
Switzerland,1030.15,New,CH,0,Ecom,2024-10-31
Switzerland,1548.71,New,CH,0,Stores,2024-10-31
Switzerland,4052.53,Returning,CH,0,Ecom,2024-10-31
Switzerland,366.26,Returning,CH,0,Stores,2024-10-31
Switzerland,1785.02,New,CH,0,Ecom,2024-11-01
Switzerland,2675.05,New,CH,0,Stores,2024-11-01
Switzerland,1008.68,Returning,CH,0,Ecom,2024-11-01
Switzerland,1413.84,Returning,CH,0,Stores,2024-11-01
Switzerland,3817.18,New,CH,0,Ecom,2024-11-02
Switzerland,1176.3,New,CH,0,Stores,2024-11-02
Switzerland,858.99,Returning,CH,0,Ecom,2024-11-02
Switzerland,669.38,Returning,CH,0,Stores,2024-11-02
Switzerland,2479.88,New,CH,0,Ecom,2024-11-03
Switzerland,2133.38,New,CH,0,Stores,2024-11-03
Switzerland,451.44,Returning,CH,0,Ecom,2024-11-03
Switzerland,1762.13,Returning,CH,0,Stores,2024-11-03
Switzerland,1786.96,New,CH,0,Ecom,2024-11-04
Switzerland,3310.7,New,CH,0,Stores,2024-11-04
Switzerland,1483.37,Returning,CH,0,Ecom,2024-11-04
Switzerland,109.51,Returning,CH,0,Stores,2024-11-04
Switzerland,3532.07,New,CH,0,Ecom,2024-11-05
Switzerland,1913.79,New,CH,0,Stores,2024-11-05
Switzerland,944.88,Returning,CH,0,Ecom,2024-11-05
Switzerland,472.43,Returning,CH,0,Stores,2024-11-05
Switzerland,1054.76,New,CH,0,Ecom,2024-11-06
Switzerland,3668.65,New,CH,0,Stores,2024-11-06
Switzerland,1613.23,Returning,CH,0,Ecom,2024-11-06
Switzerland,972.95,Returning,CH,0,Stores,2024-11-06
Switzerland,5865.34,New,CH,0,Ecom,2024-11-07
Switzerland,509.65,New,CH,0,Stores,2024-11-07
Switzerland,1285.12,Returning,CH,0,Ecom,2024-11-07
Switzerland,513.21,Returning,CH,0,Stores,2024-11-07
Switzerland,1517.92,New,CH,0,Ecom,2024-11-08
Switzerland,2010.44,New,CH,0,Stores,2024-11-08
Switzerland,2363.69,Returning,CH,0,Ecom,2024-11-08
Switzerland,349.07,Returning,CH,0,Stores,2024-11-08
Switzerland,4714.38,New,CH,0,Ecom,2024-11-09
Switzerland,1446.72,New,CH,0,Stores,2024-11-09
Switzerland,131.4,Returning,CH,0,Ecom,2024-11-09
Switzerland,641.22,Returning,CH,0,Stores,2024-11-09
Switzerland,3973.52,New,CH,0,Ecom,2024-11-10
Switzerland,493.12,New,CH,0,Stores,2024-11-10
Switzerland,874.5,Returning,CH,0,Ecom,2024-11-10
Switzerland,1719.57,Returning,CH,0,Stores,2024-11-10
Switzerland,4786.57,New,CH,0,Ecom,2024-11-11
Switzerland,1584.57,New,CH,0,Stores,2024-11-11
Switzerland,340.81,Returning,CH,0,Ecom,2024-11-11
Switzerland,72.96,Returning,CH,0,Stores,2024-11-11
Switzerland,3523.88,New,CH,0,Ecom,2024-11-12
Switzerland,2048.6,New,CH,0,Stores,2024-11-12
Switzerland,618.22,Returning,CH,0,Ecom,2024-11-12
Switzerland,859.31,Returning,CH,0,Stores,2024-11-12
Switzerland,1799.71,New,CH,0,Ecom,2024-11-13
Switzerland,1843.01,New,CH,0,Stores,2024-11-13
Switzerland,2368.81,Returning,CH,0,Ecom,2024-11-13
Switzerland,1219.04,Returning,CH,0,Stores,2024-11-13
Switzerland,1277.25,New,CH,0,Ecom,2024-11-14
Switzerland,1885.79,New,CH,0,Stores,2024-11-14
Switzerland,2952.1,Returning,CH,0,Ecom,2024-11-14
Switzerland,73.41,Returning,CH,0,Stores,2024-11-14
Switzerland,783.78,New,CH,0,Ecom,2024-11-15
Switzerland,1444.33,New,CH,0,Stores,2024-11-15
Switzerland,1591.55,Returning,CH,0,Ecom,2024-11-15
Switzerland,2677.49,Returning,CH,0,Stores,2024-11-15
Switzerland,1347.31,New,CH,0,Ecom,2024-11-16
Switzerland,4637.69,New,CH,0,Stores,2024-11-16
Switzerland,1113.9,Returning,CH,0,Ecom,2024-11-16
Switzerland,724.92,Returning,CH,0,Stores,2024-11-16
Switzerland,2200.76,New,CH,0,Ecom,2024-11-17
Switzerland,2065.24,New,CH,0,Stores,2024-11-17
Switzerland,1202.86,Returning,CH,0,Ecom,2024-11-17
Switzerland,963.16,Returning,CH,0,Stores,2024-11-17
Switzerland,2393.6,New,CH,0,Ecom,2024-11-18
Switzerland,1810.95,New,CH,0,Stores,2024-11-18
Switzerland,2159.3,Returning,CH,0,Ecom,2024-11-18
Switzerland,80.71,Returning,CH,0,Stores,2024-11-18
Switzerland,3260.56,New,CH,0,Ecom,2024-11-19
Switzerland,928.42,New,CH,0,Stores,2024-11-19
Switzerland,3603.25,Returning,CH,0,Ecom,2024-11-19
Switzerland,102.59,Returning,CH,0,Stores,2024-11-19
Switzerland,1354.58,New,CH,0,Ecom,2024-11-20
Switzerland,2689.88,New,CH,0,Stores,2024-11-20
Switzerland,1062.12,Returning,CH,0,Ecom,2024-11-20
Switzerland,1307.84,Returning,CH,0,Stores,2024-11-20
Switzerland,3648.0,New,CH,0,Ecom,2024-11-21
Switzerland,1130.73,New,CH,0,Stores,2024-11-21
Switzerland,1865.52,Returning,CH,0,Ecom,2024-11-21
Switzerland,462.28,Returning,CH,0,Stores,2024-11-21
Switzerland,2683.75,New,CH,0,Ecom,2024-11-22
Switzerland,1853.64,New,CH,0,Stores,2024-11-22
Switzerland,1978.12,Returning,CH,0,Ecom,2024-11-22
Switzerland,619.13,Returning,CH,0,Stores,2024-11-22
Switzerland,2804.97,New,CH,0,Ecom,2024-11-23
Switzerland,2183.26,New,CH,0,Stores,2024-11-23
Switzerland,1223.88,Returning,CH,0,Ecom,2024-11-23
Switzerland,554.64,Returning,CH,0,Stores,2024-11-23
Switzerland,2367.7,New,CH,0,Ecom,2024-11-24
Switzerland,2091.26,New,CH,0,Stores,2024-11-24
Switzerland,1038.51,Returning,CH,0,Ecom,2024-11-24
Switzerland,1165.85,Returning,CH,0,Stores,2024-11-24
Switzerland,1962.5,New,CH,0,Ecom,2024-11-25
Switzerland,1989.58,New,CH,0,Stores,2024-11-25
Switzerland,2697.95,Returning,CH,0,Ecom,2024-11-25
Switzerland,810.43,Returning,CH,0,Stores,2024-11-25
Switzerland,2801.5,New,CH,0,Ecom,2024-11-26
Switzerland,449.49,New,CH,0,Stores,2024-11-26
Switzerland,2656.93,Returning,CH,0,Ecom,2024-11-26
Switzerland,601.28,Returning,CH,0,Stores,2024-11-26
Switzerland,2057.58,New,CH,0,Ecom,2024-11-27
Switzerland,193.23,New,CH,0,Stores,2024-11-27
Switzerland,3872.52,Returning,CH,0,Ecom,2024-11-27
Switzerland,517.5,Returning,CH,0,Stores,2024-11-27
Switzerland,3925.8,New,CH,0,Ecom,2024-11-28
Switzerland,91.82,New,CH,0,Stores,2024-11-28
Switzerland,1687.57,Returning,CH,0,Ecom,2024-11-28
Switzerland,1472.04,Returning,CH,0,Stores,2024-11-28
Switzerland,3512.34,New,CH,0,Ecom,2024-11-29
Switzerland,1801.05,New,CH,0,Stores,2024-11-29
Switzerland,581.59,Returning,CH,0,Ecom,2024-11-29
Switzerland,658.47,Returning,CH,0,Stores,2024-11-29
Switzerland,2235.75,New,CH,0,Ecom,2024-11-30
Switzerland,2626.88,New,CH,0,Stores,2024-11-30
Switzerland,862.99,Returning,CH,0,Ecom,2024-11-30
Switzerland,1259.89,Returning,CH,0,Stores,2024-11-30
Switzerland,4742.37,New,CH,0,Ecom,2024-12-01
Switzerland,76.33,New,CH,0,Stores,2024-12-01
Switzerland,1481.41,Returning,CH,0,Ecom,2024-12-01
Switzerland,786.02,Returning,CH,0,Stores,2024-12-01
Switzerland,3260.21,New,CH,0,Ecom,2024-12-02
Switzerland,2539.58,New,CH,0,Stores,2024-12-02
Switzerland,1003.18,Returning,CH,0,Ecom,2024-12-02
Switzerland,1287.04,Returning,CH,0,Stores,2024-12-02
Switzerland,1854.34,New,CH,0,Ecom,2024-12-03
Switzerland,3220.29,New,CH,0,Stores,2024-12-03
Switzerland,1674.15,Returning,CH,0,Ecom,2024-12-03
Switzerland,1564.16,Returning,CH,0,Stores,2024-12-03
Switzerland,3430.75,New,CH,0,Ecom,2024-12-04
Switzerland,2479.41,New,CH,0,Stores,2024-12-04
Switzerland,1575.5,Returning,CH,0,Ecom,2024-12-04
Switzerland,203.2,Returning,CH,0,Stores,2024-12-04
Switzerland,3453.98,New,CH,0,Ecom,2024-12-05
Switzerland,1196.7,New,CH,0,Stores,2024-12-05
Switzerland,1577.88,Returning,CH,0,Ecom,2024-12-05
Switzerland,1586.45,Returning,CH,0,Stores,2024-12-05
Switzerland,2563.79,New,CH,0,Ecom,2024-12-06
Switzerland,1742.28,New,CH,0,Stores,2024-12-06
Switzerland,1318.18,Returning,CH,0,Ecom,2024-12-06
Switzerland,957.98,Returning,CH,0,Stores,2024-12-06
Switzerland,4264.68,New,CH,0,Ecom,2024-12-07
Switzerland,1877.7,New,CH,0,Stores,2024-12-07
Switzerland,694.97,Returning,CH,0,Ecom,2024-12-07
Switzerland,349.2,Returning,CH,0,Stores,2024-12-07
Switzerland,1940.35,New,CH,0,Ecom,2024-12-08
Switzerland,2997.75,New,CH,0,Stores,2024-12-08
Switzerland,344.31,Returning,CH,0,Ecom,2024-12-08
Switzerland,1431.65,Returning,CH,0,Stores,2024-12-08
Switzerland,2775.73,New,CH,0,Ecom,2024-12-09
Switzerland,511.55,New,CH,0,Stores,2024-12-09
Switzerland,3177.87,Returning,CH,0,Ecom,2024-12-09
Switzerland,1163.47,Returning,CH,0,Stores,2024-12-09
Switzerland,1488.21,New,CH,0,Ecom,2024-12-10
Switzerland,2756.25,New,CH,0,Stores,2024-12-10
Switzerland,2526.72,Returning,CH,0,Ecom,2024-12-10
Switzerland,158.99,Returning,CH,0,Stores,2024-12-10
Switzerland,2269.44,New,CH,0,Ecom,2024-12-11
Switzerland,3858.8,New,CH,0,Stores,2024-12-11
Switzerland,1137.25,Returning,CH,0,Ecom,2024-12-11
Switzerland,273.53,Returning,CH,0,Stores,2024-12-11
Switzerland,2920.1,New,CH,0,Ecom,2024-12-12
Switzerland,1406.39,New,CH,0,Stores,2024-12-12
Switzerland,1594.86,Returning,CH,0,Ecom,2024-12-12
Switzerland,712.87,Returning,CH,0,Stores,2024-12-12
Switzerland,3395.79,New,CH,0,Ecom,2024-12-13
Switzerland,684.35,New,CH,0,Stores,2024-12-13
Switzerland,2349.96,Returning,CH,0,Ecom,2024-12-13
Switzerland,323.59,Returning,CH,0,Stores,2024-12-13
Switzerland,2811.6,New,CH,0,Ecom,2024-12-14
Switzerland,288.71,New,CH,0,Stores,2024-12-14
Switzerland,2260.98,Returning,CH,0,Ecom,2024-12-14
Switzerland,985.96,Returning,CH,0,Stores,2024-12-14
Switzerland,3691.05,New,CH,0,Ecom,2024-12-15
Switzerland,2726.48,New,CH,0,Stores,2024-12-15
Switzerland,606.61,Returning,CH,0,Ecom,2024-12-15
Switzerland,211.62,Returning,CH,0,Stores,2024-12-15
Switzerland,5106.25,New,CH,0,Ecom,2024-12-16
Switzerland,1145.94,New,CH,0,Stores,2024-12-16
Switzerland,489.25,Returning,CH,0,Ecom,2024-12-16
Switzerland,82.3,Returning,CH,0,Stores,2024-12-16
Switzerland,2880.41,New,CH,0,Ecom,2024-12-17
Switzerland,1892.26,New,CH,0,Stores,2024-12-17
Switzerland,575.81,Returning,CH,0,Ecom,2024-12-17
Switzerland,1605.3,Returning,CH,0,Stores,2024-12-17
Switzerland,3113.37,New,CH,0,Ecom,2024-12-18
Switzerland,1352.01,New,CH,0,Stores,2024-12-18
Switzerland,633.04,Returning,CH,0,Ecom,2024-12-18
Switzerland,1885.4,Returning,CH,0,Stores,2024-12-18
Switzerland,4504.92,New,CH,0,Ecom,2024-12-19
Switzerland,2341.38,New,CH,0,Stores,2024-12-19
Switzerland,1654.8,Returning,CH,0,Ecom,2024-12-19
Switzerland,97.42,Returning,CH,0,Stores,2024-12-19
Switzerland,2441.75,New,CH,0,Ecom,2024-12-20
Switzerland,1849.21,New,CH,0,Stores,2024-12-20
Switzerland,1769.0,Returning,CH,0,Ecom,2024-12-20
Switzerland,650.14,Returning,CH,0,Stores,2024-12-20
Switzerland,4225.44,New,CH,0,Ecom,2024-12-21
Switzerland,1188.55,New,CH,0,Stores,2024-12-21
Switzerland,1905.83,Returning,CH,0,Ecom,2024-12-21
Switzerland,519.61,Returning,CH,0,Stores,2024-12-21
Switzerland,2017.45,New,CH,0,Ecom,2024-12-22
Switzerland,2495.42,New,CH,0,Stores,2024-12-22
Switzerland,1778.39,Returning,CH,0,Ecom,2024-12-22
Switzerland,466.6,Returning,CH,0,Stores,2024-12-22
Switzerland,1879.44,New,CH,0,Ecom,2024-12-23
Switzerland,2536.87,New,CH,0,Stores,2024-12-23
Switzerland,1578.12,Returning,CH,0,Ecom,2024-12-23
Switzerland,835.21,Returning,CH,0,Stores,2024-12-23
Switzerland,1637.58,New,CH,0,Ecom,2024-12-24
Switzerland,2817.74,New,CH,0,Stores,2024-12-24
Switzerland,2378.57,Returning,CH,0,Ecom,2024-12-24
Switzerland,159.62,Returning,CH,0,Stores,2024-12-24
Switzerland,3941.25,New,CH,0,Ecom,2024-12-25
Switzerland,794.05,New,CH,0,Stores,2024-12-25
Switzerland,1345.62,Returning,CH,0,Ecom,2024-12-25
Switzerland,3511.94,Returning,CH,0,Stores,2024-12-25
Switzerland,1043.21,New,CH,0,Ecom,2024-12-26
Switzerland,3143.95,New,CH,0,Stores,2024-12-26
Switzerland,2590.48,Returning,CH,0,Ecom,2024-12-26
Switzerland,318.77,Returning,CH,0,Stores,2024-12-26
Switzerland,2005.72,New,CH,0,Ecom,2024-12-27
Switzerland,2923.87,New,CH,0,Stores,2024-12-27
Switzerland,1781.11,Returning,CH,0,Ecom,2024-12-27
Switzerland,273.23,Returning,CH,0,Stores,2024-12-27
Switzerland,4831.96,New,CH,0,Ecom,2024-12-28
Switzerland,1614.61,New,CH,0,Stores,2024-12-28
Switzerland,616.7,Returning,CH,0,Ecom,2024-12-28
Switzerland,202.07,Returning,CH,0,Stores,2024-12-28
Switzerland,4450.27,New,CH,0,Ecom,2024-12-29
Switzerland,692.92,New,CH,0,Stores,2024-12-29
Switzerland,1829.81,Returning,CH,0,Ecom,2024-12-29
Switzerland,524.13,Returning,CH,0,Stores,2024-12-29
Switzerland,2931.75,New,CH,0,Ecom,2024-12-30
Switzerland,1962.83,New,CH,0,Stores,2024-12-30
Switzerland,1533.58,Returning,CH,0,Ecom,2024-12-30
Switzerland,530.93,Returning,CH,0,Stores,2024-12-30
Switzerland,2100.49,New,CH,0,Ecom,2024-12-31
Switzerland,436.17,New,CH,0,Stores,2024-12-31
Switzerland,4610.61,Returning,CH,0,Ecom,2024-12-31
Switzerland,1639.24,Returning,CH,0,Stores,2024-12-31
Switzerland,2524.58,New,CH,0,Ecom,2025-01-01
Switzerland,2007.88,New,CH,0,Stores,2025-01-01
Switzerland,1657.82,Returning,CH,0,Ecom,2025-01-01
Switzerland,447.97,Returning,CH,0,Stores,2025-01-01
Switzerland,1657.35,New,CH,0,Ecom,2025-01-02
Switzerland,3411.99,New,CH,0,Stores,2025-01-02
Switzerland,1179.7,Returning,CH,0,Ecom,2025-01-02
Switzerland,259.87,Returning,CH,0,Stores,2025-01-02
Switzerland,2208.91,New,CH,0,Ecom,2025-01-03
Switzerland,192.88,New,CH,0,Stores,2025-01-03
Switzerland,3175.81,Returning,CH,0,Ecom,2025-01-03
Switzerland,1142.52,Returning,CH,0,Stores,2025-01-03
Switzerland,4925.5,New,CH,0,Ecom,2025-01-04
Switzerland,644.98,New,CH,0,Stores,2025-01-04
Switzerland,942.8,Returning,CH,0,Ecom,2025-01-04
Switzerland,1953.23,Returning,CH,0,Stores,2025-01-04
Switzerland,1694.7,New,CH,0,Ecom,2025-01-05
Switzerland,1599.11,New,CH,0,Stores,2025-01-05
Switzerland,879.51,Returning,CH,0,Ecom,2025-01-05
Switzerland,3511.03,Returning,CH,0,Stores,2025-01-05
Switzerland,1503.7,New,CH,0,Ecom,2025-01-06
Switzerland,2242.08,New,CH,0,Stores,2025-01-06
Switzerland,2299.22,Returning,CH,0,Ecom,2025-01-06
Switzerland,990.81,Returning,CH,0,Stores,2025-01-06
Switzerland,3188.11,New,CH,0,Ecom,2025-01-07
Switzerland,1041.85,New,CH,0,Stores,2025-01-07
Switzerland,628.36,Returning,CH,0,Ecom,2025-01-07
Switzerland,1886.95,Returning,CH,0,Stores,2025-01-07
Switzerland,467.66,New,CH,0,Ecom,2025-01-08
Switzerland,3066.47,New,CH,0,Stores,2025-01-08
Switzerland,2126.39,Returning,CH,0,Ecom,2025-01-08
Switzerland,865.86,Returning,CH,0,Stores,2025-01-08
Switzerland,1938.01,New,CH,0,Ecom,2025-01-09
Switzerland,3740.21,New,CH,0,Stores,2025-01-09
Switzerland,1600.56,Returning,CH,0,Ecom,2025-01-09
Switzerland,435.26,Returning,CH,0,Stores,2025-01-09
Switzerland,2159.58,New,CH,0,Ecom,2025-01-10
Switzerland,3527.97,New,CH,0,Stores,2025-01-10
Switzerland,831.7,Returning,CH,0,Ecom,2025-01-10
Switzerland,1194.93,Returning,CH,0,Stores,2025-01-10
Switzerland,2847.41,New,CH,0,Ecom,2025-01-11
Switzerland,1278.72,New,CH,0,Stores,2025-01-11
Switzerland,1647.79,Returning,CH,0,Ecom,2025-01-11
Switzerland,1886.25,Returning,CH,0,Stores,2025-01-11
Switzerland,2570.53,New,CH,0,Ecom,2025-01-12
Switzerland,2428.46,New,CH,0,Stores,2025-01-12
Switzerland,2253.0,Returning,CH,0,Ecom,2025-01-12
Switzerland,227.04,Returning,CH,0,Stores,2025-01-12
Switzerland,3432.51,New,CH,0,Ecom,2025-01-13
Switzerland,1646.66,New,CH,0,Stores,2025-01-13
Switzerland,1186.19,Returning,CH,0,Ecom,2025-01-13
Switzerland,713.95,Returning,CH,0,Stores,2025-01-13
Switzerland,2306.92,New,CH,0,Ecom,2025-01-14
Switzerland,1916.78,New,CH,0,Stores,2025-01-14
Switzerland,2597.2,Returning,CH,0,Ecom,2025-01-14
Switzerland,301.14,Returning,CH,0,Stores,2025-01-14
Switzerland,2768.33,New,CH,0,Ecom,2025-01-15
Switzerland,837.09,New,CH,0,Stores,2025-01-15
Switzerland,1350.97,Returning,CH,0,Ecom,2025-01-15
Switzerland,1986.51,Returning,CH,0,Stores,2025-01-15
Switzerland,3547.58,New,CH,0,Ecom,2025-01-16
Switzerland,1691.21,New,CH,0,Stores,2025-01-16
Switzerland,2207.78,Returning,CH,0,Ecom,2025-01-16
Switzerland,978.98,Returning,CH,0,Stores,2025-01-16
Switzerland,3534.26,New,CH,0,Ecom,2025-01-17
Switzerland,1518.63,New,CH,0,Stores,2025-01-17
Switzerland,660.48,Returning,CH,0,Ecom,2025-01-17
Switzerland,2083.36,Returning,CH,0,Stores,2025-01-17
Switzerland,2744.53,New,CH,0,Ecom,2025-01-18
Switzerland,4300.16,New,CH,0,Stores,2025-01-18
Switzerland,1081.55,Returning,CH,0,Ecom,2025-01-18
Switzerland,178.23,Returning,CH,0,Stores,2025-01-18
Switzerland,3119.51,New,CH,0,Ecom,2025-01-19
Switzerland,1466.03,New,CH,0,Stores,2025-01-19
Switzerland,1717.24,Returning,CH,0,Ecom,2025-01-19
Switzerland,69.83,Returning,CH,0,Stores,2025-01-19
Switzerland,2563.63,New,CH,0,Ecom,2025-01-20
Switzerland,2435.46,New,CH,0,Stores,2025-01-20
Switzerland,312.46,Returning,CH,0,Ecom,2025-01-20
Switzerland,1058.32,Returning,CH,0,Stores,2025-01-20
Switzerland,3744.27,New,CH,0,Ecom,2025-01-21
Switzerland,1563.12,New,CH,0,Stores,2025-01-21
Switzerland,421.18,Returning,CH,0,Ecom,2025-01-21
Switzerland,880.17,Returning,CH,0,Stores,2025-01-21
Switzerland,3910.73,New,CH,0,Ecom,2025-01-22
Switzerland,2407.35,New,CH,0,Stores,2025-01-22
Switzerland,610.43,Returning,CH,0,Ecom,2025-01-22
Switzerland,30.63,Returning,CH,0,Stores,2025-01-22
Switzerland,3371.4,New,CH,0,Ecom,2025-01-23
Switzerland,1980.58,New,CH,0,Stores,2025-01-23
Switzerland,2156.8,Returning,CH,0,Ecom,2025-01-23
Switzerland,756.34,Returning,CH,0,Stores,2025-01-23
Switzerland,2607.52,New,CH,0,Ecom,2025-01-24
Switzerland,1875.78,New,CH,0,Stores,2025-01-24
Switzerland,2101.95,Returning,CH,0,Ecom,2025-01-24
Switzerland,1439.73,Returning,CH,0,Stores,2025-01-24
Switzerland,3218.6,New,CH,0,Ecom,2025-01-25
Switzerland,2408.9,New,CH,0,Stores,2025-01-25
Switzerland,2341.17,Returning,CH,0,Ecom,2025-01-25
Switzerland,18.51,Returning,CH,0,Stores,2025-01-25
Switzerland,463.94,New,CH,0,Ecom,2025-01-26
Switzerland,6330.22,New,CH,0,Stores,2025-01-26
Switzerland,578.08,Returning,CH,0,Ecom,2025-01-26
Switzerland,353.26,Returning,CH,0,Stores,2025-01-26
Switzerland,2250.97,New,CH,0,Ecom,2025-01-27
Switzerland,4029.15,New,CH,0,Stores,2025-01-27
Switzerland,1087.66,Returning,CH,0,Ecom,2025-01-27
Switzerland,1.54,Returning,CH,0,Stores,2025-01-27
Switzerland,3171.77,New,CH,0,Ecom,2025-01-28
Switzerland,1836.18,New,CH,0,Stores,2025-01-28
Switzerland,1036.04,Returning,CH,0,Ecom,2025-01-28
Switzerland,602.67,Returning,CH,0,Stores,2025-01-28
Switzerland,2956.25,New,CH,0,Ecom,2025-01-29
Switzerland,2311.25,New,CH,0,Stores,2025-01-29
Switzerland,2220.55,Returning,CH,0,Ecom,2025-01-29
Switzerland,280.56,Returning,CH,0,Stores,2025-01-29
Switzerland,3052.25,New,CH,0,Ecom,2025-01-30
Switzerland,3746.29,New,CH,0,Stores,2025-01-30
Switzerland,1548.3,Returning,CH,0,Ecom,2025-01-30
Switzerland,617.13,Returning,CH,0,Stores,2025-01-30
Switzerland,2010.61,New,CH,0,Ecom,2025-01-31
Switzerland,4266.43,New,CH,0,Stores,2025-01-31
Switzerland,716.25,Returning,CH,0,Ecom,2025-01-31
Switzerland,369.93,Returning,CH,0,Stores,2025-01-31
Switzerland,3479.13,New,CH,0,Ecom,2025-02-01
Switzerland,572.94,New,CH,0,Stores,2025-02-01
Switzerland,2414.42,Returning,CH,0,Ecom,2025-02-01
Switzerland,539.57,Returning,CH,0,Stores,2025-02-01
Switzerland,2813.12,New,CH,0,Ecom,2025-02-02
Switzerland,2232.12,New,CH,0,Stores,2025-02-02
Switzerland,867.06,Returning,CH,0,Ecom,2025-02-02
Switzerland,1051.85,Returning,CH,0,Stores,2025-02-02
Switzerland,1543.02,New,CH,0,Ecom,2025-02-03
Switzerland,1276.31,New,CH,0,Stores,2025-02-03
Switzerland,2869.81,Returning,CH,0,Ecom,2025-02-03
Switzerland,1026.88,Returning,CH,0,Stores,2025-02-03
Switzerland,3943.44,New,CH,0,Ecom,2025-02-04
Switzerland,2084.32,New,CH,0,Stores,2025-02-04
Switzerland,381.95,Returning,CH,0,Ecom,2025-02-04
Switzerland,459.97,Returning,CH,0,Stores,2025-02-04
Switzerland,3141.85,New,CH,0,Ecom,2025-02-05
Switzerland,872.22,New,CH,0,Stores,2025-02-05
Switzerland,2587.17,Returning,CH,0,Ecom,2025-02-05
Switzerland,396.49,Returning,CH,0,Stores,2025-02-05
Switzerland,931.09,New,CH,0,Ecom,2025-02-06
Switzerland,2167.59,New,CH,0,Stores,2025-02-06
Switzerland,3666.52,Returning,CH,0,Ecom,2025-02-06
Switzerland,45.94,Returning,CH,0,Stores,2025-02-06
Switzerland,2162.04,New,CH,0,Ecom,2025-02-07
Switzerland,1022.91,New,CH,0,Stores,2025-02-07
Switzerland,3829.68,Returning,CH,0,Ecom,2025-02-07
Switzerland,299.47,Returning,CH,0,Stores,2025-02-07
Switzerland,3161.57,New,CH,0,Ecom,2025-02-08
Switzerland,1600.25,New,CH,0,Stores,2025-02-08
Switzerland,2189.23,Returning,CH,0,Ecom,2025-02-08
Switzerland,313.37,Returning,CH,0,Stores,2025-02-08
Switzerland,1195.7,New,CH,0,Ecom,2025-02-09
Switzerland,3146.09,New,CH,0,Stores,2025-02-09
Switzerland,448.37,Returning,CH,0,Ecom,2025-02-09
Switzerland,2459.23,Returning,CH,0,Stores,2025-02-09
Switzerland,2815.01,New,CH,0,Ecom,2025-02-10
Switzerland,548.97,New,CH,0,Stores,2025-02-10
Switzerland,3948.91,Returning,CH,0,Ecom,2025-02-10
Switzerland,154.41,Returning,CH,0,Stores,2025-02-10
Switzerland,4499.33,New,CH,0,Ecom,2025-02-11
Switzerland,903.95,New,CH,0,Stores,2025-02-11
Switzerland,1029.91,Returning,CH,0,Ecom,2025-02-11
Switzerland,266.15,Returning,CH,0,Stores,2025-02-11
Switzerland,2553.89,New,CH,0,Ecom,2025-02-12
Switzerland,559.15,New,CH,0,Stores,2025-02-12
Switzerland,2380.59,Returning,CH,0,Ecom,2025-02-12
Switzerland,1539.88,Returning,CH,0,Stores,2025-02-12
Switzerland,3712.65,New,CH,0,Ecom,2025-02-13
Switzerland,2486.02,New,CH,0,Stores,2025-02-13
Switzerland,1073.36,Returning,CH,0,Ecom,2025-02-13
Switzerland,9.75,Returning,CH,0,Stores,2025-02-13
Switzerland,834.52,New,CH,0,Ecom,2025-02-14
Switzerland,3232.61,New,CH,0,Stores,2025-02-14
Switzerland,2633.38,Returning,CH,0,Ecom,2025-02-14
Switzerland,101.93,Returning,CH,0,Stores,2025-02-14
Switzerland,1637.83,New,CH,0,Ecom,2025-02-15
Switzerland,3225.42,New,CH,0,Stores,2025-02-15
Switzerland,251.32,Returning,CH,0,Ecom,2025-02-15
Switzerland,1395.89,Returning,CH,0,Stores,2025-02-15
Switzerland,4397.16,New,CH,0,Ecom,2025-02-16
Switzerland,2706.63,New,CH,0,Stores,2025-02-16
Switzerland,427.37,Returning,CH,0,Ecom,2025-02-16
Switzerland,211.52,Returning,CH,0,Stores,2025-02-16
Switzerland,1067.62,New,CH,0,Ecom,2025-02-17
Switzerland,3222.39,New,CH,0,Stores,2025-02-17
Switzerland,2761.95,Returning,CH,0,Ecom,2025-02-17
Switzerland,529.67,Returning,CH,0,Stores,2025-02-17
Switzerland,2345.8,New,CH,0,Ecom,2025-02-18
Switzerland,3991.66,New,CH,0,Stores,2025-02-18
Switzerland,959.28,Returning,CH,0,Ecom,2025-02-18
Switzerland,298.73,Returning,CH,0,Stores,2025-02-18
Switzerland,3908.34,New,CH,0,Ecom,2025-02-19
Switzerland,914.81,New,CH,0,Stores,2025-02-19
Switzerland,1844.84,Returning,CH,0,Ecom,2025-02-19
Switzerland,679.33,Returning,CH,0,Stores,2025-02-19
Switzerland,1547.89,New,CH,0,Ecom,2025-02-20
Switzerland,238.63,New,CH,0,Stores,2025-02-20
Switzerland,2121.79,Returning,CH,0,Ecom,2025-02-20
Switzerland,3290.57,Returning,CH,0,Stores,2025-02-20
Switzerland,2504.56,New,CH,0,Ecom,2025-02-21
Switzerland,2465.71,New,CH,0,Stores,2025-02-21
Switzerland,2044.59,Returning,CH,0,Ecom,2025-02-21
Switzerland,685.28,Returning,CH,0,Stores,2025-02-21
Switzerland,2085.32,New,CH,0,Ecom,2025-02-22
Switzerland,2395.35,New,CH,0,Stores,2025-02-22
Switzerland,1483.77,Returning,CH,0,Ecom,2025-02-22
Switzerland,1189.72,Returning,CH,0,Stores,2025-02-22
Switzerland,1370.95,New,CH,0,Ecom,2025-02-23
Switzerland,3621.71,New,CH,0,Stores,2025-02-23
Switzerland,2457.76,Returning,CH,0,Ecom,2025-02-23
Switzerland,304.23,Returning,CH,0,Stores,2025-02-23
Switzerland,1276.01,New,CH,0,Ecom,2025-02-24
Switzerland,2053.56,New,CH,0,Stores,2025-02-24
Switzerland,3441.41,Returning,CH,0,Ecom,2025-02-24
Switzerland,1014.26,Returning,CH,0,Stores,2025-02-24
Switzerland,1453.5,New,CH,0,Ecom,2025-02-25
Switzerland,2372.21,New,CH,0,Stores,2025-02-25
Switzerland,5418.37,Returning,CH,0,Ecom,2025-02-25
Switzerland,52.78,Returning,CH,0,Stores,2025-02-25
Switzerland,4381.87,New,CH,0,Ecom,2025-02-26
Switzerland,1641.61,New,CH,0,Stores,2025-02-26
Switzerland,588.84,Returning,CH,0,Ecom,2025-02-26
Switzerland,789.35,Returning,CH,0,Stores,2025-02-26
Switzerland,3016.65,New,CH,0,Ecom,2025-02-27
Switzerland,1217.34,New,CH,0,Stores,2025-02-27
Switzerland,3040.0,Returning,CH,0,Ecom,2025-02-27
Switzerland,206.14,Returning,CH,0,Stores,2025-02-27
Switzerland,4421.65,New,CH,0,Ecom,2025-02-28
Switzerland,2094.94,New,CH,0,Stores,2025-02-28
Switzerland,1433.2,Returning,CH,0,Ecom,2025-02-28
Switzerland,0.26,Returning,CH,0,Stores,2025-02-28
Switzerland,2341.13,New,CH,0,Ecom,2025-03-01
Switzerland,1622.64,New,CH,0,Stores,2025-03-01
Switzerland,3347.17,Returning,CH,0,Ecom,2025-03-01
Switzerland,569.04,Returning,CH,0,Stores,2025-03-01
Switzerland,4526.23,New,CH,0,Ecom,2025-03-02
Switzerland,1472.15,New,CH,0,Stores,2025-03-02
Switzerland,1502.91,Returning,CH,0,Ecom,2025-03-02
Switzerland,160.76,Returning,CH,0,Stores,2025-03-02
Switzerland,2672.36,New,CH,0,Ecom,2025-03-03
Switzerland,646.97,New,CH,0,Stores,2025-03-03
Switzerland,3502.23,Returning,CH,0,Ecom,2025-03-03
Switzerland,817.5,Returning,CH,0,Stores,2025-03-03
Switzerland,3359.32,New,CH,0,Ecom,2025-03-04
Switzerland,1940.78,New,CH,0,Stores,2025-03-04
Switzerland,1784.91,Returning,CH,0,Ecom,2025-03-04
Switzerland,219.28,Returning,CH,0,Stores,2025-03-04
Switzerland,4061.89,New,CH,0,Ecom,2025-03-05
Switzerland,1034.78,New,CH,0,Stores,2025-03-05
Switzerland,1416.26,Returning,CH,0,Ecom,2025-03-05
Switzerland,1162.6,Returning,CH,0,Stores,2025-03-05
Switzerland,2056.66,New,CH,0,Ecom,2025-03-06
Switzerland,2215.56,New,CH,0,Stores,2025-03-06
Switzerland,3112.47,Returning,CH,0,Ecom,2025-03-06
Switzerland,66.88,Returning,CH,0,Stores,2025-03-06
Switzerland,2326.64,New,CH,0,Ecom,2025-03-07
Switzerland,2422.49,New,CH,0,Stores,2025-03-07
Switzerland,1089.72,Returning,CH,0,Ecom,2025-03-07
Switzerland,2403.51,Returning,CH,0,Stores,2025-03-07
Switzerland,3944.91,New,CH,0,Ecom,2025-03-08
Switzerland,1421.93,New,CH,0,Stores,2025-03-08
Switzerland,843.79,Returning,CH,0,Ecom,2025-03-08
Switzerland,1446.7,Returning,CH,0,Stores,2025-03-08
Switzerland,932.45,New,CH,0,Ecom,2025-03-09
Switzerland,3998.0,New,CH,0,Stores,2025-03-09
Switzerland,1817.9,Returning,CH,0,Ecom,2025-03-09
Switzerland,389.25,Returning,CH,0,Stores,2025-03-09
Switzerland,3399.9,New,CH,0,Ecom,2025-03-10
Switzerland,1361.01,New,CH,0,Stores,2025-03-10
Switzerland,2338.42,Returning,CH,0,Ecom,2025-03-10
Switzerland,183.8,Returning,CH,0,Stores,2025-03-10
Switzerland,4236.53,New,CH,0,Ecom,2025-03-11
Switzerland,1668.57,New,CH,0,Stores,2025-03-11
Switzerland,1876.64,Returning,CH,0,Ecom,2025-03-11
Switzerland,30.09,Returning,CH,0,Stores,2025-03-11
Switzerland,1805.57,New,CH,0,Ecom,2025-03-12
Switzerland,2738.71,New,CH,0,Stores,2025-03-12
Switzerland,2278.99,Returning,CH,0,Ecom,2025-03-12
Switzerland,1067.09,Returning,CH,0,Stores,2025-03-12
Switzerland,3614.48,New,CH,0,Ecom,2025-03-13
Switzerland,1109.72,New,CH,0,Stores,2025-03-13
Switzerland,3790.57,Returning,CH,0,Ecom,2025-03-13
Switzerland,183.85,Returning,CH,0,Stores,2025-03-13
Switzerland,1907.67,New,CH,0,Ecom,2025-03-14
Switzerland,122.73,New,CH,0,Stores,2025-03-14
Switzerland,4618.57,Returning,CH,0,Ecom,2025-03-14
Switzerland,1216.54,Returning,CH,0,Stores,2025-03-14
Switzerland,3138.97,New,CH,0,Ecom,2025-03-15
Switzerland,1052.07,New,CH,0,Stores,2025-03-15
Switzerland,901.94,Returning,CH,0,Ecom,2025-03-15
Switzerland,1891.46,Returning,CH,0,Stores,2025-03-15
Switzerland,2990.82,New,CH,0,Ecom,2025-03-16
Switzerland,2638.07,New,CH,0,Stores,2025-03-16
Switzerland,1582.13,Returning,CH,0,Ecom,2025-03-16
Switzerland,787.48,Returning,CH,0,Stores,2025-03-16
Switzerland,1163.69,New,CH,0,Ecom,2025-03-17
Switzerland,3533.24,New,CH,0,Stores,2025-03-17
Switzerland,1524.63,Returning,CH,0,Ecom,2025-03-17
Switzerland,1006.72,Returning,CH,0,Stores,2025-03-17
Switzerland,3156.13,New,CH,0,Ecom,2025-03-18
Switzerland,1587.4,New,CH,0,Stores,2025-03-18
Switzerland,971.86,Returning,CH,0,Ecom,2025-03-18
Switzerland,1621.58,Returning,CH,0,Stores,2025-03-18
Switzerland,4166.79,New,CH,0,Ecom,2025-03-19
Switzerland,2290.35,New,CH,0,Stores,2025-03-19
Switzerland,1063.67,Returning,CH,0,Ecom,2025-03-19
Switzerland,443.08,Returning,CH,0,Stores,2025-03-19
Switzerland,3516.78,New,CH,0,Ecom,2025-03-20
Switzerland,314.82,New,CH,0,Stores,2025-03-20
Switzerland,2044.85,Returning,CH,0,Ecom,2025-03-20
Switzerland,1196.3,Returning,CH,0,Stores,2025-03-20
Switzerland,2526.08,New,CH,0,Ecom,2025-03-21
Switzerland,1405.69,New,CH,0,Stores,2025-03-21
Switzerland,4257.78,Returning,CH,0,Ecom,2025-03-21
Switzerland,793.55,Returning,CH,0,Stores,2025-03-21
Switzerland,1324.17,New,CH,0,Ecom,2025-03-22
Switzerland,4405.15,New,CH,0,Stores,2025-03-22
Switzerland,1735.42,Returning,CH,0,Ecom,2025-03-22
Switzerland,645.37,Returning,CH,0,Stores,2025-03-22
Switzerland,5668.53,New,CH,0,Ecom,2025-03-23
Switzerland,957.56,New,CH,0,Stores,2025-03-23
Switzerland,1073.45,Returning,CH,0,Ecom,2025-03-23
Switzerland,394.2,Returning,CH,0,Stores,2025-03-23
Switzerland,3633.29,New,CH,0,Ecom,2025-03-24
Switzerland,2119.56,New,CH,0,Stores,2025-03-24
Switzerland,498.84,Returning,CH,0,Ecom,2025-03-24
Switzerland,1581.38,Returning,CH,0,Stores,2025-03-24
Switzerland,1665.8,New,CH,0,Ecom,2025-03-25
Switzerland,925.29,New,CH,0,Stores,2025-03-25
Switzerland,2441.84,Returning,CH,0,Ecom,2025-03-25
Switzerland,2315.35,Returning,CH,0,Stores,2025-03-25
Switzerland,1218.72,New,CH,0,Ecom,2025-03-26
Switzerland,1585.24,New,CH,0,Stores,2025-03-26
Switzerland,3921.04,Returning,CH,0,Ecom,2025-03-26
Switzerland,1022.92,Returning,CH,0,Stores,2025-03-26
Switzerland,2921.43,New,CH,0,Ecom,2025-03-27
Switzerland,2669.59,New,CH,0,Stores,2025-03-27
Switzerland,1308.08,Returning,CH,0,Ecom,2025-03-27
Switzerland,802.23,Returning,CH,0,Stores,2025-03-27
Switzerland,3044.36,New,CH,0,Ecom,2025-03-28
Switzerland,1457.4,New,CH,0,Stores,2025-03-28
Switzerland,2680.5,Returning,CH,0,Ecom,2025-03-28
Switzerland,832.77,Returning,CH,0,Stores,2025-03-28
Switzerland,1954.86,New,CH,0,Ecom,2025-03-29
Switzerland,2243.01,New,CH,0,Stores,2025-03-29
Switzerland,1652.1,Returning,CH,0,Ecom,2025-03-29
Switzerland,1594.07,Returning,CH,0,Stores,2025-03-29
Switzerland,1786.31,New,CH,0,Ecom,2025-03-30
Switzerland,1658.28,New,CH,0,Stores,2025-03-30
Switzerland,4360.48,Returning,CH,0,Ecom,2025-03-30
Switzerland,15.64,Returning,CH,0,Stores,2025-03-30
Switzerland,2698.78,New,CH,0,Ecom,2025-03-31
Switzerland,3186.07,New,CH,0,Stores,2025-03-31
Switzerland,2900.3,Returning,CH,0,Ecom,2025-03-31
Switzerland,313.72,Returning,CH,0,Stores,2025-03-31
Switzerland,2270.54,New,CH,0,Ecom,2025-04-01
Switzerland,1385.54,New,CH,0,Stores,2025-04-01
Switzerland,1042.78,Returning,CH,0,Ecom,2025-04-01
Switzerland,2584.4,Returning,CH,0,Stores,2025-04-01
Switzerland,3300.03,New,CH,0,Ecom,2025-04-02
Switzerland,922.19,New,CH,0,Stores,2025-04-02
Switzerland,3388.96,Returning,CH,0,Ecom,2025-04-02
Switzerland,678.55,Returning,CH,0,Stores,2025-04-02
Switzerland,2747.02,New,CH,0,Ecom,2025-04-03
Switzerland,2452.37,New,CH,0,Stores,2025-04-03
Switzerland,2169.7,Returning,CH,0,Ecom,2025-04-03
Switzerland,114.54,Returning,CH,0,Stores,2025-04-03
Switzerland,3944.71,New,CH,0,Ecom,2025-04-04
Switzerland,1407.63,New,CH,0,Stores,2025-04-04
Switzerland,1227.51,Returning,CH,0,Ecom,2025-04-04
Switzerland,433.29,Returning,CH,0,Stores,2025-04-04
Switzerland,1521.46,New,CH,0,Ecom,2025-04-05
Switzerland,3015.44,New,CH,0,Stores,2025-04-05
Switzerland,2691.56,Returning,CH,0,Ecom,2025-04-05
Switzerland,641.53,Returning,CH,0,Stores,2025-04-05
Switzerland,2372.43,New,CH,0,Ecom,2025-04-06
Switzerland,1725.74,New,CH,0,Stores,2025-04-06
Switzerland,2986.23,Returning,CH,0,Ecom,2025-04-06
Switzerland,233.53,Returning,CH,0,Stores,2025-04-06
Switzerland,2353.14,New,CH,0,Ecom,2025-04-07
Switzerland,122.85,New,CH,0,Stores,2025-04-07
Switzerland,2568.3,Returning,CH,0,Ecom,2025-04-07
Switzerland,2438.02,Returning,CH,0,Stores,2025-04-07
Switzerland,4745.47,New,CH,0,Ecom,2025-04-08
Switzerland,989.76,New,CH,0,Stores,2025-04-08
Switzerland,817.33,Returning,CH,0,Ecom,2025-04-08
Switzerland,817.65,Returning,CH,0,Stores,2025-04-08
Switzerland,1358.3,New,CH,0,Ecom,2025-04-09
Switzerland,4706.23,New,CH,0,Stores,2025-04-09
Switzerland,1219.24,Returning,CH,0,Ecom,2025-04-09
Switzerland,1071.85,Returning,CH,0,Stores,2025-04-09
Switzerland,2847.92,New,CH,0,Ecom,2025-04-10
Switzerland,1556.75,New,CH,0,Stores,2025-04-10
Switzerland,2029.72,Returning,CH,0,Ecom,2025-04-10
Switzerland,1142.57,Returning,CH,0,Stores,2025-04-10
Switzerland,2183.47,New,CH,0,Ecom,2025-04-11
Switzerland,883.63,New,CH,0,Stores,2025-04-11
Switzerland,2635.05,Returning,CH,0,Ecom,2025-04-11
Switzerland,2843.29,Returning,CH,0,Stores,2025-04-11
Switzerland,3377.8,New,CH,0,Ecom,2025-04-12
Switzerland,1180.24,New,CH,0,Stores,2025-04-12
Switzerland,2968.66,Returning,CH,0,Ecom,2025-04-12
Switzerland,294.31,Returning,CH,0,Stores,2025-04-12
Switzerland,1061.84,New,CH,0,Ecom,2025-04-13
Switzerland,3293.44,New,CH,0,Stores,2025-04-13
Switzerland,878.44,Returning,CH,0,Ecom,2025-04-13
Switzerland,1742.18,Returning,CH,0,Stores,2025-04-13
Switzerland,942.49,New,CH,0,Ecom,2025-04-14
Switzerland,1016.19,New,CH,0,Stores,2025-04-14
Switzerland,4132.49,Returning,CH,0,Ecom,2025-04-14
Switzerland,745.02,Returning,CH,0,Stores,2025-04-14
Switzerland,1601.39,New,CH,0,Ecom,2025-04-15
Switzerland,2308.76,New,CH,0,Stores,2025-04-15
Switzerland,1672.42,Returning,CH,0,Ecom,2025-04-15
Switzerland,1710.49,Returning,CH,0,Stores,2025-04-15
Switzerland,2405.44,New,CH,0,Ecom,2025-04-16
Switzerland,3916.48,New,CH,0,Stores,2025-04-16
Switzerland,1573.57,Returning,CH,0,Ecom,2025-04-16
Switzerland,16.01,Returning,CH,0,Stores,2025-04-16
Switzerland,1798.88,New,CH,0,Ecom,2025-04-17
Switzerland,2560.2,New,CH,0,Stores,2025-04-17
Switzerland,2008.57,Returning,CH,0,Ecom,2025-04-17
Switzerland,141.44,Returning,CH,0,Stores,2025-04-17
Switzerland,2982.47,New,CH,0,Ecom,2025-04-18
Switzerland,764.55,New,CH,0,Stores,2025-04-18
Switzerland,1619.89,Returning,CH,0,Ecom,2025-04-18
Switzerland,2183.45,Returning,CH,0,Stores,2025-04-18
Switzerland,1689.54,New,CH,0,Ecom,2025-04-19
Switzerland,3621.56,New,CH,0,Stores,2025-04-19
Switzerland,619.39,Returning,CH,0,Ecom,2025-04-19
Switzerland,1325.02,Returning,CH,0,Stores,2025-04-19
Switzerland,1151.17,New,CH,0,Ecom,2025-04-20
Switzerland,2209.73,New,CH,0,Stores,2025-04-20
Switzerland,4168.3,Returning,CH,0,Ecom,2025-04-20
Switzerland,339.55,Returning,CH,0,Stores,2025-04-20
Switzerland,4942.88,New,CH,0,Ecom,2025-04-21
Switzerland,1099.57,New,CH,0,Stores,2025-04-21
Switzerland,1714.42,Returning,CH,0,Ecom,2025-04-21
Switzerland,473.95,Returning,CH,0,Stores,2025-04-21
Switzerland,4403.37,New,CH,0,Ecom,2025-04-22
Switzerland,866.2,New,CH,0,Stores,2025-04-22
Switzerland,1315.75,Returning,CH,0,Ecom,2025-04-22
Switzerland,1084.11,Returning,CH,0,Stores,2025-04-22
Switzerland,776.95,New,CH,0,Ecom,2025-04-23
Switzerland,1166.35,New,CH,0,Stores,2025-04-23
Switzerland,3655.51,Returning,CH,0,Ecom,2025-04-23
Switzerland,1962.68,Returning,CH,0,Stores,2025-04-23
Switzerland,3415.68,New,CH,0,Ecom,2025-04-24
Switzerland,2236.52,New,CH,0,Stores,2025-04-24
Switzerland,2150.18,Returning,CH,0,Ecom,2025-04-24
Switzerland,121.31,Returning,CH,0,Stores,2025-04-24
Switzerland,3540.93,New,CH,0,Ecom,2025-04-25
Switzerland,377.7,New,CH,0,Stores,2025-04-25
Switzerland,1899.95,Returning,CH,0,Ecom,2025-04-25
Switzerland,2112.63,Returning,CH,0,Stores,2025-04-25
Switzerland,5225.95,New,CH,0,Ecom,2025-04-26
Switzerland,238.31,New,CH,0,Stores,2025-04-26
Switzerland,1695.84,Returning,CH,0,Ecom,2025-04-26
Switzerland,247.42,Returning,CH,0,Stores,2025-04-26
Switzerland,2729.61,New,CH,0,Ecom,2025-04-27
Switzerland,1293.84,New,CH,0,Stores,2025-04-27
Switzerland,1478.47,Returning,CH,0,Ecom,2025-04-27
Switzerland,1890.65,Returning,CH,0,Stores,2025-04-27
Switzerland,3067.11,New,CH,0,Ecom,2025-04-28
Switzerland,3225.48,New,CH,0,Stores,2025-04-28
Switzerland,1310.02,Returning,CH,0,Ecom,2025-04-28
Switzerland,173.09,Returning,CH,0,Stores,2025-04-28
Switzerland,574.43,New,CH,0,Ecom,2025-04-29
Switzerland,3299.36,New,CH,0,Stores,2025-04-29
Switzerland,1744.42,Returning,CH,0,Ecom,2025-04-29
Switzerland,1449.61,Returning,CH,0,Stores,2025-04-29
Switzerland,4405.36,New,CH,0,Ecom,2025-04-30
Switzerland,899.67,New,CH,0,Stores,2025-04-30
Switzerland,2970.43,Returning,CH,0,Ecom,2025-04-30
Switzerland,57.59,Returning,CH,0,Stores,2025-04-30
Switzerland,5562.75,New,CH,0,Ecom,2025-05-01
Switzerland,1095.98,New,CH,0,Stores,2025-05-01
Switzerland,930.93,Returning,CH,0,Ecom,2025-05-01
Switzerland,55.61,Returning,CH,0,Stores,2025-05-01
Switzerland,3013.0,New,CH,0,Ecom,2025-05-02
Switzerland,2680.06,New,CH,0,Stores,2025-05-02
Switzerland,226.99,Returning,CH,0,Ecom,2025-05-02
Switzerland,1068.71,Returning,CH,0,Stores,2025-05-02
Switzerland,1084.98,New,CH,0,Ecom,2025-05-03
Switzerland,440.97,New,CH,0,Stores,2025-05-03
Switzerland,4752.37,Returning,CH,0,Ecom,2025-05-03
Switzerland,778.04,Returning,CH,0,Stores,2025-05-03
Switzerland,2313.16,New,CH,0,Ecom,2025-05-04
Switzerland,4573.4,New,CH,0,Stores,2025-05-04
Switzerland,243.3,Returning,CH,0,Ecom,2025-05-04
Switzerland,60.3,Returning,CH,0,Stores,2025-05-04
Switzerland,3879.65,New,CH,0,Ecom,2025-05-05
Switzerland,1309.32,New,CH,0,Stores,2025-05-05
Switzerland,124.2,Returning,CH,0,Ecom,2025-05-05
Switzerland,2019.36,Returning,CH,0,Stores,2025-05-05
Switzerland,2802.96,New,CH,0,Ecom,2025-05-06
Switzerland,1458.62,New,CH,0,Stores,2025-05-06
Switzerland,2063.33,Returning,CH,0,Ecom,2025-05-06
Switzerland,1949.31,Returning,CH,0,Stores,2025-05-06
Switzerland,1857.3,New,CH,0,Ecom,2025-05-07
Switzerland,595.8,New,CH,0,Stores,2025-05-07
Switzerland,3079.69,Returning,CH,0,Ecom,2025-05-07
Switzerland,1501.02,Returning,CH,0,Stores,2025-05-07
Switzerland,3094.26,New,CH,0,Ecom,2025-05-08
Switzerland,863.51,New,CH,0,Stores,2025-05-08
Switzerland,3604.7,Returning,CH,0,Ecom,2025-05-08
Switzerland,642.43,Returning,CH,0,Stores,2025-05-08
Switzerland,676.47,New,CH,0,Ecom,2025-05-09
Switzerland,6004.04,New,CH,0,Stores,2025-05-09
Switzerland,466.92,Returning,CH,0,Ecom,2025-05-09
Switzerland,418.41,Returning,CH,0,Stores,2025-05-09
Switzerland,4781.93,New,CH,0,Ecom,2025-05-10
Switzerland,445.46,New,CH,0,Stores,2025-05-10
Switzerland,829.14,Returning,CH,0,Ecom,2025-05-10
Switzerland,1342.98,Returning,CH,0,Stores,2025-05-10
Switzerland,1621.12,New,CH,0,Ecom,2025-05-11
Switzerland,2127.17,New,CH,0,Stores,2025-05-11
Switzerland,2634.91,Returning,CH,0,Ecom,2025-05-11
Switzerland,1002.76,Returning,CH,0,Stores,2025-05-11
Switzerland,2299.73,New,CH,0,Ecom,2025-05-12
Switzerland,999.32,New,CH,0,Stores,2025-05-12
Switzerland,913.08,Returning,CH,0,Ecom,2025-05-12
Switzerland,3521.37,Returning,CH,0,Stores,2025-05-12
Switzerland,2195.97,New,CH,0,Ecom,2025-05-13
Switzerland,1277.95,New,CH,0,Stores,2025-05-13
Switzerland,1042.77,Returning,CH,0,Ecom,2025-05-13
Switzerland,2569.47,Returning,CH,0,Stores,2025-05-13
Switzerland,1406.27,New,CH,0,Ecom,2025-05-14
Switzerland,2967.27,New,CH,0,Stores,2025-05-14
Switzerland,1949.54,Returning,CH,0,Ecom,2025-05-14
Switzerland,696.51,Returning,CH,0,Stores,2025-05-14
Switzerland,2512.54,New,CH,0,Ecom,2025-05-15
Switzerland,464.78,New,CH,0,Stores,2025-05-15
Switzerland,4076.77,Returning,CH,0,Ecom,2025-05-15
Switzerland,888.31,Returning,CH,0,Stores,2025-05-15
Switzerland,3896.66,New,CH,0,Ecom,2025-05-16
Switzerland,1350.62,New,CH,0,Stores,2025-05-16
Switzerland,2913.07,Returning,CH,0,Ecom,2025-05-16
Switzerland,2133.33,Returning,CH,0,Stores,2025-05-16
Switzerland,3940.32,New,CH,0,Ecom,2025-05-17
Switzerland,2324.97,New,CH,0,Stores,2025-05-17
Switzerland,2461.36,Returning,CH,0,Ecom,2025-05-17
Switzerland,110.38,Returning,CH,0,Stores,2025-05-17
Switzerland,6597.33,New,CH,0,Ecom,2025-05-18
Switzerland,2657.96,New,CH,0,Stores,2025-05-18
Switzerland,402.59,Returning,CH,0,Ecom,2025-05-18
Switzerland,2628.66,Returning,CH,0,Stores,2025-05-18
Switzerland,5086.3,New,CH,0,Ecom,2025-05-19
Switzerland,719.98,New,CH,0,Stores,2025-05-19
Switzerland,1709.77,Returning,CH,0,Ecom,2025-05-19
Switzerland,1486.07,Returning,CH,0,Stores,2025-05-19
Switzerland,3626.15,New,CH,0,Ecom,2025-05-20
Switzerland,1161.16,New,CH,0,Stores,2025-05-20
Switzerland,5237.91,Returning,CH,0,Ecom,2025-05-20
Switzerland,844.38,Returning,CH,0,Stores,2025-05-20
Switzerland,2403.52,New,CH,0,Ecom,2025-05-21
Switzerland,4161.12,New,CH,0,Stores,2025-05-21
Switzerland,4650.47,Returning,CH,0,Ecom,2025-05-21
Switzerland,29.8,Returning,CH,0,Stores,2025-05-21
Switzerland,5125.69,New,CH,0,Ecom,2025-05-22
Switzerland,2778.69,New,CH,0,Stores,2025-05-22
Switzerland,1390.74,Returning,CH,0,Ecom,2025-05-22
Switzerland,1208.92,Returning,CH,0,Stores,2025-05-22
Switzerland,1589.09,New,CH,0,Ecom,2025-05-23
Switzerland,4082.55,New,CH,0,Stores,2025-05-23
Switzerland,1514.76,Returning,CH,0,Ecom,2025-05-23
Switzerland,1884.57,Returning,CH,0,Stores,2025-05-23
Switzerland,5633.93,New,CH,0,Ecom,2025-05-24
Switzerland,1956.41,New,CH,0,Stores,2025-05-24
Switzerland,924.95,Returning,CH,0,Ecom,2025-05-24
Switzerland,3393.93,Returning,CH,0,Stores,2025-05-24
Switzerland,4513.45,New,CH,0,Ecom,2025-05-25
Switzerland,2878.84,New,CH,0,Stores,2025-05-25
Switzerland,1054.72,Returning,CH,0,Ecom,2025-05-25
Switzerland,1266.96,Returning,CH,0,Stores,2025-05-25
Switzerland,3432.27,New,CH,0,Ecom,2025-05-26
Switzerland,2600.51,New,CH,0,Stores,2025-05-26
Switzerland,4840.04,Returning,CH,0,Ecom,2025-05-26
Switzerland,52.48,Returning,CH,0,Stores,2025-05-26
Switzerland,2283.29,New,CH,0,Ecom,2025-05-27
Switzerland,2886.13,New,CH,0,Stores,2025-05-27
Switzerland,3011.68,Returning,CH,0,Ecom,2025-05-27
Switzerland,137.33,Returning,CH,0,Stores,2025-05-27
Switzerland,2039.39,New,CH,0,Ecom,2025-05-28
Switzerland,3974.31,New,CH,0,Stores,2025-05-28
Switzerland,1975.0,Returning,CH,0,Ecom,2025-05-28
Switzerland,548.31,Returning,CH,0,Stores,2025-05-28
Switzerland,5099.93,New,CH,0,Ecom,2025-05-29
Switzerland,2561.49,New,CH,0,Stores,2025-05-29
Switzerland,696.94,Returning,CH,0,Ecom,2025-05-29
Switzerland,75.75,Returning,CH,0,Stores,2025-05-29
Switzerland,1688.77,New,CH,0,Ecom,2025-05-30
Switzerland,6846.81,New,CH,0,Stores,2025-05-30
Switzerland,2427.77,Returning,CH,0,Ecom,2025-05-30
Switzerland,958.45,Returning,CH,0,Stores,2025-05-30
Switzerland,5783.68,New,CH,0,Ecom,2025-05-31
Switzerland,1964.26,New,CH,0,Stores,2025-05-31
Switzerland,3084.35,Returning,CH,0,Ecom,2025-05-31
Switzerland,143.26,Returning,CH,0,Stores,2025-05-31
Switzerland,4477.06,New,CH,0,Ecom,2025-06-01
Switzerland,1015.09,New,CH,0,Stores,2025-06-01
Switzerland,1847.81,Returning,CH,0,Ecom,2025-06-01
Switzerland,605.03,Returning,CH,0,Stores,2025-06-01
Switzerland,3318.94,New,CH,0,Ecom,2025-06-02
Switzerland,3858.38,New,CH,0,Stores,2025-06-02
Switzerland,2560.66,Returning,CH,0,Ecom,2025-06-02
Switzerland,209.58,Returning,CH,0,Stores,2025-06-02
Switzerland,4292.1,New,CH,0,Ecom,2025-06-03
Switzerland,4064.5,New,CH,0,Stores,2025-06-03
Switzerland,1552.35,Returning,CH,0,Ecom,2025-06-03
Switzerland,0.9,Returning,CH,0,Stores,2025-06-03
Switzerland,4566.86,New,CH,0,Ecom,2025-06-04
Switzerland,184.61,New,CH,0,Stores,2025-06-04
Switzerland,4232.01,Returning,CH,0,Ecom,2025-06-04
Switzerland,319.61,Returning,CH,0,Stores,2025-06-04
Switzerland,2521.91,New,CH,0,Ecom,2025-06-05
Switzerland,2651.5,New,CH,0,Stores,2025-06-05
Switzerland,1923.0,Returning,CH,0,Ecom,2025-06-05
Switzerland,406.42,Returning,CH,0,Stores,2025-06-05
Switzerland,9417.84,New,CH,0,Ecom,2025-06-06
Switzerland,636.95,New,CH,0,Stores,2025-06-06
Switzerland,509.55,Returning,CH,0,Ecom,2025-06-06
Switzerland,478.61,Returning,CH,0,Stores,2025-06-06
Switzerland,4638.39,New,CH,0,Ecom,2025-06-07
Switzerland,3340.54,New,CH,0,Stores,2025-06-07
Switzerland,1572.08,Returning,CH,0,Ecom,2025-06-07
Switzerland,2166.36,Returning,CH,0,Stores,2025-06-07
Switzerland,5459.03,New,CH,0,Ecom,2025-06-08
Switzerland,2329.14,New,CH,0,Stores,2025-06-08
Switzerland,596.06,Returning,CH,0,Ecom,2025-06-08
Switzerland,1915.66,Returning,CH,0,Stores,2025-06-08
Switzerland,4058.26,New,CH,0,Ecom,2025-06-09
Switzerland,2159.04,New,CH,0,Stores,2025-06-09
Switzerland,3510.33,Returning,CH,0,Ecom,2025-06-09
Switzerland,1351.21,Returning,CH,0,Stores,2025-06-09
Switzerland,3166.65,New,CH,0,Ecom,2025-06-10
Switzerland,1483.33,New,CH,0,Stores,2025-06-10
Switzerland,1963.92,Returning,CH,0,Ecom,2025-06-10
Switzerland,1974.41,Returning,CH,0,Stores,2025-06-10
Switzerland,4271.6,New,CH,0,Ecom,2025-06-11
Switzerland,3945.61,New,CH,0,Stores,2025-06-11
Switzerland,790.45,Returning,CH,0,Ecom,2025-06-11
Switzerland,1730.62,Returning,CH,0,Stores,2025-06-11
Switzerland,2453.59,New,CH,0,Ecom,2025-06-12
Switzerland,4267.52,New,CH,0,Stores,2025-06-12
Switzerland,795.06,Returning,CH,0,Ecom,2025-06-12
Switzerland,2233.4,Returning,CH,0,Stores,2025-06-12
Switzerland,5067.51,New,CH,0,Ecom,2025-06-13
Switzerland,2012.83,New,CH,0,Stores,2025-06-13
Switzerland,2969.07,Returning,CH,0,Ecom,2025-06-13
Switzerland,339.37,Returning,CH,0,Stores,2025-06-13
Switzerland,3827.0,New,CH,0,Ecom,2025-06-14
Switzerland,2966.11,New,CH,0,Stores,2025-06-14
Switzerland,3077.28,Returning,CH,0,Ecom,2025-06-14
Switzerland,1372.88,Returning,CH,0,Stores,2025-06-14
Switzerland,6150.28,New,CH,0,Ecom,2025-06-15
Switzerland,1014.64,New,CH,0,Stores,2025-06-15
Switzerland,2091.55,Returning,CH,0,Ecom,2025-06-15
Switzerland,737.07,Returning,CH,0,Stores,2025-06-15
Switzerland,2353.12,New,CH,0,Ecom,2025-06-16
Switzerland,2740.64,New,CH,0,Stores,2025-06-16
Switzerland,2371.84,Returning,CH,0,Ecom,2025-06-16
Switzerland,1318.82,Returning,CH,0,Stores,2025-06-16
Switzerland,3874.5,New,CH,0,Ecom,2025-06-17
Switzerland,3475.97,New,CH,0,Stores,2025-06-17
Switzerland,2417.51,Returning,CH,0,Ecom,2025-06-17
Switzerland,130.19,Returning,CH,0,Stores,2025-06-17
Switzerland,5861.49,New,CH,0,Ecom,2025-06-18
Switzerland,2355.4,New,CH,0,Stores,2025-06-18
Switzerland,1097.32,Returning,CH,0,Ecom,2025-06-18
Switzerland,1033.56,Returning,CH,0,Stores,2025-06-18
Switzerland,1340.48,New,CH,0,Ecom,2025-06-19
Switzerland,4248.26,New,CH,0,Stores,2025-06-19
Switzerland,2848.63,Returning,CH,0,Ecom,2025-06-19
Switzerland,1494.29,Returning,CH,0,Stores,2025-06-19
Switzerland,6746.54,New,CH,0,Ecom,2025-06-20
Switzerland,442.67,New,CH,0,Stores,2025-06-20
Switzerland,1802.23,Returning,CH,0,Ecom,2025-06-20
Switzerland,217.33,Returning,CH,0,Stores,2025-06-20
Switzerland,1316.34,New,CH,0,Ecom,2025-06-21
Switzerland,3916.69,New,CH,0,Stores,2025-06-21
Switzerland,2426.37,Returning,CH,0,Ecom,2025-06-21
Switzerland,1794.06,Returning,CH,0,Stores,2025-06-21
Switzerland,4276.45,New,CH,0,Ecom,2025-06-22
Switzerland,1037.15,New,CH,0,Stores,2025-06-22
Switzerland,4911.22,Returning,CH,0,Ecom,2025-06-22
Switzerland,1230.48,Returning,CH,0,Stores,2025-06-22
Switzerland,3154.33,New,CH,0,Ecom,2025-06-23
Switzerland,2938.71,New,CH,0,Stores,2025-06-23
Switzerland,4169.76,Returning,CH,0,Ecom,2025-06-23
Switzerland,158.68,Returning,CH,0,Stores,2025-06-23
Switzerland,3430.63,New,CH,0,Ecom,2025-06-24
Switzerland,3113.87,New,CH,0,Stores,2025-06-24
Switzerland,1038.96,Returning,CH,0,Ecom,2025-06-24
Switzerland,1971.53,Returning,CH,0,Stores,2025-06-24
Switzerland,4453.23,New,CH,0,Ecom,2025-06-25
Switzerland,1659.34,New,CH,0,Stores,2025-06-25
Switzerland,3466.19,Returning,CH,0,Ecom,2025-06-25
Switzerland,244.05,Returning,CH,0,Stores,2025-06-25
Switzerland,3934.11,New,CH,0,Ecom,2025-06-26
Switzerland,1458.03,New,CH,0,Stores,2025-06-26
Switzerland,3112.88,Returning,CH,0,Ecom,2025-06-26
Switzerland,71.26,Returning,CH,0,Stores,2025-06-26
Switzerland,3834.54,New,CH,0,Ecom,2025-06-27
Switzerland,1310.63,New,CH,0,Stores,2025-06-27
Switzerland,6377.32,Returning,CH,0,Ecom,2025-06-27
Switzerland,410.78,Returning,CH,0,Stores,2025-06-27
Switzerland,5310.61,New,CH,0,Ecom,2025-06-28
Switzerland,1358.0,New,CH,0,Stores,2025-06-28
Switzerland,5654.62,Returning,CH,0,Ecom,2025-06-28
Switzerland,263.48,Returning,CH,0,Stores,2025-06-28
Switzerland,4253.29,New,CH,0,Ecom,2025-06-29
Switzerland,495.26,New,CH,0,Stores,2025-06-29
Switzerland,4376.53,Returning,CH,0,Ecom,2025-06-29
Switzerland,1394.47,Returning,CH,0,Stores,2025-06-29
Switzerland,4286.37,New,CH,0,Ecom,2025-06-30
Switzerland,5901.41,New,CH,0,Stores,2025-06-30
Switzerland,703.71,Returning,CH,0,Ecom,2025-06-30
Switzerland,278.06,Returning,CH,0,Stores,2025-06-30
Switzerland,1738.15,New,CH,0,Ecom,2025-07-01
Switzerland,2946.19,New,CH,0,Stores,2025-07-01
Switzerland,1667.55,Returning,CH,0,Ecom,2025-07-01
Switzerland,5172.5,Returning,CH,0,Stores,2025-07-01
Switzerland,6075.29,New,CH,0,Ecom,2025-07-02
Switzerland,4013.31,New,CH,0,Stores,2025-07-02
Switzerland,1188.59,Returning,CH,0,Ecom,2025-07-02
Switzerland,1639.18,Returning,CH,0,Stores,2025-07-02
Switzerland,4591.14,New,CH,0,Ecom,2025-07-03
Switzerland,494.61,New,CH,0,Stores,2025-07-03
Switzerland,3940.54,Returning,CH,0,Ecom,2025-07-03
Switzerland,3502.23,Returning,CH,0,Stores,2025-07-03
Switzerland,5029.35,New,CH,0,Ecom,2025-07-04
Switzerland,2630.04,New,CH,0,Stores,2025-07-04
Switzerland,1295.91,Returning,CH,0,Ecom,2025-07-04
Switzerland,2508.62,Returning,CH,0,Stores,2025-07-04
Switzerland,4373.44,New,CH,0,Ecom,2025-07-05
Switzerland,2549.62,New,CH,0,Stores,2025-07-05
Switzerland,7066.01,Returning,CH,0,Ecom,2025-07-05
Switzerland,682.19,Returning,CH,0,Stores,2025-07-05
Switzerland,6371.49,New,CH,0,Ecom,2025-07-06
Switzerland,774.94,New,CH,0,Stores,2025-07-06
Switzerland,1869.85,Returning,CH,0,Ecom,2025-07-06
Switzerland,209.28,Returning,CH,0,Stores,2025-07-06
Switzerland,3478.69,New,CH,0,Ecom,2025-07-07
Switzerland,1348.95,New,CH,0,Stores,2025-07-07
Switzerland,3364.48,Returning,CH,0,Ecom,2025-07-07
Switzerland,673.2,Returning,CH,0,Stores,2025-07-07
Switzerland,1723.84,New,CH,0,Ecom,2025-07-08
Switzerland,2583.09,New,CH,0,Stores,2025-07-08
Switzerland,278.32,Returning,CH,0,Ecom,2025-07-08
Switzerland,3828.62,Returning,CH,0,Stores,2025-07-08
Switzerland,3499.96,New,CH,0,Ecom,2025-07-09
Switzerland,6046.6,New,CH,0,Stores,2025-07-09
Switzerland,734.25,Returning,CH,0,Ecom,2025-07-09
Switzerland,1868.33,Returning,CH,0,Stores,2025-07-09
Switzerland,302.53,New,CH,0,Ecom,2025-07-10
Switzerland,1456.29,New,CH,0,Stores,2025-07-10
Switzerland,5920.87,Returning,CH,0,Ecom,2025-07-10
Switzerland,202.28,Returning,CH,0,Stores,2025-07-10
Switzerland,1337.71,New,CH,0,Ecom,2025-07-11
Switzerland,3978.42,New,CH,0,Stores,2025-07-11
Switzerland,1433.87,Returning,CH,0,Ecom,2025-07-11
Switzerland,531.88,Returning,CH,0,Stores,2025-07-11
Switzerland,5470.44,New,CH,0,Ecom,2025-07-12
Switzerland,243.39,New,CH,0,Stores,2025-07-12
Switzerland,1297.09,Returning,CH,0,Ecom,2025-07-12
Switzerland,474.75,Returning,CH,0,Stores,2025-07-12
Switzerland,2985.75,New,CH,0,Ecom,2025-07-13
Switzerland,392.23,New,CH,0,Stores,2025-07-13
Switzerland,2711.55,Returning,CH,0,Ecom,2025-07-13
Switzerland,1148.86,Returning,CH,0,Stores,2025-07-13
Switzerland,1266.87,New,CH,0,Ecom,2025-07-14
Switzerland,1769.88,New,CH,0,Stores,2025-07-14
Switzerland,3916.83,Returning,CH,0,Ecom,2025-07-14
Switzerland,560.35,Returning,CH,0,Stores,2025-07-14
Switzerland,1673.79,New,CH,0,Ecom,2025-07-15
Switzerland,1551.72,New,CH,0,Stores,2025-07-15
Switzerland,3203.5,Returning,CH,0,Ecom,2025-07-15
Switzerland,1361.55,Returning,CH,0,Stores,2025-07-15
Switzerland,4277.74,New,CH,0,Ecom,2025-07-16
Switzerland,1126.55,New,CH,0,Stores,2025-07-16
Switzerland,2661.87,Returning,CH,0,Ecom,2025-07-16
Switzerland,203.06,Returning,CH,0,Stores,2025-07-16
Switzerland,2405.27,New,CH,0,Ecom,2025-07-17
Switzerland,1011.84,New,CH,0,Stores,2025-07-17
Switzerland,4098.67,Returning,CH,0,Ecom,2025-07-17
Switzerland,1477.67,Returning,CH,0,Stores,2025-07-17
Switzerland,3489.91,New,CH,0,Ecom,2025-07-18
Switzerland,2329.11,New,CH,0,Stores,2025-07-18
Switzerland,2745.6,Returning,CH,0,Ecom,2025-07-18
Switzerland,370.2,Returning,CH,0,Stores,2025-07-18
Switzerland,5266.64,New,CH,0,Ecom,2025-07-19
Switzerland,498.99,New,CH,0,Stores,2025-07-19
Switzerland,726.61,Returning,CH,0,Ecom,2025-07-19
Switzerland,1645.11,Returning,CH,0,Stores,2025-07-19
Switzerland,3259.68,New,CH,0,Ecom,2025-07-20
Switzerland,1107.11,New,CH,0,Stores,2025-07-20
Switzerland,3876.72,Returning,CH,0,Ecom,2025-07-20
Switzerland,29.96,Returning,CH,0,Stores,2025-07-20
Switzerland,3709.84,New,CH,0,Ecom,2025-07-21
Switzerland,2380.56,New,CH,0,Stores,2025-07-21
Switzerland,2131.86,Returning,CH,0,Ecom,2025-07-21
Switzerland,532.0,Returning,CH,0,Stores,2025-07-21
Switzerland,3324.37,New,CH,0,Ecom,2025-07-22
Switzerland,1660.46,New,CH,0,Stores,2025-07-22
Switzerland,3112.39,Returning,CH,0,Ecom,2025-07-22
Switzerland,709.64,Returning,CH,0,Stores,2025-07-22
Switzerland,1979.29,New,CH,0,Ecom,2025-07-23
Switzerland,2141.36,New,CH,0,Stores,2025-07-23
Switzerland,1185.7,Returning,CH,0,Ecom,2025-07-23
Switzerland,3316.36,Returning,CH,0,Stores,2025-07-23
Switzerland,4050.43,New,CH,0,Ecom,2025-07-24
Switzerland,1477.46,New,CH,0,Stores,2025-07-24
Switzerland,1646.47,Returning,CH,0,Ecom,2025-07-24
Switzerland,845.96,Returning,CH,0,Stores,2025-07-24
Switzerland,3974.04,New,CH,0,Ecom,2025-07-25
Switzerland,2490.89,New,CH,0,Stores,2025-07-25
Switzerland,2995.69,Returning,CH,0,Ecom,2025-07-25
Switzerland,353.41,Returning,CH,0,Stores,2025-07-25
Switzerland,2408.28,New,CH,0,Ecom,2025-07-26
Switzerland,3027.2,New,CH,0,Stores,2025-07-26
Switzerland,2260.61,Returning,CH,0,Ecom,2025-07-26
Switzerland,788.08,Returning,CH,0,Stores,2025-07-26
Switzerland,1752.1,New,CH,0,Ecom,2025-07-27
Switzerland,1681.08,New,CH,0,Stores,2025-07-27
Switzerland,1511.46,Returning,CH,0,Ecom,2025-07-27
Switzerland,2698.55,Returning,CH,0,Stores,2025-07-27
Switzerland,2362.42,New,CH,0,Ecom,2025-07-28
Switzerland,2201.11,New,CH,0,Stores,2025-07-28
Switzerland,3552.17,Returning,CH,0,Ecom,2025-07-28
Switzerland,79.35,Returning,CH,0,Stores,2025-07-28
Switzerland,2820.59,New,CH,0,Ecom,2025-07-29
Switzerland,2284.87,New,CH,0,Stores,2025-07-29
Switzerland,2205.49,Returning,CH,0,Ecom,2025-07-29
Switzerland,1114.11,Returning,CH,0,Stores,2025-07-29
Switzerland,5467.36,New,CH,0,Ecom,2025-07-30
Switzerland,583.27,New,CH,0,Stores,2025-07-30
Switzerland,1352.05,Returning,CH,0,Ecom,2025-07-30
Switzerland,355.43,Returning,CH,0,Stores,2025-07-30
Switzerland,1697.79,New,CH,0,Ecom,2025-07-31
Switzerland,992.8,New,CH,0,Stores,2025-07-31
Switzerland,3403.73,Returning,CH,0,Ecom,2025-07-31
Switzerland,2078.59,Returning,CH,0,Stores,2025-07-31
Switzerland,4284.06,New,CH,0,Ecom,2025-08-01
Switzerland,586.31,New,CH,0,Stores,2025-08-01
Switzerland,2245.42,Returning,CH,0,Ecom,2025-08-01
Switzerland,790.51,Returning,CH,0,Stores,2025-08-01
Switzerland,2590.2,New,CH,0,Ecom,2025-08-02
Switzerland,4173.04,New,CH,0,Stores,2025-08-02
Switzerland,948.45,Returning,CH,0,Ecom,2025-08-02
Switzerland,101.28,Returning,CH,0,Stores,2025-08-02
Switzerland,5360.22,New,CH,0,Ecom,2025-08-03
Switzerland,1128.05,New,CH,0,Stores,2025-08-03
Switzerland,1668.51,Returning,CH,0,Ecom,2025-08-03
Switzerland,572.54,Returning,CH,0,Stores,2025-08-03
Switzerland,1275.54,New,CH,0,Ecom,2025-08-04
Switzerland,659.73,New,CH,0,Stores,2025-08-04
Switzerland,4482.23,Returning,CH,0,Ecom,2025-08-04
Switzerland,1293.25,Returning,CH,0,Stores,2025-08-04
Switzerland,4294.61,New,CH,0,Ecom,2025-08-05
Switzerland,2324.31,New,CH,0,Stores,2025-08-05
Switzerland,491.1,Returning,CH,0,Ecom,2025-08-05
Switzerland,312.0,Returning,CH,0,Stores,2025-08-05
Switzerland,2999.22,New,CH,0,Ecom,2025-08-06
Switzerland,613.84,New,CH,0,Stores,2025-08-06
Switzerland,4080.32,Returning,CH,0,Ecom,2025-08-06
Switzerland,418.84,Returning,CH,0,Stores,2025-08-06
Switzerland,3063.68,New,CH,0,Ecom,2025-08-07
Switzerland,1606.01,New,CH,0,Stores,2025-08-07
Switzerland,3251.37,Returning,CH,0,Ecom,2025-08-07
Switzerland,613.83,Returning,CH,0,Stores,2025-08-07
Switzerland,2010.16,New,CH,0,Ecom,2025-08-08
Switzerland,4240.4,New,CH,0,Stores,2025-08-08
Switzerland,213.85,Returning,CH,0,Ecom,2025-08-08
Switzerland,1693.99,Returning,CH,0,Stores,2025-08-08
Switzerland,2176.82,New,CH,0,Ecom,2025-08-09
Switzerland,1723.78,New,CH,0,Stores,2025-08-09
Switzerland,2987.33,Returning,CH,0,Ecom,2025-08-09
Switzerland,641.14,Returning,CH,0,Stores,2025-08-09
Switzerland,3868.25,New,CH,0,Ecom,2025-08-10
Switzerland,1204.29,New,CH,0,Stores,2025-08-10
Switzerland,1985.72,Returning,CH,0,Ecom,2025-08-10
Switzerland,700.05,Returning,CH,0,Stores,2025-08-10
Switzerland,2578.15,New,CH,0,Ecom,2025-08-11
Switzerland,2837.27,New,CH,0,Stores,2025-08-11
Switzerland,1213.9,Returning,CH,0,Ecom,2025-08-11
Switzerland,671.54,Returning,CH,0,Stores,2025-08-11
Switzerland,2962.76,New,CH,0,Ecom,2025-08-12
Switzerland,1636.01,New,CH,0,Stores,2025-08-12
Switzerland,3295.92,Returning,CH,0,Ecom,2025-08-12
Switzerland,101.09,Returning,CH,0,Stores,2025-08-12
Switzerland,5128.92,New,CH,0,Ecom,2025-08-13
Switzerland,682.41,New,CH,0,Stores,2025-08-13
Switzerland,1406.52,Returning,CH,0,Ecom,2025-08-13
Switzerland,447.97,Returning,CH,0,Stores,2025-08-13
Switzerland,697.09,New,CH,0,Ecom,2025-08-14
Switzerland,4975.35,New,CH,0,Stores,2025-08-14
Switzerland,2362.44,Returning,CH,0,Ecom,2025-08-14
Switzerland,138.82,Returning,CH,0,Stores,2025-08-14
Switzerland,2909.36,New,CH,0,Ecom,2025-08-15
Switzerland,2034.66,New,CH,0,Stores,2025-08-15
Switzerland,2280.01,Returning,CH,0,Ecom,2025-08-15
Switzerland,781.08,Returning,CH,0,Stores,2025-08-15
Switzerland,5184.19,New,CH,0,Ecom,2025-08-16
Switzerland,1982.17,New,CH,0,Stores,2025-08-16
Switzerland,899.43,Returning,CH,0,Ecom,2025-08-16
Switzerland,796.33,Returning,CH,0,Stores,2025-08-16
Switzerland,3711.51,New,CH,0,Ecom,2025-08-17
Switzerland,1019.62,New,CH,0,Stores,2025-08-17
Switzerland,3197.23,Returning,CH,0,Ecom,2025-08-17
Switzerland,305.21,Returning,CH,0,Stores,2025-08-17
Switzerland,4910.53,New,CH,0,Ecom,2025-08-18
Switzerland,2196.45,New,CH,0,Stores,2025-08-18
Switzerland,1333.83,Returning,CH,0,Ecom,2025-08-18
Switzerland,115.03,Returning,CH,0,Stores,2025-08-18
Switzerland,1548.27,New,CH,0,Ecom,2025-08-19
Switzerland,3283.94,New,CH,0,Stores,2025-08-19
Switzerland,1775.34,Returning,CH,0,Ecom,2025-08-19
Switzerland,744.68,Returning,CH,0,Stores,2025-08-19
Switzerland,4873.11,New,CH,0,Ecom,2025-08-20
Switzerland,1453.09,New,CH,0,Stores,2025-08-20
Switzerland,1032.81,Returning,CH,0,Ecom,2025-08-20
Switzerland,1223.49,Returning,CH,0,Stores,2025-08-20
Switzerland,2368.8,New,CH,0,Ecom,2025-08-21
Switzerland,181.6,New,CH,0,Stores,2025-08-21
Switzerland,4648.92,Returning,CH,0,Ecom,2025-08-21
Switzerland,433.89,Returning,CH,0,Stores,2025-08-21
Switzerland,3379.06,New,CH,0,Ecom,2025-08-22
Switzerland,2566.02,New,CH,0,Stores,2025-08-22
Switzerland,1181.19,Returning,CH,0,Ecom,2025-08-22
Switzerland,941.92,Returning,CH,0,Stores,2025-08-22
Switzerland,2350.88,New,CH,0,Ecom,2025-08-23
Switzerland,4224.85,New,CH,0,Stores,2025-08-23
Switzerland,495.8,Returning,CH,0,Ecom,2025-08-23
Switzerland,387.38,Returning,CH,0,Stores,2025-08-23
Switzerland,2289.43,New,CH,0,Ecom,2025-08-24
Switzerland,3350.15,New,CH,0,Stores,2025-08-24
Switzerland,1658.4,Returning,CH,0,Ecom,2025-08-24
Switzerland,628.36,Returning,CH,0,Stores,2025-08-24
Switzerland,4847.12,New,CH,0,Ecom,2025-08-25
Switzerland,922.53,New,CH,0,Stores,2025-08-25
Switzerland,793.86,Returning,CH,0,Ecom,2025-08-25
Switzerland,1778.55,Returning,CH,0,Stores,2025-08-25
Switzerland,2906.48,New,CH,0,Ecom,2025-08-26
Switzerland,1247.31,New,CH,0,Stores,2025-08-26
Switzerland,655.82,Returning,CH,0,Ecom,2025-08-26
Switzerland,2398.98,Returning,CH,0,Stores,2025-08-26
Switzerland,4535.27,New,CH,0,Ecom,2025-08-27
Switzerland,1512.27,New,CH,0,Stores,2025-08-27
Switzerland,1025.16,Returning,CH,0,Ecom,2025-08-27
Switzerland,885.13,Returning,CH,0,Stores,2025-08-27
Switzerland,1971.84,New,CH,0,Ecom,2025-08-28
Switzerland,2534.96,New,CH,0,Stores,2025-08-28
Switzerland,2067.46,Returning,CH,0,Ecom,2025-08-28
Switzerland,1472.82,Returning,CH,0,Stores,2025-08-28
Switzerland,3312.21,New,CH,0,Ecom,2025-08-29
Switzerland,3188.09,New,CH,0,Stores,2025-08-29
Switzerland,1134.58,Returning,CH,0,Ecom,2025-08-29
Switzerland,725.12,Returning,CH,0,Stores,2025-08-29
Switzerland,1000.87,New,CH,0,Ecom,2025-08-30
Switzerland,4770.26,New,CH,0,Stores,2025-08-30
Switzerland,1477.91,Returning,CH,0,Ecom,2025-08-30
Switzerland,239.15,Returning,CH,0,Stores,2025-08-30
Switzerland,2321.78,New,CH,0,Ecom,2025-08-31
Switzerland,812.94,New,CH,0,Stores,2025-08-31
Switzerland,2518.13,Returning,CH,0,Ecom,2025-08-31
Switzerland,2159.79,Returning,CH,0,Stores,2025-08-31
Switzerland,3778.38,New,CH,0,Ecom,2025-09-01
Switzerland,1540.55,New,CH,0,Stores,2025-09-01
Switzerland,1695.45,Returning,CH,0,Ecom,2025-09-01
Switzerland,47.79,Returning,CH,0,Stores,2025-09-01
Switzerland,3043.1,New,CH,0,Ecom,2025-09-02
Switzerland,1231.96,New,CH,0,Stores,2025-09-02
Switzerland,3364.86,Returning,CH,0,Ecom,2025-09-02
Switzerland,19.61,Returning,CH,0,Stores,2025-09-02
Switzerland,5791.12,New,CH,0,Ecom,2025-09-03
Switzerland,566.36,New,CH,0,Stores,2025-09-03
Switzerland,878.94,Returning,CH,0,Ecom,2025-09-03
Switzerland,148.83,Returning,CH,0,Stores,2025-09-03
Switzerland,2218.05,New,CH,0,Ecom,2025-09-04
Switzerland,1373.27,New,CH,0,Stores,2025-09-04
Switzerland,3264.79,Returning,CH,0,Ecom,2025-09-04
Switzerland,309.88,Returning,CH,0,Stores,2025-09-04
Switzerland,2846.63,New,CH,0,Ecom,2025-09-05
Switzerland,1475.85,New,CH,0,Stores,2025-09-05
Switzerland,2592.56,Returning,CH,0,Ecom,2025-09-05
Switzerland,697.51,Returning,CH,0,Stores,2025-09-05
Switzerland,4390.26,New,CH,0,Ecom,2025-09-06
Switzerland,824.74,New,CH,0,Stores,2025-09-06
Switzerland,1564.11,Returning,CH,0,Ecom,2025-09-06
Switzerland,801.98,Returning,CH,0,Stores,2025-09-06
Switzerland,4133.8,New,CH,0,Ecom,2025-09-07
Switzerland,1030.41,New,CH,0,Stores,2025-09-07
Switzerland,2161.84,Returning,CH,0,Ecom,2025-09-07
Switzerland,97.63,Returning,CH,0,Stores,2025-09-07
Switzerland,3381.48,New,CH,0,Ecom,2025-09-08
Switzerland,2385.51,New,CH,0,Stores,2025-09-08
Switzerland,1923.88,Returning,CH,0,Ecom,2025-09-08
Switzerland,91.64,Returning,CH,0,Stores,2025-09-08
Switzerland,3675.73,New,CH,0,Ecom,2025-09-09
Switzerland,1540.4,New,CH,0,Stores,2025-09-09
Switzerland,3612.47,Returning,CH,0,Ecom,2025-09-09
Switzerland,778.81,Returning,CH,0,Stores,2025-09-09
Switzerland,2495.96,New,CH,0,Ecom,2025-09-10
Switzerland,613.79,New,CH,0,Stores,2025-09-10
Switzerland,3613.87,Returning,CH,0,Ecom,2025-09-10
Switzerland,1222.18,Returning,CH,0,Stores,2025-09-10
Switzerland,4107.34,New,CH,0,Ecom,2025-09-11
Switzerland,1771.87,New,CH,0,Stores,2025-09-11
Switzerland,793.61,Returning,CH,0,Ecom,2025-09-11
Switzerland,756.12,Returning,CH,0,Stores,2025-09-11
Switzerland,2050.42,New,CH,0,Ecom,2025-09-12
Switzerland,281.95,New,CH,0,Stores,2025-09-12
Switzerland,433.78,Returning,CH,0,Ecom,2025-09-12
Switzerland,4178.54,Returning,CH,0,Stores,2025-09-12
Switzerland,2864.75,New,CH,0,Ecom,2025-09-13
Switzerland,1784.34,New,CH,0,Stores,2025-09-13
Switzerland,2662.63,Returning,CH,0,Ecom,2025-09-13
Switzerland,463.16,Returning,CH,0,Stores,2025-09-13
Switzerland,2750.92,New,CH,0,Ecom,2025-09-14
Switzerland,871.36,New,CH,0,Stores,2025-09-14
Switzerland,3924.49,Returning,CH,0,Ecom,2025-09-14
Switzerland,472.3,Returning,CH,0,Stores,2025-09-14
Switzerland,1581.57,New,CH,0,Ecom,2025-09-15
Switzerland,3753.88,New,CH,0,Stores,2025-09-15
Switzerland,1822.2,Returning,CH,0,Ecom,2025-09-15
Switzerland,569.1,Returning,CH,0,Stores,2025-09-15
Switzerland,1565.05,New,CH,0,Ecom,2025-09-16
Switzerland,1281.33,New,CH,0,Stores,2025-09-16
Switzerland,1215.18,Returning,CH,0,Ecom,2025-09-16
Switzerland,3440.99,Returning,CH,0,Stores,2025-09-16
Switzerland,1559.13,New,CH,0,Ecom,2025-09-17
Switzerland,2827.21,New,CH,0,Stores,2025-09-17
Switzerland,2840.5,Returning,CH,0,Ecom,2025-09-17
Switzerland,25.64,Returning,CH,0,Stores,2025-09-17
Switzerland,1178.77,New,CH,0,Ecom,2025-09-18
Switzerland,4435.48,New,CH,0,Stores,2025-09-18
Switzerland,1515.57,Returning,CH,0,Ecom,2025-09-18
Switzerland,235.86,Returning,CH,0,Stores,2025-09-18
Switzerland,2703.93,New,CH,0,Ecom,2025-09-19
Switzerland,2648.51,New,CH,0,Stores,2025-09-19
Switzerland,1078.58,Returning,CH,0,Ecom,2025-09-19
Switzerland,1072.71,Returning,CH,0,Stores,2025-09-19
Switzerland,2859.55,New,CH,0,Ecom,2025-09-20
Switzerland,1658.61,New,CH,0,Stores,2025-09-20
Switzerland,1943.92,Returning,CH,0,Ecom,2025-09-20
Switzerland,1017.15,Returning,CH,0,Stores,2025-09-20
Switzerland,1781.06,New,CH,0,Ecom,2025-09-21
Switzerland,1784.34,New,CH,0,Stores,2025-09-21
Switzerland,4176.12,Returning,CH,0,Ecom,2025-09-21
Switzerland,1009.54,Returning,CH,0,Stores,2025-09-21
Switzerland,1073.66,New,CH,0,Ecom,2025-09-22
Switzerland,1093.58,New,CH,0,Stores,2025-09-22
Switzerland,4714.72,Returning,CH,0,Ecom,2025-09-22
Switzerland,1107.99,Returning,CH,0,Stores,2025-09-22
Switzerland,3378.57,New,CH,0,Ecom,2025-09-23
Switzerland,2647.6,New,CH,0,Stores,2025-09-23
Switzerland,1189.55,Returning,CH,0,Ecom,2025-09-23
Switzerland,906.96,Returning,CH,0,Stores,2025-09-23
Switzerland,4854.05,New,CH,0,Ecom,2025-09-24
Switzerland,1245.92,New,CH,0,Stores,2025-09-24
Switzerland,1240.39,Returning,CH,0,Ecom,2025-09-24
Switzerland,319.13,Returning,CH,0,Stores,2025-09-24
Switzerland,3042.53,New,CH,0,Ecom,2025-09-25
Switzerland,1836.11,New,CH,0,Stores,2025-09-25
Switzerland,3335.57,Returning,CH,0,Ecom,2025-09-25
Switzerland,118.96,Returning,CH,0,Stores,2025-09-25
Switzerland,1484.39,New,CH,0,Ecom,2025-09-26
Switzerland,2509.35,New,CH,0,Stores,2025-09-26
Switzerland,3036.01,Returning,CH,0,Ecom,2025-09-26
Switzerland,340.53,Returning,CH,0,Stores,2025-09-26
Switzerland,4491.89,New,CH,0,Ecom,2025-09-27
Switzerland,2556.09,New,CH,0,Stores,2025-09-27
Switzerland,148.72,Returning,CH,0,Ecom,2025-09-27
Switzerland,1113.74,Returning,CH,0,Stores,2025-09-27
Switzerland,430.34,New,CH,0,Ecom,2025-09-28
Switzerland,3770.76,New,CH,0,Stores,2025-09-28
Switzerland,1898.8,Returning,CH,0,Ecom,2025-09-28
Switzerland,1356.58,Returning,CH,0,Stores,2025-09-28
Switzerland,3020.19,New,CH,0,Ecom,2025-09-29
Switzerland,2831.41,New,CH,0,Stores,2025-09-29
Switzerland,2688.0,Returning,CH,0,Ecom,2025-09-29
Switzerland,4.33,Returning,CH,0,Stores,2025-09-29
Switzerland,1423.94,New,CH,0,Ecom,2025-09-30
Switzerland,864.38,New,CH,0,Stores,2025-09-30
Switzerland,4943.3,Returning,CH,0,Ecom,2025-09-30
Switzerland,1111.55,Returning,CH,0,Stores,2025-09-30
Switzerland,6566.9,New,CH,0,Ecom,2025-10-01
Switzerland,448.15,New,CH,0,Stores,2025-10-01
Switzerland,715.38,Returning,CH,0,Ecom,2025-10-01
Switzerland,261.07,Returning,CH,0,Stores,2025-10-01
Switzerland,1832.07,New,CH,0,Ecom,2025-10-02
Switzerland,1051.65,New,CH,0,Stores,2025-10-02
Switzerland,2449.23,Returning,CH,0,Ecom,2025-10-02
Switzerland,2231.79,Returning,CH,0,Stores,2025-10-02
Switzerland,2780.39,New,CH,0,Ecom,2025-10-03
Switzerland,2792.59,New,CH,0,Stores,2025-10-03
Switzerland,1135.91,Returning,CH,0,Ecom,2025-10-03
Switzerland,1592.6,Returning,CH,0,Stores,2025-10-03
Switzerland,3288.26,New,CH,0,Ecom,2025-10-04
Switzerland,2290.02,New,CH,0,Stores,2025-10-04
Switzerland,1256.79,Returning,CH,0,Ecom,2025-10-04
Switzerland,557.14,Returning,CH,0,Stores,2025-10-04
Switzerland,4565.47,New,CH,0,Ecom,2025-10-05
Switzerland,1460.1,New,CH,0,Stores,2025-10-05
Switzerland,1553.68,Returning,CH,0,Ecom,2025-10-05
Switzerland,440.38,Returning,CH,0,Stores,2025-10-05
Switzerland,923.3,New,CH,0,Ecom,2025-10-06
Switzerland,2064.13,New,CH,0,Stores,2025-10-06
Switzerland,2482.49,Returning,CH,0,Ecom,2025-10-06
Switzerland,2895.54,Returning,CH,0,Stores,2025-10-06
Switzerland,4063.56,New,CH,0,Ecom,2025-10-07
Switzerland,2546.14,New,CH,0,Stores,2025-10-07
Switzerland,255.73,Returning,CH,0,Ecom,2025-10-07
Switzerland,456.95,Returning,CH,0,Stores,2025-10-07
Switzerland,5380.01,New,CH,0,Ecom,2025-10-08
Switzerland,719.25,New,CH,0,Stores,2025-10-08
Switzerland,2017.43,Returning,CH,0,Ecom,2025-10-08
Switzerland,182.06,Returning,CH,0,Stores,2025-10-08
Switzerland,782.36,New,CH,0,Ecom,2025-10-09
Switzerland,122.84,New,CH,0,Stores,2025-10-09
Switzerland,4529.4,Returning,CH,0,Ecom,2025-10-09
Switzerland,1397.44,Returning,CH,0,Stores,2025-10-09
Switzerland,2709.7,New,CH,0,Ecom,2025-10-10
Switzerland,519.11,New,CH,0,Stores,2025-10-10
Switzerland,1887.09,Returning,CH,0,Ecom,2025-10-10
Switzerland,2339.97,Returning,CH,0,Stores,2025-10-10
Switzerland,4593.43,New,CH,0,Ecom,2025-10-11
Switzerland,2335.24,New,CH,0,Stores,2025-10-11
Switzerland,1853.3,Returning,CH,0,Ecom,2025-10-11
Switzerland,9.96,Returning,CH,0,Stores,2025-10-11
Switzerland,1395.3,New,CH,0,Ecom,2025-10-12
Switzerland,2451.06,New,CH,0,Stores,2025-10-12
Switzerland,1879.16,Returning,CH,0,Ecom,2025-10-12
Switzerland,2294.39,Returning,CH,0,Stores,2025-10-12
Switzerland,1770.48,New,CH,0,Ecom,2025-10-13
Switzerland,2387.31,New,CH,0,Stores,2025-10-13
Switzerland,3073.8,Returning,CH,0,Ecom,2025-10-13
Switzerland,367.27,Returning,CH,0,Stores,2025-10-13
Switzerland,5405.99,New,CH,0,Ecom,2025-10-14
Switzerland,977.25,New,CH,0,Stores,2025-10-14
Switzerland,1214.01,Returning,CH,0,Ecom,2025-10-14
Switzerland,99.72,Returning,CH,0,Stores,2025-10-14
Switzerland,2211.9,New,CH,0,Ecom,2025-10-15
Switzerland,732.94,New,CH,0,Stores,2025-10-15
Switzerland,2515.97,Returning,CH,0,Ecom,2025-10-15
Switzerland,2561.64,Returning,CH,0,Stores,2025-10-15
Switzerland,2924.59,New,CH,0,Ecom,2025-10-16
Switzerland,1135.86,New,CH,0,Stores,2025-10-16
Switzerland,793.74,Returning,CH,0,Ecom,2025-10-16
Switzerland,3069.44,Returning,CH,0,Stores,2025-10-16
Switzerland,3979.28,New,CH,0,Ecom,2025-10-17
Switzerland,1655.25,New,CH,0,Stores,2025-10-17
Switzerland,553.12,Returning,CH,0,Ecom,2025-10-17
Switzerland,1856.78,Returning,CH,0,Stores,2025-10-17
Switzerland,2660.53,New,CH,0,Ecom,2025-10-18
Switzerland,3681.59,New,CH,0,Stores,2025-10-18
Switzerland,967.25,Returning,CH,0,Ecom,2025-10-18
Switzerland,1138.78,Returning,CH,0,Stores,2025-10-18
Switzerland,1772.24,New,CH,0,Ecom,2025-10-19
Switzerland,1544.6,New,CH,0,Stores,2025-10-19
Switzerland,3719.19,Returning,CH,0,Ecom,2025-10-19
Switzerland,784.12,Returning,CH,0,Stores,2025-10-19
Switzerland,1063.83,New,CH,0,Ecom,2025-10-20
Switzerland,4372.37,New,CH,0,Stores,2025-10-20
Switzerland,630.16,Returning,CH,0,Ecom,2025-10-20
Switzerland,1101.06,Returning,CH,0,Stores,2025-10-20
Switzerland,1804.61,New,CH,0,Ecom,2025-10-21
Switzerland,2675.75,New,CH,0,Stores,2025-10-21
Switzerland,2753.19,Returning,CH,0,Ecom,2025-10-21
Switzerland,567.48,Returning,CH,0,Stores,2025-10-21
Switzerland,2573.92,New,CH,0,Ecom,2025-10-22
Switzerland,1815.17,New,CH,0,Stores,2025-10-22
Switzerland,765.76,Returning,CH,0,Ecom,2025-10-22
Switzerland,3315.07,Returning,CH,0,Stores,2025-10-22
Switzerland,5022.26,New,CH,0,Ecom,2025-10-23
Switzerland,1894.76,New,CH,0,Stores,2025-10-23
Switzerland,968.94,Returning,CH,0,Ecom,2025-10-23
Switzerland,772.67,Returning,CH,0,Stores,2025-10-23
Switzerland,2709.14,New,CH,0,Ecom,2025-10-24
Switzerland,4467.73,New,CH,0,Stores,2025-10-24
Switzerland,1217.04,Returning,CH,0,Ecom,2025-10-24
Switzerland,380.82,Returning,CH,0,Stores,2025-10-24
Switzerland,3150.21,New,CH,0,Ecom,2025-10-25
Switzerland,1152.67,New,CH,0,Stores,2025-10-25
Switzerland,2890.49,Returning,CH,0,Ecom,2025-10-25
Switzerland,94.07,Returning,CH,0,Stores,2025-10-25
Switzerland,1529.7,New,CH,0,Ecom,2025-10-26
Switzerland,2472.52,New,CH,0,Stores,2025-10-26
Switzerland,3173.51,Returning,CH,0,Ecom,2025-10-26
Switzerland,175.97,Returning,CH,0,Stores,2025-10-26
Switzerland,2890.78,New,CH,0,Ecom,2025-10-27
Switzerland,1366.23,New,CH,0,Stores,2025-10-27
Switzerland,596.96,Returning,CH,0,Ecom,2025-10-27
Switzerland,2915.28,Returning,CH,0,Stores,2025-10-27
Switzerland,955.34,New,CH,0,Ecom,2025-10-28
Switzerland,1893.2,New,CH,0,Stores,2025-10-28
Switzerland,4550.63,Returning,CH,0,Ecom,2025-10-28
Switzerland,156.1,Returning,CH,0,Stores,2025-10-28
Switzerland,1472.13,New,CH,0,Ecom,2025-10-29
Switzerland,2904.98,New,CH,0,Stores,2025-10-29
Switzerland,4193.35,Returning,CH,0,Ecom,2025-10-29
Switzerland,893.04,Returning,CH,0,Stores,2025-10-29
Switzerland,2251.96,New,CH,0,Ecom,2025-10-30
Switzerland,2628.0,New,CH,0,Stores,2025-10-30
Switzerland,2135.62,Returning,CH,0,Ecom,2025-10-30
Switzerland,1135.9,Returning,CH,0,Stores,2025-10-30
Switzerland,2647.28,New,CH,0,Ecom,2025-10-31
Switzerland,3194.17,New,CH,0,Stores,2025-10-31
Switzerland,1827.53,Returning,CH,0,Ecom,2025-10-31
Switzerland,78.56,Returning,CH,0,Stores,2025-10-31
Switzerland,1374.92,New,CH,0,Ecom,2025-11-01
Switzerland,1034.06,New,CH,0,Stores,2025-11-01
Switzerland,3432.58,Returning,CH,0,Ecom,2025-11-01
Switzerland,1638.84,Returning,CH,0,Stores,2025-11-01
Switzerland,2767.26,New,CH,0,Ecom,2025-11-02
Switzerland,326.25,New,CH,0,Stores,2025-11-02
Switzerland,3877.58,Returning,CH,0,Ecom,2025-11-02
Switzerland,980.83,Returning,CH,0,Stores,2025-11-02
Switzerland,2422.9,New,CH,0,Ecom,2025-11-03
Switzerland,2032.12,New,CH,0,Stores,2025-11-03
Switzerland,1343.84,Returning,CH,0,Ecom,2025-11-03
Switzerland,1005.14,Returning,CH,0,Stores,2025-11-03
Switzerland,4174.21,New,CH,0,Ecom,2025-11-04
Switzerland,1332.94,New,CH,0,Stores,2025-11-04
Switzerland,1427.03,Returning,CH,0,Ecom,2025-11-04
Switzerland,542.22,Returning,CH,0,Stores,2025-11-04
Switzerland,4192.2,New,CH,0,Ecom,2025-11-05
Switzerland,800.03,New,CH,0,Stores,2025-11-05
Switzerland,1758.87,Returning,CH,0,Ecom,2025-11-05
Switzerland,1042.58,Returning,CH,0,Stores,2025-11-05
Switzerland,5235.63,New,CH,0,Ecom,2025-11-06
Switzerland,1407.93,New,CH,0,Stores,2025-11-06
Switzerland,651.53,Returning,CH,0,Ecom,2025-11-06
Switzerland,60.88,Returning,CH,0,Stores,2025-11-06
Switzerland,3576.2,New,CH,0,Ecom,2025-11-07
Switzerland,3382.04,New,CH,0,Stores,2025-11-07
Switzerland,1374.49,Returning,CH,0,Ecom,2025-11-07
Switzerland,145.98,Returning,CH,0,Stores,2025-11-07
Switzerland,2901.13,New,CH,0,Ecom,2025-11-08
Switzerland,880.27,New,CH,0,Stores,2025-11-08
Switzerland,2930.27,Returning,CH,0,Ecom,2025-11-08
Switzerland,1257.53,Returning,CH,0,Stores,2025-11-08
Switzerland,2651.34,New,CH,0,Ecom,2025-11-09
Switzerland,673.6,New,CH,0,Stores,2025-11-09
Switzerland,3481.18,Returning,CH,0,Ecom,2025-11-09
Switzerland,285.13,Returning,CH,0,Stores,2025-11-09
Switzerland,1366.48,New,CH,0,Ecom,2025-11-10
Switzerland,2549.78,New,CH,0,Stores,2025-11-10
Switzerland,2931.62,Returning,CH,0,Ecom,2025-11-10
Switzerland,1432.13,Returning,CH,0,Stores,2025-11-10
Switzerland,2877.64,New,CH,0,Ecom,2025-11-11
Switzerland,819.69,New,CH,0,Stores,2025-11-11
Switzerland,3469.98,Returning,CH,0,Ecom,2025-11-11
Switzerland,344.02,Returning,CH,0,Stores,2025-11-11
Switzerland,2084.76,New,CH,0,Ecom,2025-11-12
Switzerland,3788.27,New,CH,0,Stores,2025-11-12
Switzerland,2142.77,Returning,CH,0,Ecom,2025-11-12
Switzerland,694.41,Returning,CH,0,Stores,2025-11-12
Switzerland,2460.79,New,CH,0,Ecom,2025-11-13
Switzerland,1147.88,New,CH,0,Stores,2025-11-13
Switzerland,2597.21,Returning,CH,0,Ecom,2025-11-13
Switzerland,1381.71,Returning,CH,0,Stores,2025-11-13
Switzerland,3160.57,New,CH,0,Ecom,2025-11-14
Switzerland,3106.16,New,CH,0,Stores,2025-11-14
Switzerland,1846.49,Returning,CH,0,Ecom,2025-11-14
Switzerland,1929.51,Returning,CH,0,Stores,2025-11-14
Switzerland,5090.48,New,CH,0,Ecom,2025-11-15
Switzerland,1576.21,New,CH,0,Stores,2025-11-15
Switzerland,1095.37,Returning,CH,0,Ecom,2025-11-15
Switzerland,1345.09,Returning,CH,0,Stores,2025-11-15
Switzerland,2737.95,New,CH,0,Ecom,2025-11-16
Switzerland,2401.66,New,CH,0,Stores,2025-11-16
Switzerland,1904.18,Returning,CH,0,Ecom,2025-11-16
Switzerland,1239.56,Returning,CH,0,Stores,2025-11-16
Switzerland,1998.8,New,CH,0,Ecom,2025-11-17
Switzerland,3618.04,New,CH,0,Stores,2025-11-17
Switzerland,726.92,Returning,CH,0,Ecom,2025-11-17
Switzerland,1000.28,Returning,CH,0,Stores,2025-11-17
Switzerland,2837.29,New,CH,0,Ecom,2025-11-18
Switzerland,397.45,New,CH,0,Stores,2025-11-18
Switzerland,2364.44,Returning,CH,0,Ecom,2025-11-18
Switzerland,1548.54,Returning,CH,0,Stores,2025-11-18
Switzerland,1181.19,New,CH,0,Ecom,2025-11-19
Switzerland,4229.33,New,CH,0,Stores,2025-11-19
Switzerland,627.28,Returning,CH,0,Ecom,2025-11-19
Switzerland,2238.55,Returning,CH,0,Stores,2025-11-19
Switzerland,2795.25,New,CH,0,Ecom,2025-11-20
Switzerland,626.48,New,CH,0,Stores,2025-11-20
Switzerland,3963.19,Returning,CH,0,Ecom,2025-11-20
Switzerland,2829.37,Returning,CH,0,Stores,2025-11-20
Switzerland,1478.54,New,CH,0,Ecom,2025-11-21
Switzerland,3009.66,New,CH,0,Stores,2025-11-21
Switzerland,1458.68,Returning,CH,0,Ecom,2025-11-21
Switzerland,1537.89,Returning,CH,0,Stores,2025-11-21
Switzerland,1798.86,New,CH,0,Ecom,2025-11-22
Switzerland,3060.68,New,CH,0,Stores,2025-11-22
Switzerland,3804.02,Returning,CH,0,Ecom,2025-11-22
Switzerland,7.57,Returning,CH,0,Stores,2025-11-22
Switzerland,1964.1,New,CH,0,Ecom,2025-11-23
Switzerland,3211.06,New,CH,0,Stores,2025-11-23
Switzerland,1740.78,Returning,CH,0,Ecom,2025-11-23
Switzerland,879.04,Returning,CH,0,Stores,2025-11-23
Switzerland,4150.46,New,CH,0,Ecom,2025-11-24
Switzerland,1100.63,New,CH,0,Stores,2025-11-24
Switzerland,3350.02,Returning,CH,0,Ecom,2025-11-24
Switzerland,52.9,Returning,CH,0,Stores,2025-11-24
Switzerland,2836.57,New,CH,0,Ecom,2025-11-25
Switzerland,3210.35,New,CH,0,Stores,2025-11-25
Switzerland,1639.92,Returning,CH,0,Ecom,2025-11-25
Switzerland,4.57,Returning,CH,0,Stores,2025-11-25
Switzerland,1933.03,New,CH,0,Ecom,2025-11-26
Switzerland,1075.32,New,CH,0,Stores,2025-11-26
Switzerland,4511.39,Returning,CH,0,Ecom,2025-11-26
Switzerland,630.27,Returning,CH,0,Stores,2025-11-26
Switzerland,1686.12,New,CH,0,Ecom,2025-11-27
Switzerland,1972.49,New,CH,0,Stores,2025-11-27
Switzerland,4197.88,Returning,CH,0,Ecom,2025-11-27
Switzerland,190.4,Returning,CH,0,Stores,2025-11-27
Switzerland,6205.88,New,CH,0,Ecom,2025-11-28
Switzerland,1488.23,New,CH,0,Stores,2025-11-28
Switzerland,1068.45,Returning,CH,0,Ecom,2025-11-28
Switzerland,549.01,Returning,CH,0,Stores,2025-11-28
Switzerland,3874.58,New,CH,0,Ecom,2025-11-29
Switzerland,624.16,New,CH,0,Stores,2025-11-29
Switzerland,3597.79,Returning,CH,0,Ecom,2025-11-29
Switzerland,663.69,Returning,CH,0,Stores,2025-11-29
Switzerland,3059.8,New,CH,0,Ecom,2025-11-30
Switzerland,1214.99,New,CH,0,Stores,2025-11-30
Switzerland,3296.43,Returning,CH,0,Ecom,2025-11-30
Switzerland,883.58,Returning,CH,0,Stores,2025-11-30
Switzerland,3109.07,New,CH,0,Ecom,2025-12-01
Switzerland,3582.9,New,CH,0,Stores,2025-12-01
Switzerland,1238.65,Returning,CH,0,Ecom,2025-12-01
Switzerland,949.75,Returning,CH,0,Stores,2025-12-01
Switzerland,1705.21,New,CH,0,Ecom,2025-12-02
Switzerland,874.73,New,CH,0,Stores,2025-12-02
Switzerland,4763.35,Returning,CH,0,Ecom,2025-12-02
Switzerland,1253.19,Returning,CH,0,Stores,2025-12-02
Switzerland,1553.65,New,CH,0,Ecom,2025-12-03
Switzerland,3801.7,New,CH,0,Stores,2025-12-03
Switzerland,1270.91,Returning,CH,0,Ecom,2025-12-03
Switzerland,904.82,Returning,CH,0,Stores,2025-12-03
Switzerland,2574.44,New,CH,0,Ecom,2025-12-04
Switzerland,3201.83,New,CH,0,Stores,2025-12-04
Switzerland,618.93,Returning,CH,0,Ecom,2025-12-04
Switzerland,1760.77,Returning,CH,0,Stores,2025-12-04
Switzerland,5163.25,New,CH,0,Ecom,2025-12-05
Switzerland,524.75,New,CH,0,Stores,2025-12-05
Switzerland,1901.79,Returning,CH,0,Ecom,2025-12-05
Switzerland,266.13,Returning,CH,0,Stores,2025-12-05
Switzerland,2501.91,New,CH,0,Ecom,2025-12-06
Switzerland,3185.93,New,CH,0,Stores,2025-12-06
Switzerland,2140.95,Returning,CH,0,Ecom,2025-12-06
Switzerland,515.97,Returning,CH,0,Stores,2025-12-06
Switzerland,1426.49,New,CH,0,Ecom,2025-12-07
Switzerland,806.29,New,CH,0,Stores,2025-12-07
Switzerland,3149.96,Returning,CH,0,Ecom,2025-12-07
Switzerland,1888.46,Returning,CH,0,Stores,2025-12-07
Switzerland,462.63,New,CH,0,Ecom,2025-12-08
Switzerland,5498.02,New,CH,0,Stores,2025-12-08
Switzerland,1202.43,Returning,CH,0,Ecom,2025-12-08
Switzerland,351.07,Returning,CH,0,Stores,2025-12-08
Switzerland,2985.93,New,CH,0,Ecom,2025-12-09
Switzerland,1223.62,New,CH,0,Stores,2025-12-09
Switzerland,1635.0,Returning,CH,0,Ecom,2025-12-09
Switzerland,2619.54,Returning,CH,0,Stores,2025-12-09
Switzerland,2473.76,New,CH,0,Ecom,2025-12-10
Switzerland,2540.22,New,CH,0,Stores,2025-12-10
Switzerland,327.24,Returning,CH,0,Ecom,2025-12-10
Switzerland,2343.84,Returning,CH,0,Stores,2025-12-10
Switzerland,2267.43,New,CH,0,Ecom,2025-12-11
Switzerland,2561.51,New,CH,0,Stores,2025-12-11
Switzerland,2089.6,Returning,CH,0,Ecom,2025-12-11
Switzerland,1206.07,Returning,CH,0,Stores,2025-12-11
Switzerland,3799.68,New,CH,0,Ecom,2025-12-12
Switzerland,632.95,New,CH,0,Stores,2025-12-12
Switzerland,2427.51,Returning,CH,0,Ecom,2025-12-12
Switzerland,705.44,Returning,CH,0,Stores,2025-12-12
Switzerland,4134.77,New,CH,0,Ecom,2025-12-13
Switzerland,1667.48,New,CH,0,Stores,2025-12-13
Switzerland,1264.02,Returning,CH,0,Ecom,2025-12-13
Switzerland,1736.43,Returning,CH,0,Stores,2025-12-13
Switzerland,3734.76,New,CH,0,Ecom,2025-12-14
Switzerland,2865.55,New,CH,0,Stores,2025-12-14
Switzerland,1574.6,Returning,CH,0,Ecom,2025-12-14
Switzerland,1692.04,Returning,CH,0,Stores,2025-12-14
Switzerland,2794.11,New,CH,0,Ecom,2025-12-15
Switzerland,515.3,New,CH,0,Stores,2025-12-15
Switzerland,762.82,Returning,CH,0,Ecom,2025-12-15
Switzerland,3571.2,Returning,CH,0,Stores,2025-12-15
Switzerland,3671.53,New,CH,0,Ecom,2025-12-16
Switzerland,1361.1,New,CH,0,Stores,2025-12-16
Switzerland,1848.35,Returning,CH,0,Ecom,2025-12-16
Switzerland,1164.0,Returning,CH,0,Stores,2025-12-16
Switzerland,4384.65,New,CH,0,Ecom,2025-12-17
Switzerland,1699.88,New,CH,0,Stores,2025-12-17
Switzerland,1211.4,Returning,CH,0,Ecom,2025-12-17
Switzerland,943.72,Returning,CH,0,Stores,2025-12-17
Switzerland,139.7,New,CH,0,Ecom,2025-12-18
Switzerland,2500.48,New,CH,0,Stores,2025-12-18
Switzerland,3795.75,Returning,CH,0,Ecom,2025-12-18
Switzerland,1441.52,Returning,CH,0,Stores,2025-12-18
Switzerland,1749.31,New,CH,0,Ecom,2025-12-19
Switzerland,1258.54,New,CH,0,Stores,2025-12-19
Switzerland,2139.91,Returning,CH,0,Ecom,2025-12-19
Switzerland,2494.2,Returning,CH,0,Stores,2025-12-19
Switzerland,3342.09,New,CH,0,Ecom,2025-12-20
Switzerland,622.25,New,CH,0,Stores,2025-12-20
Switzerland,1275.25,Returning,CH,0,Ecom,2025-12-20
Switzerland,2807.4,Returning,CH,0,Stores,2025-12-20
Switzerland,1685.31,New,CH,0,Ecom,2025-12-21
Switzerland,5167.46,New,CH,0,Stores,2025-12-21
Switzerland,458.79,Returning,CH,0,Ecom,2025-12-21
Switzerland,430.19,Returning,CH,0,Stores,2025-12-21
Switzerland,333.33,New,CH,0,Ecom,2025-12-22
Switzerland,3320.83,New,CH,0,Stores,2025-12-22
Switzerland,3216.7,Returning,CH,0,Ecom,2025-12-22
Switzerland,995.54,Returning,CH,0,Stores,2025-12-22
Switzerland,1472.72,New,CH,0,Ecom,2025-12-23
Switzerland,2661.24,New,CH,0,Stores,2025-12-23
Switzerland,3827.32,Returning,CH,0,Ecom,2025-12-23
Switzerland,779.09,Returning,CH,0,Stores,2025-12-23
Switzerland,4474.19,New,CH,0,Ecom,2025-12-24
Switzerland,331.82,New,CH,0,Stores,2025-12-24
Switzerland,3355.3,Returning,CH,0,Ecom,2025-12-24
Switzerland,827.21,Returning,CH,0,Stores,2025-12-24
Switzerland,2539.22,New,CH,0,Ecom,2025-12-25
Switzerland,3033.09,New,CH,0,Stores,2025-12-25
Switzerland,2237.95,Returning,CH,0,Ecom,2025-12-25
Switzerland,698.98,Returning,CH,0,Stores,2025-12-25
Switzerland,5592.74,New,CH,0,Ecom,2025-12-26
Switzerland,619.21,New,CH,0,Stores,2025-12-26
Switzerland,1569.99,Returning,CH,0,Ecom,2025-12-26
Switzerland,56.8,Returning,CH,0,Stores,2025-12-26
Switzerland,5624.47,New,CH,0,Ecom,2025-12-27
Switzerland,679.06,New,CH,0,Stores,2025-12-27
Switzerland,1124.11,Returning,CH,0,Ecom,2025-12-27
Switzerland,323.79,Returning,CH,0,Stores,2025-12-27
Switzerland,5277.63,New,CH,0,Ecom,2025-12-28
Switzerland,1154.9,New,CH,0,Stores,2025-12-28
Switzerland,759.47,Returning,CH,0,Ecom,2025-12-28
Switzerland,142.96,Returning,CH,0,Stores,2025-12-28
Switzerland,4317.85,New,CH,0,Ecom,2025-12-29
Switzerland,1734.6,New,CH,0,Stores,2025-12-29
Switzerland,1170.06,Returning,CH,0,Ecom,2025-12-29
Switzerland,41.08,Returning,CH,0,Stores,2025-12-29
Switzerland,4644.14,New,CH,0,Ecom,2025-12-30
Switzerland,1409.77,New,CH,0,Stores,2025-12-30
Switzerland,368.19,Returning,CH,0,Ecom,2025-12-30
Switzerland,1755.47,Returning,CH,0,Stores,2025-12-30
Germany,11466.06,New,DE,0,Ecom,2024-01-01
Germany,4459.35,New,DE,0,Stores,2024-01-01
Germany,4087.28,Returning,DE,0,Ecom,2024-01-01
Germany,1340.87,Returning,DE,0,Stores,2024-01-01
Germany,4096.15,New,DE,0,Ecom,2024-01-02
Germany,12271.81,New,DE,0,Stores,2024-01-02
Germany,5261.7,Returning,DE,0,Ecom,2024-01-02
Germany,1352.32,Returning,DE,0,Stores,2024-01-02
Germany,6036.08,New,DE,0,Ecom,2024-01-03
Germany,13782.59,New,DE,0,Stores,2024-01-03
Germany,1144.47,Returning,DE,0,Ecom,2024-01-03
Germany,368.94,Returning,DE,0,Stores,2024-01-03
Germany,9280.48,New,DE,0,Ecom,2024-01-04
Germany,5734.61,New,DE,0,Stores,2024-01-04
Germany,3844.07,Returning,DE,0,Ecom,2024-01-04
Germany,3656.11,Returning,DE,0,Stores,2024-01-04
Germany,9593.38,New,DE,0,Ecom,2024-01-05
Germany,4389.38,New,DE,0,Stores,2024-01-05
Germany,8749.51,Returning,DE,0,Ecom,2024-01-05
Germany,1489.88,Returning,DE,0,Stores,2024-01-05
Germany,10386.11,New,DE,0,Ecom,2024-01-06
Germany,1970.75,New,DE,0,Stores,2024-01-06
Germany,5908.18,Returning,DE,0,Ecom,2024-01-06
Germany,4743.21,Returning,DE,0,Stores,2024-01-06
Germany,9535.44,New,DE,0,Ecom,2024-01-07
Germany,10039.05,New,DE,0,Stores,2024-01-07
Germany,2918.58,Returning,DE,0,Ecom,2024-01-07
Germany,524.94,Returning,DE,0,Stores,2024-01-07
Germany,2206.36,New,DE,0,Ecom,2024-01-08
Germany,12273.86,New,DE,0,Stores,2024-01-08
Germany,7837.03,Returning,DE,0,Ecom,2024-01-08
Germany,52.66,Returning,DE,0,Stores,2024-01-08
Germany,15828.33,New,DE,0,Ecom,2024-01-09
Germany,6991.58,New,DE,0,Stores,2024-01-09
Germany,1558.22,Returning,DE,0,Ecom,2024-01-09
Germany,1617.6,Returning,DE,0,Stores,2024-01-09
Germany,6209.36,New,DE,0,Ecom,2024-01-10
Germany,14022.76,New,DE,0,Stores,2024-01-10
Germany,1030.97,Returning,DE,0,Ecom,2024-01-10
Germany,781.77,Returning,DE,0,Stores,2024-01-10
Germany,10381.73,New,DE,0,Ecom,2024-01-11
Germany,2028.84,New,DE,0,Stores,2024-01-11
Germany,6976.59,Returning,DE,0,Ecom,2024-01-11
Germany,4870.21,Returning,DE,0,Stores,2024-01-11
Germany,15206.44,New,DE,0,Ecom,2024-01-12
Germany,2382.41,New,DE,0,Stores,2024-01-12
Germany,3101.42,Returning,DE,0,Ecom,2024-01-12
Germany,1823.32,Returning,DE,0,Stores,2024-01-12
Germany,6128.04,New,DE,0,Ecom,2024-01-13
Germany,4049.59,New,DE,0,Stores,2024-01-13
Germany,4751.52,Returning,DE,0,Ecom,2024-01-13
Germany,3432.7,Returning,DE,0,Stores,2024-01-13
Germany,8434.79,New,DE,0,Ecom,2024-01-14
Germany,4718.79,New,DE,0,Stores,2024-01-14
Germany,3045.84,Returning,DE,0,Ecom,2024-01-14
Germany,3483.64,Returning,DE,0,Stores,2024-01-14
Germany,3796.09,New,DE,0,Ecom,2024-01-15
Germany,2446.73,New,DE,0,Stores,2024-01-15
Germany,15928.92,Returning,DE,0,Ecom,2024-01-15
Germany,102.44,Returning,DE,0,Stores,2024-01-15
Germany,12767.7,New,DE,0,Ecom,2024-01-16
Germany,1840.83,New,DE,0,Stores,2024-01-16
Germany,7313.46,Returning,DE,0,Ecom,2024-01-16
Germany,119.52,Returning,DE,0,Stores,2024-01-16
Germany,10415.04,New,DE,0,Ecom,2024-01-17
Germany,1756.74,New,DE,0,Stores,2024-01-17
Germany,9466.32,Returning,DE,0,Ecom,2024-01-17
Germany,3043.52,Returning,DE,0,Stores,2024-01-17
Germany,8556.24,New,DE,0,Ecom,2024-01-18
Germany,4196.43,New,DE,0,Stores,2024-01-18
Germany,7152.42,Returning,DE,0,Ecom,2024-01-18
Germany,3042.38,Returning,DE,0,Stores,2024-01-18
Germany,8137.71,New,DE,0,Ecom,2024-01-19
Germany,3052.25,New,DE,0,Stores,2024-01-19
Germany,7157.34,Returning,DE,0,Ecom,2024-01-19
Germany,3900.74,Returning,DE,0,Stores,2024-01-19
Germany,6766.19,New,DE,0,Ecom,2024-01-20
Germany,4493.11,New,DE,0,Stores,2024-01-20
Germany,7174.09,Returning,DE,0,Ecom,2024-01-20
Germany,2626.32,Returning,DE,0,Stores,2024-01-20
Germany,12730.44,New,DE,0,Ecom,2024-01-21
Germany,3187.51,New,DE,0,Stores,2024-01-21
Germany,2626.36,Returning,DE,0,Ecom,2024-01-21
Germany,769.54,Returning,DE,0,Stores,2024-01-21
Germany,2522.35,New,DE,0,Ecom,2024-01-22
Germany,3617.79,New,DE,0,Stores,2024-01-22
Germany,800.78,Returning,DE,0,Ecom,2024-01-22
Germany,15796.22,Returning,DE,0,Stores,2024-01-22
Germany,5690.53,New,DE,0,Ecom,2024-01-23
Germany,6873.11,New,DE,0,Stores,2024-01-23
Germany,8584.92,Returning,DE,0,Ecom,2024-01-23
Germany,1818.98,Returning,DE,0,Stores,2024-01-23
Germany,8362.81,New,DE,0,Ecom,2024-01-24
Germany,7318.94,New,DE,0,Stores,2024-01-24
Germany,4884.71,Returning,DE,0,Ecom,2024-01-24
Germany,2370.98,Returning,DE,0,Stores,2024-01-24
Germany,11992.72,New,DE,0,Ecom,2024-01-25
Germany,1965.19,New,DE,0,Stores,2024-01-25
Germany,3523.64,Returning,DE,0,Ecom,2024-01-25
Germany,3811.97,Returning,DE,0,Stores,2024-01-25
Germany,10366.88,New,DE,0,Ecom,2024-01-26
Germany,4544.5,New,DE,0,Stores,2024-01-26
Germany,5048.68,Returning,DE,0,Ecom,2024-01-26
Germany,3636.25,Returning,DE,0,Stores,2024-01-26
Germany,7865.96,New,DE,0,Ecom,2024-01-27
Germany,6229.88,New,DE,0,Stores,2024-01-27
Germany,12678.49,Returning,DE,0,Ecom,2024-01-27
Germany,2101.18,Returning,DE,0,Stores,2024-01-27
Germany,9658.23,New,DE,0,Ecom,2024-01-28
Germany,5925.36,New,DE,0,Stores,2024-01-28
Germany,5648.91,Returning,DE,0,Ecom,2024-01-28
Germany,3655.38,Returning,DE,0,Stores,2024-01-28
Germany,10240.56,New,DE,0,Ecom,2024-01-29
Germany,1239.13,New,DE,0,Stores,2024-01-29
Germany,10400.95,Returning,DE,0,Ecom,2024-01-29
Germany,5596.17,Returning,DE,0,Stores,2024-01-29
Germany,17294.34,New,DE,0,Ecom,2024-01-30
Germany,1214.78,New,DE,0,Stores,2024-01-30
Germany,2681.2,Returning,DE,0,Ecom,2024-01-30
Germany,5476.7,Returning,DE,0,Stores,2024-01-30
Germany,10759.04,New,DE,0,Ecom,2024-01-31
Germany,2804.3,New,DE,0,Stores,2024-01-31
Germany,6026.94,Returning,DE,0,Ecom,2024-01-31
Germany,1522.32,Returning,DE,0,Stores,2024-01-31
Germany,16225.33,New,DE,0,Ecom,2024-02-01
Germany,4081.53,New,DE,0,Stores,2024-02-01
Germany,2467.24,Returning,DE,0,Ecom,2024-02-01
Germany,792.86,Returning,DE,0,Stores,2024-02-01
Germany,6266.88,New,DE,0,Ecom,2024-02-02
Germany,11278.24,New,DE,0,Stores,2024-02-02
Germany,5246.12,Returning,DE,0,Ecom,2024-02-02
Germany,1328.45,Returning,DE,0,Stores,2024-02-02
Germany,3224.37,New,DE,0,Ecom,2024-02-03
Germany,11084.13,New,DE,0,Stores,2024-02-03
Germany,8689.57,Returning,DE,0,Ecom,2024-02-03
Germany,2783.76,Returning,DE,0,Stores,2024-02-03
Germany,13782.02,New,DE,0,Ecom,2024-02-04
Germany,3062.73,New,DE,0,Stores,2024-02-04
Germany,6461.95,Returning,DE,0,Ecom,2024-02-04
Germany,1082.25,Returning,DE,0,Stores,2024-02-04
Germany,11229.84,New,DE,0,Ecom,2024-02-05
Germany,4910.12,New,DE,0,Stores,2024-02-05
Germany,8109.54,Returning,DE,0,Ecom,2024-02-05
Germany,4092.97,Returning,DE,0,Stores,2024-02-05
Germany,2851.47,New,DE,0,Ecom,2024-02-06
Germany,10436.18,New,DE,0,Stores,2024-02-06
Germany,2513.04,Returning,DE,0,Ecom,2024-02-06
Germany,8710.49,Returning,DE,0,Stores,2024-02-06
Germany,9884.88,New,DE,0,Ecom,2024-02-07
Germany,3128.96,New,DE,0,Stores,2024-02-07
Germany,4207.08,Returning,DE,0,Ecom,2024-02-07
Germany,2302.92,Returning,DE,0,Stores,2024-02-07
Germany,2340.69,New,DE,0,Ecom,2024-02-08
Germany,6387.62,New,DE,0,Stores,2024-02-08
Germany,6246.31,Returning,DE,0,Ecom,2024-02-08
Germany,9370.15,Returning,DE,0,Stores,2024-02-08
Germany,1668.69,New,DE,0,Ecom,2024-02-09
Germany,13693.76,New,DE,0,Stores,2024-02-09
Germany,8127.04,Returning,DE,0,Ecom,2024-02-09
Germany,1346.37,Returning,DE,0,Stores,2024-02-09
Germany,8822.94,New,DE,0,Ecom,2024-02-10
Germany,5045.57,New,DE,0,Stores,2024-02-10
Germany,7773.55,Returning,DE,0,Ecom,2024-02-10
Germany,788.0,Returning,DE,0,Stores,2024-02-10
Germany,16562.13,New,DE,0,Ecom,2024-02-11
Germany,4409.05,New,DE,0,Stores,2024-02-11
Germany,3214.5,Returning,DE,0,Ecom,2024-02-11
Germany,638.72,Returning,DE,0,Stores,2024-02-11
Germany,6079.52,New,DE,0,Ecom,2024-02-12
Germany,4335.94,New,DE,0,Stores,2024-02-12
Germany,9364.17,Returning,DE,0,Ecom,2024-02-12
Germany,3426.86,Returning,DE,0,Stores,2024-02-12
Germany,5088.14,New,DE,0,Ecom,2024-02-13
Germany,4975.12,New,DE,0,Stores,2024-02-13
Germany,9920.42,Returning,DE,0,Ecom,2024-02-13
Germany,3658.86,Returning,DE,0,Stores,2024-02-13
Germany,6256.51,New,DE,0,Ecom,2024-02-14
Germany,3382.24,New,DE,0,Stores,2024-02-14
Germany,5662.06,Returning,DE,0,Ecom,2024-02-14
Germany,7577.86,Returning,DE,0,Stores,2024-02-14
Germany,6913.62,New,DE,0,Ecom,2024-02-15
Germany,5355.53,New,DE,0,Stores,2024-02-15
Germany,9706.57,Returning,DE,0,Ecom,2024-02-15
Germany,2608.11,Returning,DE,0,Stores,2024-02-15
Germany,10996.93,New,DE,0,Ecom,2024-02-16
Germany,7418.64,New,DE,0,Stores,2024-02-16
Germany,4985.7,Returning,DE,0,Ecom,2024-02-16
Germany,4652.77,Returning,DE,0,Stores,2024-02-16
Germany,8855.63,New,DE,0,Ecom,2024-02-17
Germany,588.92,New,DE,0,Stores,2024-02-17
Germany,6748.99,Returning,DE,0,Ecom,2024-02-17
Germany,6012.81,Returning,DE,0,Stores,2024-02-17
Germany,8673.89,New,DE,0,Ecom,2024-02-18
Germany,8283.51,New,DE,0,Stores,2024-02-18
Germany,5009.46,Returning,DE,0,Ecom,2024-02-18
Germany,812.47,Returning,DE,0,Stores,2024-02-18
Germany,9364.96,New,DE,0,Ecom,2024-02-19
Germany,7149.68,New,DE,0,Stores,2024-02-19
Germany,6203.61,Returning,DE,0,Ecom,2024-02-19
Germany,1479.22,Returning,DE,0,Stores,2024-02-19
Germany,10766.25,New,DE,0,Ecom,2024-02-20
Germany,7142.6,New,DE,0,Stores,2024-02-20
Germany,4897.24,Returning,DE,0,Ecom,2024-02-20
Germany,3990.97,Returning,DE,0,Stores,2024-02-20
Germany,13664.65,New,DE,0,Ecom,2024-02-21
Germany,1699.9,New,DE,0,Stores,2024-02-21
Germany,4402.52,Returning,DE,0,Ecom,2024-02-21
Germany,2161.22,Returning,DE,0,Stores,2024-02-21
Germany,6920.16,New,DE,0,Ecom,2024-02-22
Germany,10849.03,New,DE,0,Stores,2024-02-22
Germany,4317.07,Returning,DE,0,Ecom,2024-02-22
Germany,396.52,Returning,DE,0,Stores,2024-02-22
Germany,12984.58,New,DE,0,Ecom,2024-02-23
Germany,9802.6,New,DE,0,Stores,2024-02-23
Germany,2252.96,Returning,DE,0,Ecom,2024-02-23
Germany,1666.37,Returning,DE,0,Stores,2024-02-23
Germany,6761.42,New,DE,0,Ecom,2024-02-24
Germany,6222.43,New,DE,0,Stores,2024-02-24
Germany,10836.52,Returning,DE,0,Ecom,2024-02-24
Germany,816.64,Returning,DE,0,Stores,2024-02-24
Germany,13127.98,New,DE,0,Ecom,2024-02-25
Germany,5329.18,New,DE,0,Stores,2024-02-25
Germany,3890.55,Returning,DE,0,Ecom,2024-02-25
Germany,4751.17,Returning,DE,0,Stores,2024-02-25
Germany,6121.06,New,DE,0,Ecom,2024-02-26
Germany,5491.96,New,DE,0,Stores,2024-02-26
Germany,12567.84,Returning,DE,0,Ecom,2024-02-26
Germany,967.08,Returning,DE,0,Stores,2024-02-26
Germany,12783.27,New,DE,0,Ecom,2024-02-27
Germany,4590.96,New,DE,0,Stores,2024-02-27
Germany,4820.14,Returning,DE,0,Ecom,2024-02-27
Germany,2483.29,Returning,DE,0,Stores,2024-02-27
Germany,3943.26,New,DE,0,Ecom,2024-02-28
Germany,7799.86,New,DE,0,Stores,2024-02-28
Germany,12504.38,Returning,DE,0,Ecom,2024-02-28
Germany,1916.02,Returning,DE,0,Stores,2024-02-28
Germany,8575.73,New,DE,0,Ecom,2024-02-29
Germany,9618.98,New,DE,0,Stores,2024-02-29
Germany,3270.71,Returning,DE,0,Ecom,2024-02-29
Germany,6757.48,Returning,DE,0,Stores,2024-02-29
Germany,6381.23,New,DE,0,Ecom,2024-03-01
Germany,10130.72,New,DE,0,Stores,2024-03-01
Germany,5212.9,Returning,DE,0,Ecom,2024-03-01
Germany,472.04,Returning,DE,0,Stores,2024-03-01
Germany,16251.12,New,DE,0,Ecom,2024-03-02
Germany,3860.28,New,DE,0,Stores,2024-03-02
Germany,4752.14,Returning,DE,0,Ecom,2024-03-02
Germany,3776.01,Returning,DE,0,Stores,2024-03-02
Germany,15324.79,New,DE,0,Ecom,2024-03-03
Germany,2807.11,New,DE,0,Stores,2024-03-03
Germany,2732.71,Returning,DE,0,Ecom,2024-03-03
Germany,5783.54,Returning,DE,0,Stores,2024-03-03
Germany,9184.14,New,DE,0,Ecom,2024-03-04
Germany,1576.86,New,DE,0,Stores,2024-03-04
Germany,10679.71,Returning,DE,0,Ecom,2024-03-04
Germany,2106.33,Returning,DE,0,Stores,2024-03-04
Germany,7153.34,New,DE,0,Ecom,2024-03-05
Germany,2606.01,New,DE,0,Stores,2024-03-05
Germany,10163.26,Returning,DE,0,Ecom,2024-03-05
Germany,5921.05,Returning,DE,0,Stores,2024-03-05
Germany,4649.29,New,DE,0,Ecom,2024-03-06
Germany,6312.25,New,DE,0,Stores,2024-03-06
Germany,5908.82,Returning,DE,0,Ecom,2024-03-06
Germany,5741.55,Returning,DE,0,Stores,2024-03-06
Germany,5387.04,New,DE,0,Ecom,2024-03-07
Germany,7252.91,New,DE,0,Stores,2024-03-07
Germany,3671.9,Returning,DE,0,Ecom,2024-03-07
Germany,5071.95,Returning,DE,0,Stores,2024-03-07
Germany,9759.02,New,DE,0,Ecom,2024-03-08
Germany,4955.86,New,DE,0,Stores,2024-03-08
Germany,8682.27,Returning,DE,0,Ecom,2024-03-08
Germany,1358.64,Returning,DE,0,Stores,2024-03-08
Germany,3351.37,New,DE,0,Ecom,2024-03-09
Germany,1103.75,New,DE,0,Stores,2024-03-09
Germany,16266.16,Returning,DE,0,Ecom,2024-03-09
Germany,2420.17,Returning,DE,0,Stores,2024-03-09
Germany,3572.42,New,DE,0,Ecom,2024-03-10
Germany,5082.5,New,DE,0,Stores,2024-03-10
Germany,12731.24,Returning,DE,0,Ecom,2024-03-10
Germany,3369.67,Returning,DE,0,Stores,2024-03-10
Germany,11077.61,New,DE,0,Ecom,2024-03-11
Germany,13832.29,New,DE,0,Stores,2024-03-11
Germany,2383.21,Returning,DE,0,Ecom,2024-03-11
Germany,653.98,Returning,DE,0,Stores,2024-03-11
Germany,11480.12,New,DE,0,Ecom,2024-03-12
Germany,5595.21,New,DE,0,Stores,2024-03-12
Germany,3187.78,Returning,DE,0,Ecom,2024-03-12
Germany,7530.23,Returning,DE,0,Stores,2024-03-12
Germany,6162.08,New,DE,0,Ecom,2024-03-13
Germany,7576.17,New,DE,0,Stores,2024-03-13
Germany,9006.8,Returning,DE,0,Ecom,2024-03-13
Germany,1366.55,Returning,DE,0,Stores,2024-03-13
Germany,11368.98,New,DE,0,Ecom,2024-03-14
Germany,4979.38,New,DE,0,Stores,2024-03-14
Germany,3758.9,Returning,DE,0,Ecom,2024-03-14
Germany,2984.44,Returning,DE,0,Stores,2024-03-14
Germany,5919.1,New,DE,0,Ecom,2024-03-15
Germany,2840.48,New,DE,0,Stores,2024-03-15
Germany,7268.45,Returning,DE,0,Ecom,2024-03-15
Germany,6118.31,Returning,DE,0,Stores,2024-03-15
Germany,7324.0,New,DE,0,Ecom,2024-03-16
Germany,5742.2,New,DE,0,Stores,2024-03-16
Germany,6526.6,Returning,DE,0,Ecom,2024-03-16
Germany,3189.86,Returning,DE,0,Stores,2024-03-16
Germany,6495.88,New,DE,0,Ecom,2024-03-17
Germany,10738.53,New,DE,0,Stores,2024-03-17
Germany,10647.62,Returning,DE,0,Ecom,2024-03-17
Germany,1844.49,Returning,DE,0,Stores,2024-03-17
Germany,12657.65,New,DE,0,Ecom,2024-03-18
Germany,4648.88,New,DE,0,Stores,2024-03-18
Germany,10835.63,Returning,DE,0,Ecom,2024-03-18
Germany,1124.19,Returning,DE,0,Stores,2024-03-18
Germany,14629.76,New,DE,0,Ecom,2024-03-19
Germany,3123.97,New,DE,0,Stores,2024-03-19
Germany,4769.9,Returning,DE,0,Ecom,2024-03-19
Germany,2052.94,Returning,DE,0,Stores,2024-03-19
Germany,3121.81,New,DE,0,Ecom,2024-03-20
Germany,6443.74,New,DE,0,Stores,2024-03-20
Germany,6387.04,Returning,DE,0,Ecom,2024-03-20
Germany,5914.7,Returning,DE,0,Stores,2024-03-20
Germany,8969.48,New,DE,0,Ecom,2024-03-21
Germany,3780.86,New,DE,0,Stores,2024-03-21
Germany,9376.67,Returning,DE,0,Ecom,2024-03-21
Germany,2337.87,Returning,DE,0,Stores,2024-03-21
Germany,9760.43,New,DE,0,Ecom,2024-03-22
Germany,5498.59,New,DE,0,Stores,2024-03-22
Germany,8389.1,Returning,DE,0,Ecom,2024-03-22
Germany,3155.15,Returning,DE,0,Stores,2024-03-22
Germany,11493.73,New,DE,0,Ecom,2024-03-23
Germany,5244.28,New,DE,0,Stores,2024-03-23
Germany,6407.34,Returning,DE,0,Ecom,2024-03-23
Germany,5735.1,Returning,DE,0,Stores,2024-03-23
Germany,10433.49,New,DE,0,Ecom,2024-03-24
Germany,2752.49,New,DE,0,Stores,2024-03-24
Germany,1795.39,Returning,DE,0,Ecom,2024-03-24
Germany,8277.98,Returning,DE,0,Stores,2024-03-24
Germany,13753.5,New,DE,0,Ecom,2024-03-25
Germany,5839.6,New,DE,0,Stores,2024-03-25
Germany,1787.06,Returning,DE,0,Ecom,2024-03-25
Germany,509.2,Returning,DE,0,Stores,2024-03-25
Germany,9461.67,New,DE,0,Ecom,2024-03-26
Germany,6860.04,New,DE,0,Stores,2024-03-26
Germany,4970.47,Returning,DE,0,Ecom,2024-03-26
Germany,4519.69,Returning,DE,0,Stores,2024-03-26
Germany,6878.87,New,DE,0,Ecom,2024-03-27
Germany,17410.36,New,DE,0,Stores,2024-03-27
Germany,535.41,Returning,DE,0,Ecom,2024-03-27
Germany,1471.08,Returning,DE,0,Stores,2024-03-27
Germany,15958.92,New,DE,0,Ecom,2024-03-28
Germany,6981.29,New,DE,0,Stores,2024-03-28
Germany,1123.78,Returning,DE,0,Ecom,2024-03-28
Germany,1175.11,Returning,DE,0,Stores,2024-03-28
Germany,14699.98,New,DE,0,Ecom,2024-03-29
Germany,7026.22,New,DE,0,Stores,2024-03-29
Germany,4442.75,Returning,DE,0,Ecom,2024-03-29
Germany,5008.31,Returning,DE,0,Stores,2024-03-29
Germany,11681.49,New,DE,0,Ecom,2024-03-30
Germany,6220.18,New,DE,0,Stores,2024-03-30
Germany,7014.16,Returning,DE,0,Ecom,2024-03-30
Germany,1756.76,Returning,DE,0,Stores,2024-03-30
Germany,8485.28,New,DE,0,Ecom,2024-03-31
Germany,4128.15,New,DE,0,Stores,2024-03-31
Germany,9676.77,Returning,DE,0,Ecom,2024-03-31
Germany,1078.9,Returning,DE,0,Stores,2024-03-31
Germany,2711.14,New,DE,0,Ecom,2024-04-01
Germany,2922.14,New,DE,0,Stores,2024-04-01
Germany,12210.82,Returning,DE,0,Ecom,2024-04-01
Germany,7020.26,Returning,DE,0,Stores,2024-04-01
Germany,4502.27,New,DE,0,Ecom,2024-04-02
Germany,7986.64,New,DE,0,Stores,2024-04-02
Germany,11882.39,Returning,DE,0,Ecom,2024-04-02
Germany,1469.21,Returning,DE,0,Stores,2024-04-02
Germany,6671.45,New,DE,0,Ecom,2024-04-03
Germany,4010.91,New,DE,0,Stores,2024-04-03
Germany,11096.75,Returning,DE,0,Ecom,2024-04-03
Germany,3253.13,Returning,DE,0,Stores,2024-04-03
Germany,6456.82,New,DE,0,Ecom,2024-04-04
Germany,10085.81,New,DE,0,Stores,2024-04-04
Germany,10501.86,Returning,DE,0,Ecom,2024-04-04
Germany,360.23,Returning,DE,0,Stores,2024-04-04
Germany,9464.78,New,DE,0,Ecom,2024-04-05
Germany,2764.31,New,DE,0,Stores,2024-04-05
Germany,2144.47,Returning,DE,0,Ecom,2024-04-05
Germany,10229.46,Returning,DE,0,Stores,2024-04-05
Germany,11679.14,New,DE,0,Ecom,2024-04-06
Germany,5050.57,New,DE,0,Stores,2024-04-06
Germany,4469.37,Returning,DE,0,Ecom,2024-04-06
Germany,664.88,Returning,DE,0,Stores,2024-04-06
Germany,2837.33,New,DE,0,Ecom,2024-04-07
Germany,15121.28,New,DE,0,Stores,2024-04-07
Germany,6533.13,Returning,DE,0,Ecom,2024-04-07
Germany,69.64,Returning,DE,0,Stores,2024-04-07
Germany,5759.32,New,DE,0,Ecom,2024-04-08
Germany,9308.32,New,DE,0,Stores,2024-04-08
Germany,8797.41,Returning,DE,0,Ecom,2024-04-08
Germany,1710.62,Returning,DE,0,Stores,2024-04-08
Germany,9372.48,New,DE,0,Ecom,2024-04-09
Germany,4064.53,New,DE,0,Stores,2024-04-09
Germany,9928.81,Returning,DE,0,Ecom,2024-04-09
Germany,694.18,Returning,DE,0,Stores,2024-04-09
Germany,5536.42,New,DE,0,Ecom,2024-04-10
Germany,7188.13,New,DE,0,Stores,2024-04-10
Germany,7528.72,Returning,DE,0,Ecom,2024-04-10
Germany,7010.3,Returning,DE,0,Stores,2024-04-10
Germany,7094.09,New,DE,0,Ecom,2024-04-11
Germany,4822.97,New,DE,0,Stores,2024-04-11
Germany,10220.05,Returning,DE,0,Ecom,2024-04-11
Germany,1276.63,Returning,DE,0,Stores,2024-04-11
Germany,10966.37,New,DE,0,Ecom,2024-04-12
Germany,3664.75,New,DE,0,Stores,2024-04-12
Germany,3303.01,Returning,DE,0,Ecom,2024-04-12
Germany,9237.22,Returning,DE,0,Stores,2024-04-12
Germany,15462.97,New,DE,0,Ecom,2024-04-13
Germany,3036.12,New,DE,0,Stores,2024-04-13
Germany,4814.29,Returning,DE,0,Ecom,2024-04-13
Germany,22.43,Returning,DE,0,Stores,2024-04-13
Germany,9133.63,New,DE,0,Ecom,2024-04-14
Germany,9024.73,New,DE,0,Stores,2024-04-14
Germany,3166.09,Returning,DE,0,Ecom,2024-04-14
Germany,1420.7,Returning,DE,0,Stores,2024-04-14
Germany,11312.81,New,DE,0,Ecom,2024-04-15
Germany,2301.26,New,DE,0,Stores,2024-04-15
Germany,12996.5,Returning,DE,0,Ecom,2024-04-15
Germany,894.5,Returning,DE,0,Stores,2024-04-15
Germany,4694.76,New,DE,0,Ecom,2024-04-16
Germany,10716.19,New,DE,0,Stores,2024-04-16
Germany,5779.68,Returning,DE,0,Ecom,2024-04-16
Germany,3011.42,Returning,DE,0,Stores,2024-04-16
Germany,8967.07,New,DE,0,Ecom,2024-04-17
Germany,15143.46,New,DE,0,Stores,2024-04-17
Germany,558.19,Returning,DE,0,Ecom,2024-04-17
Germany,2199.11,Returning,DE,0,Stores,2024-04-17
Germany,13722.66,New,DE,0,Ecom,2024-04-18
Germany,6882.05,New,DE,0,Stores,2024-04-18
Germany,2825.12,Returning,DE,0,Ecom,2024-04-18
Germany,1172.94,Returning,DE,0,Stores,2024-04-18
Germany,8462.37,New,DE,0,Ecom,2024-04-19
Germany,8670.9,New,DE,0,Stores,2024-04-19
Germany,4232.15,Returning,DE,0,Ecom,2024-04-19
Germany,4632.86,Returning,DE,0,Stores,2024-04-19
Germany,7434.7,New,DE,0,Ecom,2024-04-20
Germany,8645.51,New,DE,0,Stores,2024-04-20
Germany,6768.5,Returning,DE,0,Ecom,2024-04-20
Germany,1504.91,Returning,DE,0,Stores,2024-04-20
Germany,8733.46,New,DE,0,Ecom,2024-04-21
Germany,9762.36,New,DE,0,Stores,2024-04-21
Germany,3404.95,Returning,DE,0,Ecom,2024-04-21
Germany,1139.13,Returning,DE,0,Stores,2024-04-21
Germany,13137.26,New,DE,0,Ecom,2024-04-22
Germany,2419.24,New,DE,0,Stores,2024-04-22
Germany,2938.77,Returning,DE,0,Ecom,2024-04-22
Germany,3015.32,Returning,DE,0,Stores,2024-04-22
Germany,18339.67,New,DE,0,Ecom,2024-04-23
Germany,5217.84,New,DE,0,Stores,2024-04-23
Germany,160.35,Returning,DE,0,Ecom,2024-04-23
Germany,614.08,Returning,DE,0,Stores,2024-04-23
Germany,10464.81,New,DE,0,Ecom,2024-04-24
Germany,2392.57,New,DE,0,Stores,2024-04-24
Germany,5949.11,Returning,DE,0,Ecom,2024-04-24
Germany,4390.53,Returning,DE,0,Stores,2024-04-24
Germany,11591.64,New,DE,0,Ecom,2024-04-25
Germany,8927.22,New,DE,0,Stores,2024-04-25
Germany,2854.83,Returning,DE,0,Ecom,2024-04-25
Germany,1044.1,Returning,DE,0,Stores,2024-04-25
Germany,5105.71,New,DE,0,Ecom,2024-04-26
Germany,11743.86,New,DE,0,Stores,2024-04-26
Germany,3066.7,Returning,DE,0,Ecom,2024-04-26
Germany,2157.93,Returning,DE,0,Stores,2024-04-26
Germany,8658.5,New,DE,0,Ecom,2024-04-27
Germany,2821.39,New,DE,0,Stores,2024-04-27
Germany,6954.6,Returning,DE,0,Ecom,2024-04-27
Germany,9214.28,Returning,DE,0,Stores,2024-04-27
Germany,15664.85,New,DE,0,Ecom,2024-04-28
Germany,2270.13,New,DE,0,Stores,2024-04-28
Germany,7914.43,Returning,DE,0,Ecom,2024-04-28
Germany,2673.82,Returning,DE,0,Stores,2024-04-28
Germany,17877.1,New,DE,0,Ecom,2024-04-29
Germany,2915.03,New,DE,0,Stores,2024-04-29
Germany,2241.57,Returning,DE,0,Ecom,2024-04-29
Germany,3584.55,Returning,DE,0,Stores,2024-04-29
Germany,4209.07,New,DE,0,Ecom,2024-04-30
Germany,2830.36,New,DE,0,Stores,2024-04-30
Germany,14026.77,Returning,DE,0,Ecom,2024-04-30
Germany,4033.91,Returning,DE,0,Stores,2024-04-30
Germany,12720.91,New,DE,0,Ecom,2024-05-01
Germany,2297.46,New,DE,0,Stores,2024-05-01
Germany,5310.2,Returning,DE,0,Ecom,2024-05-01
Germany,4469.03,Returning,DE,0,Stores,2024-05-01
Germany,9228.31,New,DE,0,Ecom,2024-05-02
Germany,5242.04,New,DE,0,Stores,2024-05-02
Germany,7463.36,Returning,DE,0,Ecom,2024-05-02
Germany,1404.17,Returning,DE,0,Stores,2024-05-02
Germany,16437.06,New,DE,0,Ecom,2024-05-03
Germany,6932.46,New,DE,0,Stores,2024-05-03
Germany,993.99,Returning,DE,0,Ecom,2024-05-03
Germany,1587.02,Returning,DE,0,Stores,2024-05-03
Germany,7408.54,New,DE,0,Ecom,2024-05-04
Germany,3811.02,New,DE,0,Stores,2024-05-04
Germany,4961.13,Returning,DE,0,Ecom,2024-05-04
Germany,7459.81,Returning,DE,0,Stores,2024-05-04
Germany,7885.2,New,DE,0,Ecom,2024-05-05
Germany,4787.74,New,DE,0,Stores,2024-05-05
Germany,10465.37,Returning,DE,0,Ecom,2024-05-05
Germany,6662.94,Returning,DE,0,Stores,2024-05-05
Germany,7453.51,New,DE,0,Ecom,2024-05-06
Germany,7960.82,New,DE,0,Stores,2024-05-06
Germany,8709.07,Returning,DE,0,Ecom,2024-05-06
Germany,1011.57,Returning,DE,0,Stores,2024-05-06
Germany,3427.18,New,DE,0,Ecom,2024-05-07
Germany,4953.81,New,DE,0,Stores,2024-05-07
Germany,14693.55,Returning,DE,0,Ecom,2024-05-07
Germany,3705.62,Returning,DE,0,Stores,2024-05-07
Germany,6618.91,New,DE,0,Ecom,2024-05-08
Germany,9577.87,New,DE,0,Stores,2024-05-08
Germany,3186.45,Returning,DE,0,Ecom,2024-05-08
Germany,4260.02,Returning,DE,0,Stores,2024-05-08
Germany,5745.82,New,DE,0,Ecom,2024-05-09
Germany,12052.23,New,DE,0,Stores,2024-05-09
Germany,10946.43,Returning,DE,0,Ecom,2024-05-09
Germany,401.75,Returning,DE,0,Stores,2024-05-09
Germany,10646.44,New,DE,0,Ecom,2024-05-10
Germany,14587.05,New,DE,0,Stores,2024-05-10
Germany,4065.39,Returning,DE,0,Ecom,2024-05-10
Germany,11.36,Returning,DE,0,Stores,2024-05-10
Germany,12883.91,New,DE,0,Ecom,2024-05-11
Germany,2915.72,New,DE,0,Stores,2024-05-11
Germany,8783.96,Returning,DE,0,Ecom,2024-05-11
Germany,2652.6,Returning,DE,0,Stores,2024-05-11
Germany,20279.8,New,DE,0,Ecom,2024-05-12
Germany,627.14,New,DE,0,Stores,2024-05-12
Germany,3388.36,Returning,DE,0,Ecom,2024-05-12
Germany,585.72,Returning,DE,0,Stores,2024-05-12
Germany,11345.15,New,DE,0,Ecom,2024-05-13
Germany,858.21,New,DE,0,Stores,2024-05-13
Germany,12305.66,Returning,DE,0,Ecom,2024-05-13
Germany,295.14,Returning,DE,0,Stores,2024-05-13
Germany,13419.82,New,DE,0,Ecom,2024-05-14
Germany,4169.73,New,DE,0,Stores,2024-05-14
Germany,8104.19,Returning,DE,0,Ecom,2024-05-14
Germany,1719.38,Returning,DE,0,Stores,2024-05-14
Germany,11974.34,New,DE,0,Ecom,2024-05-15
Germany,6958.15,New,DE,0,Stores,2024-05-15
Germany,6504.08,Returning,DE,0,Ecom,2024-05-15
Germany,4676.76,Returning,DE,0,Stores,2024-05-15
Germany,8764.81,New,DE,0,Ecom,2024-05-16
Germany,6169.4,New,DE,0,Stores,2024-05-16
Germany,6946.87,Returning,DE,0,Ecom,2024-05-16
Germany,4819.49,Returning,DE,0,Stores,2024-05-16
Germany,9636.52,New,DE,0,Ecom,2024-05-17
Germany,9547.61,New,DE,0,Stores,2024-05-17
Germany,5071.83,Returning,DE,0,Ecom,2024-05-17
Germany,3275.57,Returning,DE,0,Stores,2024-05-17
Germany,12506.85,New,DE,0,Ecom,2024-05-18
Germany,3194.51,New,DE,0,Stores,2024-05-18
Germany,8022.5,Returning,DE,0,Ecom,2024-05-18
Germany,1840.72,Returning,DE,0,Stores,2024-05-18
Germany,16003.85,New,DE,0,Ecom,2024-05-19
Germany,9319.72,New,DE,0,Stores,2024-05-19
Germany,1910.92,Returning,DE,0,Ecom,2024-05-19
Germany,99.49,Returning,DE,0,Stores,2024-05-19
Germany,6276.96,New,DE,0,Ecom,2024-05-20
Germany,7894.04,New,DE,0,Stores,2024-05-20
Germany,4379.41,Returning,DE,0,Ecom,2024-05-20
Germany,5747.54,Returning,DE,0,Stores,2024-05-20
Germany,7043.65,New,DE,0,Ecom,2024-05-21
Germany,6413.25,New,DE,0,Stores,2024-05-21
Germany,2945.89,Returning,DE,0,Ecom,2024-05-21
Germany,10358.46,Returning,DE,0,Stores,2024-05-21
Germany,19024.87,New,DE,0,Ecom,2024-05-22
Germany,1187.75,New,DE,0,Stores,2024-05-22
Germany,2188.56,Returning,DE,0,Ecom,2024-05-22
Germany,3897.31,Returning,DE,0,Stores,2024-05-22
Germany,15557.94,New,DE,0,Ecom,2024-05-23
Germany,4354.62,New,DE,0,Stores,2024-05-23
Germany,5820.79,Returning,DE,0,Ecom,2024-05-23
Germany,2237.08,Returning,DE,0,Stores,2024-05-23
Germany,5635.87,New,DE,0,Ecom,2024-05-24
Germany,12587.47,New,DE,0,Stores,2024-05-24
Germany,1475.06,Returning,DE,0,Ecom,2024-05-24
Germany,3364.74,Returning,DE,0,Stores,2024-05-24
Germany,8704.02,New,DE,0,Ecom,2024-05-25
Germany,7534.14,New,DE,0,Stores,2024-05-25
Germany,1840.76,Returning,DE,0,Ecom,2024-05-25
Germany,6747.94,Returning,DE,0,Stores,2024-05-25
Germany,17560.53,New,DE,0,Ecom,2024-05-26
Germany,7274.26,New,DE,0,Stores,2024-05-26
Germany,5970.81,Returning,DE,0,Ecom,2024-05-26
Germany,559.58,Returning,DE,0,Stores,2024-05-26
Germany,10816.75,New,DE,0,Ecom,2024-05-27
Germany,6589.38,New,DE,0,Stores,2024-05-27
Germany,3024.17,Returning,DE,0,Ecom,2024-05-27
Germany,5331.47,Returning,DE,0,Stores,2024-05-27
Germany,8591.47,New,DE,0,Ecom,2024-05-28
Germany,5750.8,New,DE,0,Stores,2024-05-28
Germany,7502.85,Returning,DE,0,Ecom,2024-05-28
Germany,147.82,Returning,DE,0,Stores,2024-05-28
Germany,10970.34,New,DE,0,Ecom,2024-05-29
Germany,3492.61,New,DE,0,Stores,2024-05-29
Germany,9503.75,Returning,DE,0,Ecom,2024-05-29
Germany,2846.7,Returning,DE,0,Stores,2024-05-29
Germany,16761.07,New,DE,0,Ecom,2024-05-30
Germany,2841.32,New,DE,0,Stores,2024-05-30
Germany,5931.68,Returning,DE,0,Ecom,2024-05-30
Germany,750.05,Returning,DE,0,Stores,2024-05-30
Germany,16233.94,New,DE,0,Ecom,2024-05-31
Germany,1343.1,New,DE,0,Stores,2024-05-31
Germany,10703.52,Returning,DE,0,Ecom,2024-05-31
Germany,72.82,Returning,DE,0,Stores,2024-05-31
Germany,12382.81,New,DE,0,Ecom,2024-06-01
Germany,5924.48,New,DE,0,Stores,2024-06-01
Germany,5629.87,Returning,DE,0,Ecom,2024-06-01
Germany,497.94,Returning,DE,0,Stores,2024-06-01
Germany,6977.49,New,DE,0,Ecom,2024-06-02
Germany,4721.04,New,DE,0,Stores,2024-06-02
Germany,2912.86,Returning,DE,0,Ecom,2024-06-02
Germany,8219.91,Returning,DE,0,Stores,2024-06-02
Germany,18691.47,New,DE,0,Ecom,2024-06-03
Germany,2754.36,New,DE,0,Stores,2024-06-03
Germany,3779.53,Returning,DE,0,Ecom,2024-06-03
Germany,541.9,Returning,DE,0,Stores,2024-06-03
Germany,2367.13,New,DE,0,Ecom,2024-06-04
Germany,10515.33,New,DE,0,Stores,2024-06-04
Germany,9459.29,Returning,DE,0,Ecom,2024-06-04
Germany,4112.71,Returning,DE,0,Stores,2024-06-04
Germany,10170.04,New,DE,0,Ecom,2024-06-05
Germany,6123.69,New,DE,0,Stores,2024-06-05
Germany,4102.29,Returning,DE,0,Ecom,2024-06-05
Germany,2305.92,Returning,DE,0,Stores,2024-06-05
Germany,3909.57,New,DE,0,Ecom,2024-06-06
Germany,4935.89,New,DE,0,Stores,2024-06-06
Germany,17227.52,Returning,DE,0,Ecom,2024-06-06
Germany,3421.95,Returning,DE,0,Stores,2024-06-06
Germany,18174.28,New,DE,0,Ecom,2024-06-07
Germany,1702.18,New,DE,0,Stores,2024-06-07
Germany,8036.69,Returning,DE,0,Ecom,2024-06-07
Germany,1427.0,Returning,DE,0,Stores,2024-06-07
Germany,8676.34,New,DE,0,Ecom,2024-06-08
Germany,7720.59,New,DE,0,Stores,2024-06-08
Germany,3555.01,Returning,DE,0,Ecom,2024-06-08
Germany,3907.15,Returning,DE,0,Stores,2024-06-08
Germany,6761.63,New,DE,0,Ecom,2024-06-09
Germany,7519.29,New,DE,0,Stores,2024-06-09
Germany,2686.7,Returning,DE,0,Ecom,2024-06-09
Germany,9735.76,Returning,DE,0,Stores,2024-06-09
Germany,11263.83,New,DE,0,Ecom,2024-06-10
Germany,9005.89,New,DE,0,Stores,2024-06-10
Germany,8768.52,Returning,DE,0,Ecom,2024-06-10
Germany,1648.91,Returning,DE,0,Stores,2024-06-10
Germany,7416.29,New,DE,0,Ecom,2024-06-11
Germany,12516.02,New,DE,0,Stores,2024-06-11
Germany,2202.41,Returning,DE,0,Ecom,2024-06-11
Germany,553.38,Returning,DE,0,Stores,2024-06-11
Germany,15090.81,New,DE,0,Ecom,2024-06-12
Germany,4956.21,New,DE,0,Stores,2024-06-12
Germany,1636.57,Returning,DE,0,Ecom,2024-06-12
Germany,2176.4,Returning,DE,0,Stores,2024-06-12
Germany,12271.09,New,DE,0,Ecom,2024-06-13
Germany,3782.57,New,DE,0,Stores,2024-06-13
Germany,1206.31,Returning,DE,0,Ecom,2024-06-13
Germany,6174.9,Returning,DE,0,Stores,2024-06-13
Germany,4798.27,New,DE,0,Ecom,2024-06-14
Germany,15867.44,New,DE,0,Stores,2024-06-14
Germany,8643.36,Returning,DE,0,Ecom,2024-06-14
Germany,99.53,Returning,DE,0,Stores,2024-06-14
Germany,3515.87,New,DE,0,Ecom,2024-06-15
Germany,12330.74,New,DE,0,Stores,2024-06-15
Germany,3585.97,Returning,DE,0,Ecom,2024-06-15
Germany,8040.38,Returning,DE,0,Stores,2024-06-15
Germany,12451.8,New,DE,0,Ecom,2024-06-16
Germany,4400.09,New,DE,0,Stores,2024-06-16
Germany,5242.31,Returning,DE,0,Ecom,2024-06-16
Germany,2108.47,Returning,DE,0,Stores,2024-06-16
Germany,6756.53,New,DE,0,Ecom,2024-06-17
Germany,8863.63,New,DE,0,Stores,2024-06-17
Germany,5939.45,Returning,DE,0,Ecom,2024-06-17
Germany,7253.43,Returning,DE,0,Stores,2024-06-17
Germany,9539.43,New,DE,0,Ecom,2024-06-18
Germany,14692.05,New,DE,0,Stores,2024-06-18
Germany,5502.25,Returning,DE,0,Ecom,2024-06-18
Germany,1011.82,Returning,DE,0,Stores,2024-06-18
Germany,13410.19,New,DE,0,Ecom,2024-06-19
Germany,4441.64,New,DE,0,Stores,2024-06-19
Germany,5709.54,Returning,DE,0,Ecom,2024-06-19
Germany,354.34,Returning,DE,0,Stores,2024-06-19
Germany,8376.64,New,DE,0,Ecom,2024-06-20
Germany,3341.77,New,DE,0,Stores,2024-06-20
Germany,10935.02,Returning,DE,0,Ecom,2024-06-20
Germany,1964.1,Returning,DE,0,Stores,2024-06-20
Germany,11923.81,New,DE,0,Ecom,2024-06-21
Germany,6189.89,New,DE,0,Stores,2024-06-21
Germany,8784.4,Returning,DE,0,Ecom,2024-06-21
Germany,195.72,Returning,DE,0,Stores,2024-06-21
Germany,6693.41,New,DE,0,Ecom,2024-06-22
Germany,3205.46,New,DE,0,Stores,2024-06-22
Germany,3070.72,Returning,DE,0,Ecom,2024-06-22
Germany,19558.43,Returning,DE,0,Stores,2024-06-22
Germany,4604.29,New,DE,0,Ecom,2024-06-23
Germany,2683.86,New,DE,0,Stores,2024-06-23
Germany,8168.78,Returning,DE,0,Ecom,2024-06-23
Germany,4589.38,Returning,DE,0,Stores,2024-06-23
Germany,7589.6,New,DE,0,Ecom,2024-06-24
Germany,7518.74,New,DE,0,Stores,2024-06-24
Germany,1655.42,Returning,DE,0,Ecom,2024-06-24
Germany,1017.93,Returning,DE,0,Stores,2024-06-24
Germany,3561.13,New,DE,0,Ecom,2024-06-25
Germany,6825.08,New,DE,0,Stores,2024-06-25
Germany,6604.22,Returning,DE,0,Ecom,2024-06-25
Germany,196.94,Returning,DE,0,Stores,2024-06-25
Germany,3675.54,New,DE,0,Ecom,2024-06-26
Germany,5854.33,New,DE,0,Stores,2024-06-26
Germany,5593.99,Returning,DE,0,Ecom,2024-06-26
Germany,1916.2,Returning,DE,0,Stores,2024-06-26
Germany,9298.63,New,DE,0,Ecom,2024-06-27
Germany,4014.26,New,DE,0,Stores,2024-06-27
Germany,2946.81,Returning,DE,0,Ecom,2024-06-27
Germany,685.26,Returning,DE,0,Stores,2024-06-27
Germany,5986.42,New,DE,0,Ecom,2024-06-28
Germany,1590.36,New,DE,0,Stores,2024-06-28
Germany,2548.42,Returning,DE,0,Ecom,2024-06-28
Germany,6812.72,Returning,DE,0,Stores,2024-06-28
Germany,4957.86,New,DE,0,Ecom,2024-06-29
Germany,4171.18,New,DE,0,Stores,2024-06-29
Germany,6136.99,Returning,DE,0,Ecom,2024-06-29
Germany,1578.24,Returning,DE,0,Stores,2024-06-29
Germany,6729.86,New,DE,0,Ecom,2024-06-30
Germany,5476.13,New,DE,0,Stores,2024-06-30
Germany,4258.35,Returning,DE,0,Ecom,2024-06-30
Germany,458.46,Returning,DE,0,Stores,2024-06-30
Germany,7648.83,New,DE,0,Ecom,2024-07-01
Germany,7790.62,New,DE,0,Stores,2024-07-01
Germany,1383.25,Returning,DE,0,Ecom,2024-07-01
Germany,75.9,Returning,DE,0,Stores,2024-07-01
Germany,10293.89,New,DE,0,Ecom,2024-07-02
Germany,3744.82,New,DE,0,Stores,2024-07-02
Germany,2200.77,Returning,DE,0,Ecom,2024-07-02
Germany,584.97,Returning,DE,0,Stores,2024-07-02
Germany,5099.82,New,DE,0,Ecom,2024-07-03
Germany,6145.21,New,DE,0,Stores,2024-07-03
Germany,5070.5,Returning,DE,0,Ecom,2024-07-03
Germany,386.48,Returning,DE,0,Stores,2024-07-03
Germany,2686.11,New,DE,0,Ecom,2024-07-04
Germany,5337.42,New,DE,0,Stores,2024-07-04
Germany,8283.05,Returning,DE,0,Ecom,2024-07-04
Germany,582.4,Returning,DE,0,Stores,2024-07-04
Germany,6243.91,New,DE,0,Ecom,2024-07-05
Germany,2907.16,New,DE,0,Stores,2024-07-05
Germany,5565.11,Returning,DE,0,Ecom,2024-07-05
Germany,2141.46,Returning,DE,0,Stores,2024-07-05
Germany,1781.59,New,DE,0,Ecom,2024-07-06
Germany,9942.24,New,DE,0,Stores,2024-07-06
Germany,3411.35,Returning,DE,0,Ecom,2024-07-06
Germany,1566.75,Returning,DE,0,Stores,2024-07-06
Germany,1505.6,New,DE,0,Ecom,2024-07-07
Germany,719.67,New,DE,0,Stores,2024-07-07
Germany,7117.28,Returning,DE,0,Ecom,2024-07-07
Germany,7266.93,Returning,DE,0,Stores,2024-07-07
Germany,6112.59,New,DE,0,Ecom,2024-07-08
Germany,1534.44,New,DE,0,Stores,2024-07-08
Germany,5792.84,Returning,DE,0,Ecom,2024-07-08
Germany,3333.0,Returning,DE,0,Stores,2024-07-08
Germany,10467.77,New,DE,0,Ecom,2024-07-09
Germany,374.48,New,DE,0,Stores,2024-07-09
Germany,5550.56,Returning,DE,0,Ecom,2024-07-09
Germany,308.56,Returning,DE,0,Stores,2024-07-09
Germany,8305.05,New,DE,0,Ecom,2024-07-10
Germany,5636.29,New,DE,0,Stores,2024-07-10
Germany,1786.53,Returning,DE,0,Ecom,2024-07-10
Germany,1016.83,Returning,DE,0,Stores,2024-07-10
Germany,7191.54,New,DE,0,Ecom,2024-07-11
Germany,1311.56,New,DE,0,Stores,2024-07-11
Germany,6938.37,Returning,DE,0,Ecom,2024-07-11
Germany,1132.2,Returning,DE,0,Stores,2024-07-11
Germany,3135.19,New,DE,0,Ecom,2024-07-12
Germany,4848.24,New,DE,0,Stores,2024-07-12
Germany,8371.53,Returning,DE,0,Ecom,2024-07-12
Germany,235.91,Returning,DE,0,Stores,2024-07-12
Germany,12410.88,New,DE,0,Ecom,2024-07-13
Germany,233.87,New,DE,0,Stores,2024-07-13
Germany,650.82,Returning,DE,0,Ecom,2024-07-13
Germany,3483.62,Returning,DE,0,Stores,2024-07-13
Germany,1723.71,New,DE,0,Ecom,2024-07-14
Germany,5802.56,New,DE,0,Stores,2024-07-14
Germany,2739.42,Returning,DE,0,Ecom,2024-07-14
Germany,6429.2,Returning,DE,0,Stores,2024-07-14
Germany,10944.42,New,DE,0,Ecom,2024-07-15
Germany,2475.23,New,DE,0,Stores,2024-07-15
Germany,1353.91,Returning,DE,0,Ecom,2024-07-15
Germany,1923.62,Returning,DE,0,Stores,2024-07-15
Germany,1344.93,New,DE,0,Ecom,2024-07-16
Germany,7211.43,New,DE,0,Stores,2024-07-16
Germany,4680.76,Returning,DE,0,Ecom,2024-07-16
Germany,3567.06,Returning,DE,0,Stores,2024-07-16
Germany,10081.27,New,DE,0,Ecom,2024-07-17
Germany,4922.48,New,DE,0,Stores,2024-07-17
Germany,1198.95,Returning,DE,0,Ecom,2024-07-17
Germany,417.09,Returning,DE,0,Stores,2024-07-17
Germany,7207.24,New,DE,0,Ecom,2024-07-18
Germany,5506.98,New,DE,0,Stores,2024-07-18
Germany,3029.79,Returning,DE,0,Ecom,2024-07-18
Germany,647.19,Returning,DE,0,Stores,2024-07-18
Germany,3746.11,New,DE,0,Ecom,2024-07-19
Germany,7557.56,New,DE,0,Stores,2024-07-19
Germany,4520.03,Returning,DE,0,Ecom,2024-07-19
Germany,785.48,Returning,DE,0,Stores,2024-07-19
Germany,3561.82,New,DE,0,Ecom,2024-07-20
Germany,5338.92,New,DE,0,Stores,2024-07-20
Germany,7686.91,Returning,DE,0,Ecom,2024-07-20
Germany,89.95,Returning,DE,0,Stores,2024-07-20
Germany,1941.66,New,DE,0,Ecom,2024-07-21
Germany,8066.93,New,DE,0,Stores,2024-07-21
Germany,4353.63,Returning,DE,0,Ecom,2024-07-21
Germany,2389.01,Returning,DE,0,Stores,2024-07-21
Germany,4535.23,New,DE,0,Ecom,2024-07-22
Germany,6080.35,New,DE,0,Stores,2024-07-22
Germany,5755.36,Returning,DE,0,Ecom,2024-07-22
Germany,21.63,Returning,DE,0,Stores,2024-07-22
Germany,8504.67,New,DE,0,Ecom,2024-07-23
Germany,4584.12,New,DE,0,Stores,2024-07-23
Germany,500.12,Returning,DE,0,Ecom,2024-07-23
Germany,2811.41,Returning,DE,0,Stores,2024-07-23
Germany,9707.01,New,DE,0,Ecom,2024-07-24
Germany,4636.36,New,DE,0,Stores,2024-07-24
Germany,1914.62,Returning,DE,0,Ecom,2024-07-24
Germany,172.15,Returning,DE,0,Stores,2024-07-24
Germany,7726.61,New,DE,0,Ecom,2024-07-25
Germany,1044.78,New,DE,0,Stores,2024-07-25
Germany,5449.81,Returning,DE,0,Ecom,2024-07-25
Germany,2159.61,Returning,DE,0,Stores,2024-07-25
Germany,10905.01,New,DE,0,Ecom,2024-07-26
Germany,287.29,New,DE,0,Stores,2024-07-26
Germany,4846.08,Returning,DE,0,Ecom,2024-07-26
Germany,368.95,Returning,DE,0,Stores,2024-07-26
Germany,6106.26,New,DE,0,Ecom,2024-07-27
Germany,1888.42,New,DE,0,Stores,2024-07-27
Germany,4869.84,Returning,DE,0,Ecom,2024-07-27
Germany,3574.74,Returning,DE,0,Stores,2024-07-27
Germany,884.82,New,DE,0,Ecom,2024-07-28
Germany,12019.84,New,DE,0,Stores,2024-07-28
Germany,3234.88,Returning,DE,0,Ecom,2024-07-28
Germany,184.23,Returning,DE,0,Stores,2024-07-28
Germany,4003.1,New,DE,0,Ecom,2024-07-29
Germany,5183.69,New,DE,0,Stores,2024-07-29
Germany,5825.29,Returning,DE,0,Ecom,2024-07-29
Germany,1621.81,Returning,DE,0,Stores,2024-07-29
Germany,4986.83,New,DE,0,Ecom,2024-07-30
Germany,5281.5,New,DE,0,Stores,2024-07-30
Germany,3297.64,Returning,DE,0,Ecom,2024-07-30
Germany,2861.53,Returning,DE,0,Stores,2024-07-30
Germany,2155.57,New,DE,0,Ecom,2024-07-31
Germany,5197.01,New,DE,0,Stores,2024-07-31
Germany,5413.97,Returning,DE,0,Ecom,2024-07-31
Germany,3628.49,Returning,DE,0,Stores,2024-07-31
Germany,5854.75,New,DE,0,Ecom,2024-08-01
Germany,8178.19,New,DE,0,Stores,2024-08-01
Germany,2251.45,Returning,DE,0,Ecom,2024-08-01
Germany,155.61,Returning,DE,0,Stores,2024-08-01
Germany,7664.81,New,DE,0,Ecom,2024-08-02
Germany,3658.01,New,DE,0,Stores,2024-08-02
Germany,4533.46,Returning,DE,0,Ecom,2024-08-02
Germany,525.11,Returning,DE,0,Stores,2024-08-02
Germany,4077.53,New,DE,0,Ecom,2024-08-03
Germany,4463.98,New,DE,0,Stores,2024-08-03
Germany,4861.13,Returning,DE,0,Ecom,2024-08-03
Germany,2949.26,Returning,DE,0,Stores,2024-08-03
Germany,1371.47,New,DE,0,Ecom,2024-08-04
Germany,5627.5,New,DE,0,Stores,2024-08-04
Germany,7394.92,Returning,DE,0,Ecom,2024-08-04
Germany,2106.61,Returning,DE,0,Stores,2024-08-04
Germany,5848.15,New,DE,0,Ecom,2024-08-05
Germany,4531.26,New,DE,0,Stores,2024-08-05
Germany,4027.67,Returning,DE,0,Ecom,2024-08-05
Germany,1912.02,Returning,DE,0,Stores,2024-08-05
Germany,3584.8,New,DE,0,Ecom,2024-08-06
Germany,8548.69,New,DE,0,Stores,2024-08-06
Germany,3490.1,Returning,DE,0,Ecom,2024-08-06
Germany,577.09,Returning,DE,0,Stores,2024-08-06
Germany,6193.39,New,DE,0,Ecom,2024-08-07
Germany,5668.67,New,DE,0,Stores,2024-08-07
Germany,4432.32,Returning,DE,0,Ecom,2024-08-07
Germany,61.74,Returning,DE,0,Stores,2024-08-07
Germany,3557.05,New,DE,0,Ecom,2024-08-08
Germany,7476.42,New,DE,0,Stores,2024-08-08
Germany,3420.58,Returning,DE,0,Ecom,2024-08-08
Germany,1817.14,Returning,DE,0,Stores,2024-08-08
Germany,3513.28,New,DE,0,Ecom,2024-08-09
Germany,2105.96,New,DE,0,Stores,2024-08-09
Germany,5263.25,Returning,DE,0,Ecom,2024-08-09
Germany,5360.76,Returning,DE,0,Stores,2024-08-09
Germany,5737.03,New,DE,0,Ecom,2024-08-10
Germany,6013.73,New,DE,0,Stores,2024-08-10
Germany,2160.67,Returning,DE,0,Ecom,2024-08-10
Germany,2266.56,Returning,DE,0,Stores,2024-08-10
Germany,10906.07,New,DE,0,Ecom,2024-08-11
Germany,2424.12,New,DE,0,Stores,2024-08-11
Germany,1947.88,Returning,DE,0,Ecom,2024-08-11
Germany,1039.24,Returning,DE,0,Stores,2024-08-11
Germany,5039.47,New,DE,0,Ecom,2024-08-12
Germany,7501.86,New,DE,0,Stores,2024-08-12
Germany,3504.62,Returning,DE,0,Ecom,2024-08-12
Germany,201.08,Returning,DE,0,Stores,2024-08-12
Germany,10756.55,New,DE,0,Ecom,2024-08-13
Germany,1363.21,New,DE,0,Stores,2024-08-13
Germany,3427.51,Returning,DE,0,Ecom,2024-08-13
Germany,759.02,Returning,DE,0,Stores,2024-08-13
Germany,3902.09,New,DE,0,Ecom,2024-08-14
Germany,1397.24,New,DE,0,Stores,2024-08-14
Germany,6906.27,Returning,DE,0,Ecom,2024-08-14
Germany,4016.28,Returning,DE,0,Stores,2024-08-14
Germany,6836.62,New,DE,0,Ecom,2024-08-15
Germany,6472.87,New,DE,0,Stores,2024-08-15
Germany,954.33,Returning,DE,0,Ecom,2024-08-15
Germany,1906.57,Returning,DE,0,Stores,2024-08-15
Germany,9014.52,New,DE,0,Ecom,2024-08-16
Germany,2335.18,New,DE,0,Stores,2024-08-16
Germany,1595.03,Returning,DE,0,Ecom,2024-08-16
Germany,3407.79,Returning,DE,0,Stores,2024-08-16
Germany,5971.47,New,DE,0,Ecom,2024-08-17
Germany,6702.85,New,DE,0,Stores,2024-08-17
Germany,3419.34,Returning,DE,0,Ecom,2024-08-17
Germany,98.24,Returning,DE,0,Stores,2024-08-17
Germany,6841.36,New,DE,0,Ecom,2024-08-18
Germany,1814.7,New,DE,0,Stores,2024-08-18
Germany,6798.07,Returning,DE,0,Ecom,2024-08-18
Germany,4733.82,Returning,DE,0,Stores,2024-08-18
Germany,6898.54,New,DE,0,Ecom,2024-08-19
Germany,6225.11,New,DE,0,Stores,2024-08-19
Germany,5468.49,Returning,DE,0,Ecom,2024-08-19
Germany,2572.4,Returning,DE,0,Stores,2024-08-19
Germany,9906.0,New,DE,0,Ecom,2024-08-20
Germany,7878.37,New,DE,0,Stores,2024-08-20
Germany,2097.06,Returning,DE,0,Ecom,2024-08-20
Germany,1743.6,Returning,DE,0,Stores,2024-08-20
Germany,10393.66,New,DE,0,Ecom,2024-08-21
Germany,2961.53,New,DE,0,Stores,2024-08-21
Germany,8035.74,Returning,DE,0,Ecom,2024-08-21
Germany,5734.64,Returning,DE,0,Stores,2024-08-21
Germany,4746.73,New,DE,0,Ecom,2024-08-22
Germany,5312.89,New,DE,0,Stores,2024-08-22
Germany,11601.56,Returning,DE,0,Ecom,2024-08-22
Germany,2714.96,Returning,DE,0,Stores,2024-08-22
Germany,9159.2,New,DE,0,Ecom,2024-08-23
Germany,4154.75,New,DE,0,Stores,2024-08-23
Germany,12299.43,Returning,DE,0,Ecom,2024-08-23
Germany,2991.04,Returning,DE,0,Stores,2024-08-23
Germany,7595.57,New,DE,0,Ecom,2024-08-24
Germany,3197.62,New,DE,0,Stores,2024-08-24
Germany,4421.49,Returning,DE,0,Ecom,2024-08-24
Germany,7352.43,Returning,DE,0,Stores,2024-08-24
Germany,8831.58,New,DE,0,Ecom,2024-08-25
Germany,2553.13,New,DE,0,Stores,2024-08-25
Germany,8260.68,Returning,DE,0,Ecom,2024-08-25
Germany,3576.03,Returning,DE,0,Stores,2024-08-25
Germany,9410.31,New,DE,0,Ecom,2024-08-26
Germany,1786.85,New,DE,0,Stores,2024-08-26
Germany,16509.27,Returning,DE,0,Ecom,2024-08-26
Germany,124.36,Returning,DE,0,Stores,2024-08-26
Germany,10516.4,New,DE,0,Ecom,2024-08-27
Germany,5823.12,New,DE,0,Stores,2024-08-27
Germany,5298.45,Returning,DE,0,Ecom,2024-08-27
Germany,1816.84,Returning,DE,0,Stores,2024-08-27
Germany,14164.74,New,DE,0,Ecom,2024-08-28
Germany,752.74,New,DE,0,Stores,2024-08-28
Germany,1956.56,Returning,DE,0,Ecom,2024-08-28
Germany,1980.78,Returning,DE,0,Stores,2024-08-28
Germany,5067.93,New,DE,0,Ecom,2024-08-29
Germany,7126.38,New,DE,0,Stores,2024-08-29
Germany,11155.36,Returning,DE,0,Ecom,2024-08-29
Germany,2140.46,Returning,DE,0,Stores,2024-08-29
Germany,6669.34,New,DE,0,Ecom,2024-08-30
Germany,11239.1,New,DE,0,Stores,2024-08-30
Germany,4246.87,Returning,DE,0,Ecom,2024-08-30
Germany,5569.4,Returning,DE,0,Stores,2024-08-30
Germany,6385.27,New,DE,0,Ecom,2024-08-31
Germany,12917.68,New,DE,0,Stores,2024-08-31
Germany,8495.76,Returning,DE,0,Ecom,2024-08-31
Germany,1883.3,Returning,DE,0,Stores,2024-08-31
Germany,2622.78,New,DE,0,Ecom,2024-09-01
Germany,7102.14,New,DE,0,Stores,2024-09-01
Germany,15061.52,Returning,DE,0,Ecom,2024-09-01
Germany,1190.89,Returning,DE,0,Stores,2024-09-01
Germany,11202.86,New,DE,0,Ecom,2024-09-02
Germany,1962.33,New,DE,0,Stores,2024-09-02
Germany,12499.42,Returning,DE,0,Ecom,2024-09-02
Germany,348.17,Returning,DE,0,Stores,2024-09-02
Germany,22947.96,New,DE,0,Ecom,2024-09-03
Germany,2131.96,New,DE,0,Stores,2024-09-03
Germany,1590.9,Returning,DE,0,Ecom,2024-09-03
Germany,1162.94,Returning,DE,0,Stores,2024-09-03
Germany,12302.61,New,DE,0,Ecom,2024-09-04
Germany,6221.46,New,DE,0,Stores,2024-09-04
Germany,4428.12,Returning,DE,0,Ecom,2024-09-04
Germany,1322.76,Returning,DE,0,Stores,2024-09-04
Germany,7890.21,New,DE,0,Ecom,2024-09-05
Germany,6700.29,New,DE,0,Stores,2024-09-05
Germany,2963.84,Returning,DE,0,Ecom,2024-09-05
Germany,1613.09,Returning,DE,0,Stores,2024-09-05
Germany,18245.03,New,DE,0,Ecom,2024-09-06
Germany,2066.83,New,DE,0,Stores,2024-09-06
Germany,2860.01,Returning,DE,0,Ecom,2024-09-06
Germany,2426.48,Returning,DE,0,Stores,2024-09-06
Germany,10594.18,New,DE,0,Ecom,2024-09-07
Germany,4090.35,New,DE,0,Stores,2024-09-07
Germany,7167.14,Returning,DE,0,Ecom,2024-09-07
Germany,4722.5,Returning,DE,0,Stores,2024-09-07
Germany,13504.54,New,DE,0,Ecom,2024-09-08
Germany,4094.38,New,DE,0,Stores,2024-09-08
Germany,8476.55,Returning,DE,0,Ecom,2024-09-08
Germany,219.19,Returning,DE,0,Stores,2024-09-08
Germany,5064.07,New,DE,0,Ecom,2024-09-09
Germany,9718.39,New,DE,0,Stores,2024-09-09
Germany,2138.47,Returning,DE,0,Ecom,2024-09-09
Germany,4183.0,Returning,DE,0,Stores,2024-09-09
Germany,8690.3,New,DE,0,Ecom,2024-09-10
Germany,3928.22,New,DE,0,Stores,2024-09-10
Germany,5079.41,Returning,DE,0,Ecom,2024-09-10
Germany,2680.36,Returning,DE,0,Stores,2024-09-10
Germany,6320.84,New,DE,0,Ecom,2024-09-11
Germany,3299.26,New,DE,0,Stores,2024-09-11
Germany,14757.5,Returning,DE,0,Ecom,2024-09-11
Germany,1400.81,Returning,DE,0,Stores,2024-09-11
Germany,8298.56,New,DE,0,Ecom,2024-09-12
Germany,8263.45,New,DE,0,Stores,2024-09-12
Germany,3898.2,Returning,DE,0,Ecom,2024-09-12
Germany,4434.61,Returning,DE,0,Stores,2024-09-12
Germany,4207.38,New,DE,0,Ecom,2024-09-13
Germany,13876.64,New,DE,0,Stores,2024-09-13
Germany,1848.65,Returning,DE,0,Ecom,2024-09-13
Germany,14695.15,Returning,DE,0,Stores,2024-09-13
Germany,2378.1,New,DE,0,Ecom,2024-09-14
Germany,10158.27,New,DE,0,Stores,2024-09-14
Germany,4383.2,Returning,DE,0,Ecom,2024-09-14
Germany,7511.1,Returning,DE,0,Stores,2024-09-14
Germany,9405.08,New,DE,0,Ecom,2024-09-15
Germany,2598.68,New,DE,0,Stores,2024-09-15
Germany,5512.19,Returning,DE,0,Ecom,2024-09-15
Germany,7673.2,Returning,DE,0,Stores,2024-09-15
Germany,10677.78,New,DE,0,Ecom,2024-09-16
Germany,5453.97,New,DE,0,Stores,2024-09-16
Germany,4978.22,Returning,DE,0,Ecom,2024-09-16
Germany,4787.31,Returning,DE,0,Stores,2024-09-16
Germany,13031.22,New,DE,0,Ecom,2024-09-17
Germany,3050.4,New,DE,0,Stores,2024-09-17
Germany,3483.09,Returning,DE,0,Ecom,2024-09-17
Germany,1975.97,Returning,DE,0,Stores,2024-09-17
Germany,8091.92,New,DE,0,Ecom,2024-09-18
Germany,8867.19,New,DE,0,Stores,2024-09-18
Germany,2380.62,Returning,DE,0,Ecom,2024-09-18
Germany,7438.03,Returning,DE,0,Stores,2024-09-18
Germany,5378.85,New,DE,0,Ecom,2024-09-19
Germany,6422.07,New,DE,0,Stores,2024-09-19
Germany,5159.73,Returning,DE,0,Ecom,2024-09-19
Germany,8120.82,Returning,DE,0,Stores,2024-09-19
Germany,19659.28,New,DE,0,Ecom,2024-09-20
Germany,3627.59,New,DE,0,Stores,2024-09-20
Germany,4365.24,Returning,DE,0,Ecom,2024-09-20
Germany,1316.31,Returning,DE,0,Stores,2024-09-20
Germany,1926.33,New,DE,0,Ecom,2024-09-21
Germany,8261.89,New,DE,0,Stores,2024-09-21
Germany,5166.76,Returning,DE,0,Ecom,2024-09-21
Germany,11007.41,Returning,DE,0,Stores,2024-09-21
Germany,1234.67,New,DE,0,Ecom,2024-09-22
Germany,6681.61,New,DE,0,Stores,2024-09-22
Germany,8315.51,Returning,DE,0,Ecom,2024-09-22
Germany,6698.24,Returning,DE,0,Stores,2024-09-22
Germany,6152.13,New,DE,0,Ecom,2024-09-23
Germany,15474.49,New,DE,0,Stores,2024-09-23
Germany,1922.09,Returning,DE,0,Ecom,2024-09-23
Germany,1719.46,Returning,DE,0,Stores,2024-09-23
Germany,4962.29,New,DE,0,Ecom,2024-09-24
Germany,4324.09,New,DE,0,Stores,2024-09-24
Germany,11645.77,Returning,DE,0,Ecom,2024-09-24
Germany,1413.45,Returning,DE,0,Stores,2024-09-24
Germany,7479.57,New,DE,0,Ecom,2024-09-25
Germany,7642.9,New,DE,0,Stores,2024-09-25
Germany,7083.97,Returning,DE,0,Ecom,2024-09-25
Germany,389.68,Returning,DE,0,Stores,2024-09-25
Germany,9108.09,New,DE,0,Ecom,2024-09-26
Germany,5546.18,New,DE,0,Stores,2024-09-26
Germany,12117.26,Returning,DE,0,Ecom,2024-09-26
Germany,1557.82,Returning,DE,0,Stores,2024-09-26
Germany,6322.71,New,DE,0,Ecom,2024-09-27
Germany,8709.84,New,DE,0,Stores,2024-09-27
Germany,11196.09,Returning,DE,0,Ecom,2024-09-27
Germany,1343.24,Returning,DE,0,Stores,2024-09-27
Germany,9790.3,New,DE,0,Ecom,2024-09-28
Germany,3987.36,New,DE,0,Stores,2024-09-28
Germany,9013.91,Returning,DE,0,Ecom,2024-09-28
Germany,6145.1,Returning,DE,0,Stores,2024-09-28
Germany,13322.75,New,DE,0,Ecom,2024-09-29
Germany,4618.24,New,DE,0,Stores,2024-09-29
Germany,8273.15,Returning,DE,0,Ecom,2024-09-29
Germany,1874.94,Returning,DE,0,Stores,2024-09-29
Germany,5915.31,New,DE,0,Ecom,2024-09-30
Germany,2384.16,New,DE,0,Stores,2024-09-30
Germany,8257.06,Returning,DE,0,Ecom,2024-09-30
Germany,7131.88,Returning,DE,0,Stores,2024-09-30
Germany,8045.12,New,DE,0,Ecom,2024-10-01
Germany,7457.31,New,DE,0,Stores,2024-10-01
Germany,5736.3,Returning,DE,0,Ecom,2024-10-01
Germany,347.8,Returning,DE,0,Stores,2024-10-01
Germany,8609.59,New,DE,0,Ecom,2024-10-02
Germany,6771.16,New,DE,0,Stores,2024-10-02
Germany,3645.67,Returning,DE,0,Ecom,2024-10-02
Germany,5006.8,Returning,DE,0,Stores,2024-10-02
Germany,8388.41,New,DE,0,Ecom,2024-10-03
Germany,5385.39,New,DE,0,Stores,2024-10-03
Germany,4381.87,Returning,DE,0,Ecom,2024-10-03
Germany,478.55,Returning,DE,0,Stores,2024-10-03
Germany,8345.67,New,DE,0,Ecom,2024-10-04
Germany,1411.7,New,DE,0,Stores,2024-10-04
Germany,6942.29,Returning,DE,0,Ecom,2024-10-04
Germany,5555.81,Returning,DE,0,Stores,2024-10-04
Germany,8366.34,New,DE,0,Ecom,2024-10-05
Germany,4372.3,New,DE,0,Stores,2024-10-05
Germany,7858.93,Returning,DE,0,Ecom,2024-10-05
Germany,3302.68,Returning,DE,0,Stores,2024-10-05
Germany,3906.67,New,DE,0,Ecom,2024-10-06
Germany,10673.89,New,DE,0,Stores,2024-10-06
Germany,3378.01,Returning,DE,0,Ecom,2024-10-06
Germany,6127.77,Returning,DE,0,Stores,2024-10-06
Germany,13915.0,New,DE,0,Ecom,2024-10-07
Germany,5407.69,New,DE,0,Stores,2024-10-07
Germany,929.41,Returning,DE,0,Ecom,2024-10-07
Germany,4025.23,Returning,DE,0,Stores,2024-10-07
Germany,3201.26,New,DE,0,Ecom,2024-10-08
Germany,8524.75,New,DE,0,Stores,2024-10-08
Germany,14814.07,Returning,DE,0,Ecom,2024-10-08
Germany,1730.28,Returning,DE,0,Stores,2024-10-08
Germany,7945.29,New,DE,0,Ecom,2024-10-09
Germany,4687.19,New,DE,0,Stores,2024-10-09
Germany,9837.59,Returning,DE,0,Ecom,2024-10-09
Germany,475.32,Returning,DE,0,Stores,2024-10-09
Germany,6994.11,New,DE,0,Ecom,2024-10-10
Germany,6471.86,New,DE,0,Stores,2024-10-10
Germany,8535.75,Returning,DE,0,Ecom,2024-10-10
Germany,5099.25,Returning,DE,0,Stores,2024-10-10
Germany,12519.59,New,DE,0,Ecom,2024-10-11
Germany,9442.46,New,DE,0,Stores,2024-10-11
Germany,372.39,Returning,DE,0,Ecom,2024-10-11
Germany,1730.75,Returning,DE,0,Stores,2024-10-11
Germany,10826.83,New,DE,0,Ecom,2024-10-12
Germany,4736.14,New,DE,0,Stores,2024-10-12
Germany,5638.96,Returning,DE,0,Ecom,2024-10-12
Germany,1641.37,Returning,DE,0,Stores,2024-10-12
Germany,8478.52,New,DE,0,Ecom,2024-10-13
Germany,2271.25,New,DE,0,Stores,2024-10-13
Germany,7939.2,Returning,DE,0,Ecom,2024-10-13
Germany,1384.22,Returning,DE,0,Stores,2024-10-13
Germany,5141.04,New,DE,0,Ecom,2024-10-14
Germany,2533.18,New,DE,0,Stores,2024-10-14
Germany,15989.47,Returning,DE,0,Ecom,2024-10-14
Germany,1878.36,Returning,DE,0,Stores,2024-10-14
Germany,2606.54,New,DE,0,Ecom,2024-10-15
Germany,6896.93,New,DE,0,Stores,2024-10-15
Germany,5824.68,Returning,DE,0,Ecom,2024-10-15
Germany,6359.46,Returning,DE,0,Stores,2024-10-15
Germany,3032.96,New,DE,0,Ecom,2024-10-16
Germany,2519.54,New,DE,0,Stores,2024-10-16
Germany,17248.46,Returning,DE,0,Ecom,2024-10-16
Germany,2809.08,Returning,DE,0,Stores,2024-10-16
Germany,7999.76,New,DE,0,Ecom,2024-10-17
Germany,10428.05,New,DE,0,Stores,2024-10-17
Germany,4636.14,Returning,DE,0,Ecom,2024-10-17
Germany,1142.76,Returning,DE,0,Stores,2024-10-17
Germany,5450.17,New,DE,0,Ecom,2024-10-18
Germany,16057.87,New,DE,0,Stores,2024-10-18
Germany,3130.91,Returning,DE,0,Ecom,2024-10-18
Germany,2458.15,Returning,DE,0,Stores,2024-10-18
Germany,16110.53,New,DE,0,Ecom,2024-10-19
Germany,12823.06,New,DE,0,Stores,2024-10-19
Germany,5511.75,Returning,DE,0,Ecom,2024-10-19
Germany,2441.83,Returning,DE,0,Stores,2024-10-19
Germany,7177.72,New,DE,0,Ecom,2024-10-20
Germany,2245.46,New,DE,0,Stores,2024-10-20
Germany,9364.25,Returning,DE,0,Ecom,2024-10-20
Germany,6476.96,Returning,DE,0,Stores,2024-10-20
Germany,12386.67,New,DE,0,Ecom,2024-10-21
Germany,8613.43,New,DE,0,Stores,2024-10-21
Germany,3030.38,Returning,DE,0,Ecom,2024-10-21
Germany,196.86,Returning,DE,0,Stores,2024-10-21
Germany,14564.8,New,DE,0,Ecom,2024-10-22
Germany,3308.79,New,DE,0,Stores,2024-10-22
Germany,4539.99,Returning,DE,0,Ecom,2024-10-22
Germany,857.4,Returning,DE,0,Stores,2024-10-22
Germany,9160.07,New,DE,0,Ecom,2024-10-23
Germany,8901.93,New,DE,0,Stores,2024-10-23
Germany,990.84,Returning,DE,0,Ecom,2024-10-23
Germany,8305.87,Returning,DE,0,Stores,2024-10-23
Germany,7066.69,New,DE,0,Ecom,2024-10-24
Germany,11987.85,New,DE,0,Stores,2024-10-24
Germany,1231.73,Returning,DE,0,Ecom,2024-10-24
Germany,479.84,Returning,DE,0,Stores,2024-10-24
Germany,10827.11,New,DE,0,Ecom,2024-10-25
Germany,6334.47,New,DE,0,Stores,2024-10-25
Germany,5022.71,Returning,DE,0,Ecom,2024-10-25
Germany,261.29,Returning,DE,0,Stores,2024-10-25
Germany,14523.14,New,DE,0,Ecom,2024-10-26
Germany,2731.83,New,DE,0,Stores,2024-10-26
Germany,5994.92,Returning,DE,0,Ecom,2024-10-26
Germany,2153.29,Returning,DE,0,Stores,2024-10-26
Germany,15360.7,New,DE,0,Ecom,2024-10-27
Germany,3405.85,New,DE,0,Stores,2024-10-27
Germany,6807.39,Returning,DE,0,Ecom,2024-10-27
Germany,203.78,Returning,DE,0,Stores,2024-10-27
Germany,4881.38,New,DE,0,Ecom,2024-10-28
Germany,10796.89,New,DE,0,Stores,2024-10-28
Germany,10311.87,Returning,DE,0,Ecom,2024-10-28
Germany,488.86,Returning,DE,0,Stores,2024-10-28
Germany,7041.6,New,DE,0,Ecom,2024-10-29
Germany,8414.5,New,DE,0,Stores,2024-10-29
Germany,8386.28,Returning,DE,0,Ecom,2024-10-29
Germany,1530.91,Returning,DE,0,Stores,2024-10-29
Germany,10397.94,New,DE,0,Ecom,2024-10-30
Germany,8812.89,New,DE,0,Stores,2024-10-30
Germany,3361.52,Returning,DE,0,Ecom,2024-10-30
Germany,2205.06,Returning,DE,0,Stores,2024-10-30
Germany,4504.5,New,DE,0,Ecom,2024-10-31
Germany,11985.51,New,DE,0,Stores,2024-10-31
Germany,4688.3,Returning,DE,0,Ecom,2024-10-31
Germany,3743.18,Returning,DE,0,Stores,2024-10-31
Germany,10629.55,New,DE,0,Ecom,2024-11-01
Germany,1063.26,New,DE,0,Stores,2024-11-01
Germany,13463.87,Returning,DE,0,Ecom,2024-11-01
Germany,4668.9,Returning,DE,0,Stores,2024-11-01
Germany,6197.36,New,DE,0,Ecom,2024-11-02
Germany,11549.32,New,DE,0,Stores,2024-11-02
Germany,5295.95,Returning,DE,0,Ecom,2024-11-02
Germany,135.26,Returning,DE,0,Stores,2024-11-02
Germany,5452.59,New,DE,0,Ecom,2024-11-03
Germany,8348.28,New,DE,0,Stores,2024-11-03
Germany,8516.07,Returning,DE,0,Ecom,2024-11-03
Germany,1109.56,Returning,DE,0,Stores,2024-11-03
Germany,11419.3,New,DE,0,Ecom,2024-11-04
Germany,5276.68,New,DE,0,Stores,2024-11-04
Germany,2688.46,Returning,DE,0,Ecom,2024-11-04
Germany,3294.7,Returning,DE,0,Stores,2024-11-04
Germany,7801.96,New,DE,0,Ecom,2024-11-05
Germany,6608.31,New,DE,0,Stores,2024-11-05
Germany,7073.92,Returning,DE,0,Ecom,2024-11-05
Germany,2146.6,Returning,DE,0,Stores,2024-11-05
Germany,8296.67,New,DE,0,Ecom,2024-11-06
Germany,5381.4,New,DE,0,Stores,2024-11-06
Germany,7157.68,Returning,DE,0,Ecom,2024-11-06
Germany,1757.25,Returning,DE,0,Stores,2024-11-06
Germany,11720.35,New,DE,0,Ecom,2024-11-07
Germany,7331.62,New,DE,0,Stores,2024-11-07
Germany,2553.14,Returning,DE,0,Ecom,2024-11-07
Germany,2443.33,Returning,DE,0,Stores,2024-11-07
Germany,3277.5,New,DE,0,Ecom,2024-11-08
Germany,5624.18,New,DE,0,Stores,2024-11-08
Germany,7374.35,Returning,DE,0,Ecom,2024-11-08
Germany,2812.59,Returning,DE,0,Stores,2024-11-08
Germany,13232.86,New,DE,0,Ecom,2024-11-09
Germany,4291.15,New,DE,0,Stores,2024-11-09
Germany,5160.31,Returning,DE,0,Ecom,2024-11-09
Germany,874.56,Returning,DE,0,Stores,2024-11-09
Germany,12521.23,New,DE,0,Ecom,2024-11-10
Germany,3612.94,New,DE,0,Stores,2024-11-10
Germany,5395.68,Returning,DE,0,Ecom,2024-11-10
Germany,6628.47,Returning,DE,0,Stores,2024-11-10
Germany,2848.99,New,DE,0,Ecom,2024-11-11
Germany,4353.99,New,DE,0,Stores,2024-11-11
Germany,17556.13,Returning,DE,0,Ecom,2024-11-11
Germany,642.96,Returning,DE,0,Stores,2024-11-11
Germany,13830.48,New,DE,0,Ecom,2024-11-12
Germany,5707.22,New,DE,0,Stores,2024-11-12
Germany,3943.48,Returning,DE,0,Ecom,2024-11-12
Germany,128.14,Returning,DE,0,Stores,2024-11-12
Germany,7212.96,New,DE,0,Ecom,2024-11-13
Germany,9122.05,New,DE,0,Stores,2024-11-13
Germany,3362.18,Returning,DE,0,Ecom,2024-11-13
Germany,4980.02,Returning,DE,0,Stores,2024-11-13
Germany,11807.31,New,DE,0,Ecom,2024-11-14
Germany,3443.16,New,DE,0,Stores,2024-11-14
Germany,4756.12,Returning,DE,0,Ecom,2024-11-14
Germany,6247.61,Returning,DE,0,Stores,2024-11-14
Germany,16074.91,New,DE,0,Ecom,2024-11-15
Germany,1513.91,New,DE,0,Stores,2024-11-15
Germany,5337.36,Returning,DE,0,Ecom,2024-11-15
Germany,4791.78,Returning,DE,0,Stores,2024-11-15
Germany,13395.1,New,DE,0,Ecom,2024-11-16
Germany,3544.39,New,DE,0,Stores,2024-11-16
Germany,9284.44,Returning,DE,0,Ecom,2024-11-16
Germany,550.0,Returning,DE,0,Stores,2024-11-16
Germany,11454.26,New,DE,0,Ecom,2024-11-17
Germany,10513.75,New,DE,0,Stores,2024-11-17
Germany,5688.52,Returning,DE,0,Ecom,2024-11-17
Germany,502.07,Returning,DE,0,Stores,2024-11-17
Germany,7845.75,New,DE,0,Ecom,2024-11-18
Germany,9604.06,New,DE,0,Stores,2024-11-18
Germany,5504.79,Returning,DE,0,Ecom,2024-11-18
Germany,184.91,Returning,DE,0,Stores,2024-11-18
Germany,5802.36,New,DE,0,Ecom,2024-11-19
Germany,12596.83,New,DE,0,Stores,2024-11-19
Germany,7882.06,Returning,DE,0,Ecom,2024-11-19
Germany,3761.3,Returning,DE,0,Stores,2024-11-19
Germany,12702.61,New,DE,0,Ecom,2024-11-20
Germany,3482.79,New,DE,0,Stores,2024-11-20
Germany,9072.06,Returning,DE,0,Ecom,2024-11-20
Germany,95.76,Returning,DE,0,Stores,2024-11-20
Germany,15988.25,New,DE,0,Ecom,2024-11-21
Germany,5011.94,New,DE,0,Stores,2024-11-21
Germany,6407.35,Returning,DE,0,Ecom,2024-11-21
Germany,1729.83,Returning,DE,0,Stores,2024-11-21
Germany,7707.3,New,DE,0,Ecom,2024-11-22
Germany,4521.48,New,DE,0,Stores,2024-11-22
Germany,12156.96,Returning,DE,0,Ecom,2024-11-22
Germany,2834.05,Returning,DE,0,Stores,2024-11-22
Germany,5538.57,New,DE,0,Ecom,2024-11-23
Germany,10985.65,New,DE,0,Stores,2024-11-23
Germany,5397.02,Returning,DE,0,Ecom,2024-11-23
Germany,2839.28,Returning,DE,0,Stores,2024-11-23
Germany,7321.38,New,DE,0,Ecom,2024-11-24
Germany,8795.26,New,DE,0,Stores,2024-11-24
Germany,12170.49,Returning,DE,0,Ecom,2024-11-24
Germany,3580.76,Returning,DE,0,Stores,2024-11-24
Germany,9656.65,New,DE,0,Ecom,2024-11-25
Germany,9437.77,New,DE,0,Stores,2024-11-25
Germany,5357.34,Returning,DE,0,Ecom,2024-11-25
Germany,1011.36,Returning,DE,0,Stores,2024-11-25
Germany,10445.4,New,DE,0,Ecom,2024-11-26
Germany,3072.1,New,DE,0,Stores,2024-11-26
Germany,2229.73,Returning,DE,0,Ecom,2024-11-26
Germany,8577.81,Returning,DE,0,Stores,2024-11-26
Germany,6536.74,New,DE,0,Ecom,2024-11-27
Germany,9031.52,New,DE,0,Stores,2024-11-27
Germany,6959.08,Returning,DE,0,Ecom,2024-11-27
Germany,1070.11,Returning,DE,0,Stores,2024-11-27
Germany,16994.79,New,DE,0,Ecom,2024-11-28
Germany,2682.74,New,DE,0,Stores,2024-11-28
Germany,870.26,Returning,DE,0,Ecom,2024-11-28
Germany,2406.01,Returning,DE,0,Stores,2024-11-28
Germany,10123.78,New,DE,0,Ecom,2024-11-29
Germany,3406.06,New,DE,0,Stores,2024-11-29
Germany,7532.55,Returning,DE,0,Ecom,2024-11-29
Germany,1084.9,Returning,DE,0,Stores,2024-11-29
Germany,7735.35,New,DE,0,Ecom,2024-11-30
Germany,1576.93,New,DE,0,Stores,2024-11-30
Germany,12430.81,Returning,DE,0,Ecom,2024-11-30
Germany,1723.58,Returning,DE,0,Stores,2024-11-30
Germany,14489.83,New,DE,0,Ecom,2024-12-01
Germany,3387.92,New,DE,0,Stores,2024-12-01
Germany,2080.55,Returning,DE,0,Ecom,2024-12-01
Germany,5751.9,Returning,DE,0,Stores,2024-12-01
Germany,8451.31,New,DE,0,Ecom,2024-12-02
Germany,3144.55,New,DE,0,Stores,2024-12-02
Germany,2982.19,Returning,DE,0,Ecom,2024-12-02
Germany,6021.59,Returning,DE,0,Stores,2024-12-02
Germany,12081.85,New,DE,0,Ecom,2024-12-03
Germany,4158.81,New,DE,0,Stores,2024-12-03
Germany,5116.65,Returning,DE,0,Ecom,2024-12-03
Germany,3361.06,Returning,DE,0,Stores,2024-12-03
Germany,7889.36,New,DE,0,Ecom,2024-12-04
Germany,4876.36,New,DE,0,Stores,2024-12-04
Germany,8388.92,Returning,DE,0,Ecom,2024-12-04
Germany,4636.28,Returning,DE,0,Stores,2024-12-04
Germany,10436.88,New,DE,0,Ecom,2024-12-05
Germany,7346.31,New,DE,0,Stores,2024-12-05
Germany,6048.44,Returning,DE,0,Ecom,2024-12-05
Germany,1333.98,Returning,DE,0,Stores,2024-12-05
Germany,16187.52,New,DE,0,Ecom,2024-12-06
Germany,4206.57,New,DE,0,Stores,2024-12-06
Germany,3377.0,Returning,DE,0,Ecom,2024-12-06
Germany,2196.67,Returning,DE,0,Stores,2024-12-06
Germany,6860.08,New,DE,0,Ecom,2024-12-07
Germany,9950.03,New,DE,0,Stores,2024-12-07
Germany,7776.14,Returning,DE,0,Ecom,2024-12-07
Germany,337.7,Returning,DE,0,Stores,2024-12-07
Germany,12498.82,New,DE,0,Ecom,2024-12-08
Germany,6843.42,New,DE,0,Stores,2024-12-08
Germany,281.55,Returning,DE,0,Ecom,2024-12-08
Germany,4704.26,Returning,DE,0,Stores,2024-12-08
Germany,14486.54,New,DE,0,Ecom,2024-12-09
Germany,2360.35,New,DE,0,Stores,2024-12-09
Germany,12344.2,Returning,DE,0,Ecom,2024-12-09
Germany,572.26,Returning,DE,0,Stores,2024-12-09
Germany,4597.05,New,DE,0,Ecom,2024-12-10
Germany,8644.58,New,DE,0,Stores,2024-12-10
Germany,7674.64,Returning,DE,0,Ecom,2024-12-10
Germany,6672.61,Returning,DE,0,Stores,2024-12-10
Germany,5995.31,New,DE,0,Ecom,2024-12-11
Germany,1761.3,New,DE,0,Stores,2024-12-11
Germany,17195.92,Returning,DE,0,Ecom,2024-12-11
Germany,3556.87,Returning,DE,0,Stores,2024-12-11
Germany,6395.11,New,DE,0,Ecom,2024-12-12
Germany,8289.25,New,DE,0,Stores,2024-12-12
Germany,4313.97,Returning,DE,0,Ecom,2024-12-12
Germany,3508.22,Returning,DE,0,Stores,2024-12-12
Germany,7691.55,New,DE,0,Ecom,2024-12-13
Germany,1834.99,New,DE,0,Stores,2024-12-13
Germany,10078.7,Returning,DE,0,Ecom,2024-12-13
Germany,1808.39,Returning,DE,0,Stores,2024-12-13
Germany,5826.08,New,DE,0,Ecom,2024-12-14
Germany,7246.83,New,DE,0,Stores,2024-12-14
Germany,3844.24,Returning,DE,0,Ecom,2024-12-14
Germany,5916.36,Returning,DE,0,Stores,2024-12-14
Germany,4152.88,New,DE,0,Ecom,2024-12-15
Germany,12992.19,New,DE,0,Stores,2024-12-15
Germany,6833.42,Returning,DE,0,Ecom,2024-12-15
Germany,1330.69,Returning,DE,0,Stores,2024-12-15
Germany,12404.73,New,DE,0,Ecom,2024-12-16
Germany,5794.35,New,DE,0,Stores,2024-12-16
Germany,4980.45,Returning,DE,0,Ecom,2024-12-16
Germany,3057.15,Returning,DE,0,Stores,2024-12-16
Germany,11850.51,New,DE,0,Ecom,2024-12-17
Germany,915.84,New,DE,0,Stores,2024-12-17
Germany,7411.7,Returning,DE,0,Ecom,2024-12-17
Germany,6933.9,Returning,DE,0,Stores,2024-12-17
Germany,9661.4,New,DE,0,Ecom,2024-12-18
Germany,1297.48,New,DE,0,Stores,2024-12-18
Germany,6296.84,Returning,DE,0,Ecom,2024-12-18
Germany,5516.97,Returning,DE,0,Stores,2024-12-18
Germany,11375.78,New,DE,0,Ecom,2024-12-19
Germany,3155.56,New,DE,0,Stores,2024-12-19
Germany,6398.76,Returning,DE,0,Ecom,2024-12-19
Germany,5245.92,Returning,DE,0,Stores,2024-12-19
Germany,6818.09,New,DE,0,Ecom,2024-12-20
Germany,5152.67,New,DE,0,Stores,2024-12-20
Germany,6668.32,Returning,DE,0,Ecom,2024-12-20
Germany,3611.2,Returning,DE,0,Stores,2024-12-20
Germany,5340.82,New,DE,0,Ecom,2024-12-21
Germany,5772.13,New,DE,0,Stores,2024-12-21
Germany,8617.05,Returning,DE,0,Ecom,2024-12-21
Germany,5319.65,Returning,DE,0,Stores,2024-12-21
Germany,7925.79,New,DE,0,Ecom,2024-12-22
Germany,8588.74,New,DE,0,Stores,2024-12-22
Germany,7364.38,Returning,DE,0,Ecom,2024-12-22
Germany,387.38,Returning,DE,0,Stores,2024-12-22
Germany,14939.12,New,DE,0,Ecom,2024-12-23
Germany,7130.22,New,DE,0,Stores,2024-12-23
Germany,1259.29,Returning,DE,0,Ecom,2024-12-23
Germany,757.96,Returning,DE,0,Stores,2024-12-23
Germany,10330.96,New,DE,0,Ecom,2024-12-24
Germany,10682.56,New,DE,0,Stores,2024-12-24
Germany,5698.04,Returning,DE,0,Ecom,2024-12-24
Germany,2207.08,Returning,DE,0,Stores,2024-12-24
Germany,10086.78,New,DE,0,Ecom,2024-12-25
Germany,4526.81,New,DE,0,Stores,2024-12-25
Germany,6135.09,Returning,DE,0,Ecom,2024-12-25
Germany,3912.86,Returning,DE,0,Stores,2024-12-25
Germany,14370.78,New,DE,0,Ecom,2024-12-26
Germany,1773.57,New,DE,0,Stores,2024-12-26
Germany,8966.77,Returning,DE,0,Ecom,2024-12-26
Germany,508.69,Returning,DE,0,Stores,2024-12-26
Germany,6467.11,New,DE,0,Ecom,2024-12-27
Germany,9738.37,New,DE,0,Stores,2024-12-27
Germany,4428.7,Returning,DE,0,Ecom,2024-12-27
Germany,5891.02,Returning,DE,0,Stores,2024-12-27
Germany,8539.14,New,DE,0,Ecom,2024-12-28
Germany,5533.96,New,DE,0,Stores,2024-12-28
Germany,2147.24,Returning,DE,0,Ecom,2024-12-28
Germany,7291.49,Returning,DE,0,Stores,2024-12-28
Germany,7422.15,New,DE,0,Ecom,2024-12-29
Germany,4230.35,New,DE,0,Stores,2024-12-29
Germany,6174.77,Returning,DE,0,Ecom,2024-12-29
Germany,10598.09,Returning,DE,0,Stores,2024-12-29
Germany,8142.07,New,DE,0,Ecom,2024-12-30
Germany,15051.66,New,DE,0,Stores,2024-12-30
Germany,3475.7,Returning,DE,0,Ecom,2024-12-30
Germany,97.23,Returning,DE,0,Stores,2024-12-30
Germany,6704.08,New,DE,0,Ecom,2024-12-31
Germany,6839.26,New,DE,0,Stores,2024-12-31
Germany,13790.07,Returning,DE,0,Ecom,2024-12-31
Germany,2031.95,Returning,DE,0,Stores,2024-12-31
Germany,3222.02,New,DE,0,Ecom,2025-01-01
Germany,18389.37,New,DE,0,Stores,2025-01-01
Germany,1869.53,Returning,DE,0,Ecom,2025-01-01
Germany,3697.47,Returning,DE,0,Stores,2025-01-01
Germany,3812.2,New,DE,0,Ecom,2025-01-02
Germany,12412.34,New,DE,0,Stores,2025-01-02
Germany,8777.51,Returning,DE,0,Ecom,2025-01-02
Germany,3372.05,Returning,DE,0,Stores,2025-01-02
Germany,11003.18,New,DE,0,Ecom,2025-01-03
Germany,1912.91,New,DE,0,Stores,2025-01-03
Germany,14968.05,Returning,DE,0,Ecom,2025-01-03
Germany,4335.53,Returning,DE,0,Stores,2025-01-03
Germany,10670.59,New,DE,0,Ecom,2025-01-04
Germany,1434.66,New,DE,0,Stores,2025-01-04
Germany,8085.95,Returning,DE,0,Ecom,2025-01-04
Germany,6000.37,Returning,DE,0,Stores,2025-01-04
Germany,7827.27,New,DE,0,Ecom,2025-01-05
Germany,8750.7,New,DE,0,Stores,2025-01-05
Germany,1760.53,Returning,DE,0,Ecom,2025-01-05
Germany,5850.04,Returning,DE,0,Stores,2025-01-05
Germany,11618.25,New,DE,0,Ecom,2025-01-06
Germany,3965.02,New,DE,0,Stores,2025-01-06
Germany,9833.77,Returning,DE,0,Ecom,2025-01-06
Germany,141.42,Returning,DE,0,Stores,2025-01-06
Germany,12661.59,New,DE,0,Ecom,2025-01-07
Germany,4092.03,New,DE,0,Stores,2025-01-07
Germany,5462.33,Returning,DE,0,Ecom,2025-01-07
Germany,2374.13,Returning,DE,0,Stores,2025-01-07
Germany,7097.91,New,DE,0,Ecom,2025-01-08
Germany,14928.22,New,DE,0,Stores,2025-01-08
Germany,7211.45,Returning,DE,0,Ecom,2025-01-08
Germany,1354.09,Returning,DE,0,Stores,2025-01-08
Germany,13387.2,New,DE,0,Ecom,2025-01-09
Germany,2764.0,New,DE,0,Stores,2025-01-09
Germany,5568.34,Returning,DE,0,Ecom,2025-01-09
Germany,6636.81,Returning,DE,0,Stores,2025-01-09
Germany,14053.17,New,DE,0,Ecom,2025-01-10
Germany,6026.98,New,DE,0,Stores,2025-01-10
Germany,10057.17,Returning,DE,0,Ecom,2025-01-10
Germany,1063.7,Returning,DE,0,Stores,2025-01-10
Germany,12747.17,New,DE,0,Ecom,2025-01-11
Germany,6741.24,New,DE,0,Stores,2025-01-11
Germany,4953.23,Returning,DE,0,Ecom,2025-01-11
Germany,5658.05,Returning,DE,0,Stores,2025-01-11
Germany,11828.29,New,DE,0,Ecom,2025-01-12
Germany,2866.95,New,DE,0,Stores,2025-01-12
Germany,12063.62,Returning,DE,0,Ecom,2025-01-12
Germany,4790.36,Returning,DE,0,Stores,2025-01-12
Germany,20728.81,New,DE,0,Ecom,2025-01-13
Germany,4678.04,New,DE,0,Stores,2025-01-13
Germany,1489.85,Returning,DE,0,Ecom,2025-01-13
Germany,3263.82,Returning,DE,0,Stores,2025-01-13
Germany,9318.71,New,DE,0,Ecom,2025-01-14
Germany,2435.3,New,DE,0,Stores,2025-01-14
Germany,8286.96,Returning,DE,0,Ecom,2025-01-14
Germany,5410.1,Returning,DE,0,Stores,2025-01-14
Germany,15691.62,New,DE,0,Ecom,2025-01-15
Germany,5834.23,New,DE,0,Stores,2025-01-15
Germany,5635.22,Returning,DE,0,Ecom,2025-01-15
Germany,2880.13,Returning,DE,0,Stores,2025-01-15
Germany,2231.46,New,DE,0,Ecom,2025-01-16
Germany,14289.85,New,DE,0,Stores,2025-01-16
Germany,12227.1,Returning,DE,0,Ecom,2025-01-16
Germany,1906.8,Returning,DE,0,Stores,2025-01-16
Germany,2952.26,New,DE,0,Ecom,2025-01-17
Germany,4597.83,New,DE,0,Stores,2025-01-17
Germany,13949.19,Returning,DE,0,Ecom,2025-01-17
Germany,11361.17,Returning,DE,0,Stores,2025-01-17
Germany,12116.61,New,DE,0,Ecom,2025-01-18
Germany,9336.32,New,DE,0,Stores,2025-01-18
Germany,9594.0,Returning,DE,0,Ecom,2025-01-18
Germany,996.27,Returning,DE,0,Stores,2025-01-18
Germany,8735.93,New,DE,0,Ecom,2025-01-19
Germany,8622.11,New,DE,0,Stores,2025-01-19
Germany,3563.53,Returning,DE,0,Ecom,2025-01-19
Germany,4654.88,Returning,DE,0,Stores,2025-01-19
Germany,15486.11,New,DE,0,Ecom,2025-01-20
Germany,4226.12,New,DE,0,Stores,2025-01-20
Germany,5771.66,Returning,DE,0,Ecom,2025-01-20
Germany,2963.81,Returning,DE,0,Stores,2025-01-20
Germany,476.41,New,DE,0,Ecom,2025-01-21
Germany,2324.06,New,DE,0,Stores,2025-01-21
Germany,15501.93,Returning,DE,0,Ecom,2025-01-21
Germany,9418.02,Returning,DE,0,Stores,2025-01-21
Germany,13924.47,New,DE,0,Ecom,2025-01-22
Germany,9232.37,New,DE,0,Stores,2025-01-22
Germany,3839.22,Returning,DE,0,Ecom,2025-01-22
Germany,3401.64,Returning,DE,0,Stores,2025-01-22
Germany,11184.17,New,DE,0,Ecom,2025-01-23
Germany,8574.42,New,DE,0,Stores,2025-01-23
Germany,4657.34,Returning,DE,0,Ecom,2025-01-23
Germany,5903.77,Returning,DE,0,Stores,2025-01-23
Germany,21120.61,New,DE,0,Ecom,2025-01-24
Germany,2038.94,New,DE,0,Stores,2025-01-24
Germany,1609.13,Returning,DE,0,Ecom,2025-01-24
Germany,3520.02,Returning,DE,0,Stores,2025-01-24
Germany,12003.23,New,DE,0,Ecom,2025-01-25
Germany,12406.6,New,DE,0,Stores,2025-01-25
Germany,2299.0,Returning,DE,0,Ecom,2025-01-25
Germany,110.76,Returning,DE,0,Stores,2025-01-25
Germany,12093.95,New,DE,0,Ecom,2025-01-26
Germany,5074.08,New,DE,0,Stores,2025-01-26
Germany,7451.54,Returning,DE,0,Ecom,2025-01-26
Germany,4306.94,Returning,DE,0,Stores,2025-01-26
Germany,10889.42,New,DE,0,Ecom,2025-01-27
Germany,2966.99,New,DE,0,Stores,2025-01-27
Germany,8786.22,Returning,DE,0,Ecom,2025-01-27
Germany,3687.16,Returning,DE,0,Stores,2025-01-27
Germany,10586.28,New,DE,0,Ecom,2025-01-28
Germany,7164.74,New,DE,0,Stores,2025-01-28
Germany,8434.79,Returning,DE,0,Ecom,2025-01-28
Germany,1882.57,Returning,DE,0,Stores,2025-01-28
Germany,19302.96,New,DE,0,Ecom,2025-01-29
Germany,3515.88,New,DE,0,Stores,2025-01-29
Germany,3322.81,Returning,DE,0,Ecom,2025-01-29
Germany,85.7,Returning,DE,0,Stores,2025-01-29
Germany,18304.18,New,DE,0,Ecom,2025-01-30
Germany,692.92,New,DE,0,Stores,2025-01-30
Germany,6802.08,Returning,DE,0,Ecom,2025-01-30
Germany,577.33,Returning,DE,0,Stores,2025-01-30
Germany,8142.21,New,DE,0,Ecom,2025-01-31
Germany,5287.28,New,DE,0,Stores,2025-01-31
Germany,14402.68,Returning,DE,0,Ecom,2025-01-31
Germany,977.72,Returning,DE,0,Stores,2025-01-31
Germany,13552.16,New,DE,0,Ecom,2025-02-01
Germany,4945.54,New,DE,0,Stores,2025-02-01
Germany,5666.55,Returning,DE,0,Ecom,2025-02-01
Germany,1285.65,Returning,DE,0,Stores,2025-02-01
Germany,13200.23,New,DE,0,Ecom,2025-02-02
Germany,8273.39,New,DE,0,Stores,2025-02-02
Germany,2050.65,Returning,DE,0,Ecom,2025-02-02
Germany,1635.48,Returning,DE,0,Stores,2025-02-02
Germany,4334.21,New,DE,0,Ecom,2025-02-03
Germany,15693.27,New,DE,0,Stores,2025-02-03
Germany,4463.73,Returning,DE,0,Ecom,2025-02-03
Germany,5588.05,Returning,DE,0,Stores,2025-02-03
Germany,13146.47,New,DE,0,Ecom,2025-02-04
Germany,7151.46,New,DE,0,Stores,2025-02-04
Germany,6011.19,Returning,DE,0,Ecom,2025-02-04
Germany,3012.61,Returning,DE,0,Stores,2025-02-04
Germany,9637.1,New,DE,0,Ecom,2025-02-05
Germany,8867.37,New,DE,0,Stores,2025-02-05
Germany,11034.79,Returning,DE,0,Ecom,2025-02-05
Germany,1409.87,Returning,DE,0,Stores,2025-02-05
Germany,10238.0,New,DE,0,Ecom,2025-02-06
Germany,12967.34,New,DE,0,Stores,2025-02-06
Germany,5684.73,Returning,DE,0,Ecom,2025-02-06
Germany,3441.48,Returning,DE,0,Stores,2025-02-06
Germany,11697.64,New,DE,0,Ecom,2025-02-07
Germany,8230.42,New,DE,0,Stores,2025-02-07
Germany,6780.94,Returning,DE,0,Ecom,2025-02-07
Germany,1468.88,Returning,DE,0,Stores,2025-02-07
Germany,10563.93,New,DE,0,Ecom,2025-02-08
Germany,5813.06,New,DE,0,Stores,2025-02-08
Germany,9531.26,Returning,DE,0,Ecom,2025-02-08
Germany,86.49,Returning,DE,0,Stores,2025-02-08
Germany,13680.32,New,DE,0,Ecom,2025-02-09
Germany,10413.68,New,DE,0,Stores,2025-02-09
Germany,5145.2,Returning,DE,0,Ecom,2025-02-09
Germany,638.07,Returning,DE,0,Stores,2025-02-09
Germany,14566.72,New,DE,0,Ecom,2025-02-10
Germany,1316.64,New,DE,0,Stores,2025-02-10
Germany,9164.35,Returning,DE,0,Ecom,2025-02-10
Germany,6738.17,Returning,DE,0,Stores,2025-02-10
Germany,10553.86,New,DE,0,Ecom,2025-02-11
Germany,13639.81,New,DE,0,Stores,2025-02-11
Germany,4974.62,Returning,DE,0,Ecom,2025-02-11
Germany,3536.34,Returning,DE,0,Stores,2025-02-11
Germany,4270.16,New,DE,0,Ecom,2025-02-12
Germany,9962.39,New,DE,0,Stores,2025-02-12
Germany,9556.13,Returning,DE,0,Ecom,2025-02-12
Germany,1874.47,Returning,DE,0,Stores,2025-02-12
Germany,13600.46,New,DE,0,Ecom,2025-02-13
Germany,4710.3,New,DE,0,Stores,2025-02-13
Germany,7868.53,Returning,DE,0,Ecom,2025-02-13
Germany,805.3,Returning,DE,0,Stores,2025-02-13
Germany,4151.08,New,DE,0,Ecom,2025-02-14
Germany,9880.23,New,DE,0,Stores,2025-02-14
Germany,10107.45,Returning,DE,0,Ecom,2025-02-14
Germany,5396.99,Returning,DE,0,Stores,2025-02-14
Germany,17215.34,New,DE,0,Ecom,2025-02-15
Germany,1400.66,New,DE,0,Stores,2025-02-15
Germany,7290.94,Returning,DE,0,Ecom,2025-02-15
Germany,1833.83,Returning,DE,0,Stores,2025-02-15
Germany,13439.52,New,DE,0,Ecom,2025-02-16
Germany,10888.02,New,DE,0,Stores,2025-02-16
Germany,6269.64,Returning,DE,0,Ecom,2025-02-16
Germany,268.27,Returning,DE,0,Stores,2025-02-16
Germany,19036.5,New,DE,0,Ecom,2025-02-17
Germany,7766.05,New,DE,0,Stores,2025-02-17
Germany,1817.88,Returning,DE,0,Ecom,2025-02-17
Germany,4079.72,Returning,DE,0,Stores,2025-02-17
Germany,11035.33,New,DE,0,Ecom,2025-02-18
Germany,9459.41,New,DE,0,Stores,2025-02-18
Germany,3356.25,Returning,DE,0,Ecom,2025-02-18
Germany,217.43,Returning,DE,0,Stores,2025-02-18
Germany,13521.24,New,DE,0,Ecom,2025-02-19
Germany,2759.04,New,DE,0,Stores,2025-02-19
Germany,1988.27,Returning,DE,0,Ecom,2025-02-19
Germany,8214.77,Returning,DE,0,Stores,2025-02-19
Germany,11497.54,New,DE,0,Ecom,2025-02-20
Germany,4766.23,New,DE,0,Stores,2025-02-20
Germany,10986.29,Returning,DE,0,Ecom,2025-02-20
Germany,466.57,Returning,DE,0,Stores,2025-02-20
Germany,7773.22,New,DE,0,Ecom,2025-02-21
Germany,5426.08,New,DE,0,Stores,2025-02-21
Germany,9485.55,Returning,DE,0,Ecom,2025-02-21
Germany,9146.75,Returning,DE,0,Stores,2025-02-21
Germany,6995.53,New,DE,0,Ecom,2025-02-22
Germany,2108.45,New,DE,0,Stores,2025-02-22
Germany,19055.38,Returning,DE,0,Ecom,2025-02-22
Germany,1320.5,Returning,DE,0,Stores,2025-02-22
Germany,8047.46,New,DE,0,Ecom,2025-02-23
Germany,10093.44,New,DE,0,Stores,2025-02-23
Germany,8541.32,Returning,DE,0,Ecom,2025-02-23
Germany,2900.4,Returning,DE,0,Stores,2025-02-23
Germany,12771.99,New,DE,0,Ecom,2025-02-24
Germany,10865.1,New,DE,0,Stores,2025-02-24
Germany,745.05,Returning,DE,0,Ecom,2025-02-24
Germany,3086.32,Returning,DE,0,Stores,2025-02-24
Germany,12289.64,New,DE,0,Ecom,2025-02-25
Germany,6004.81,New,DE,0,Stores,2025-02-25
Germany,7324.04,Returning,DE,0,Ecom,2025-02-25
Germany,4090.88,Returning,DE,0,Stores,2025-02-25
Germany,9264.09,New,DE,0,Ecom,2025-02-26
Germany,4490.5,New,DE,0,Stores,2025-02-26
Germany,11912.58,Returning,DE,0,Ecom,2025-02-26
Germany,3381.81,Returning,DE,0,Stores,2025-02-26
Germany,9072.05,New,DE,0,Ecom,2025-02-27
Germany,13812.89,New,DE,0,Stores,2025-02-27
Germany,3377.48,Returning,DE,0,Ecom,2025-02-27
Germany,6925.26,Returning,DE,0,Stores,2025-02-27
Germany,2745.36,New,DE,0,Ecom,2025-02-28
Germany,17265.04,New,DE,0,Stores,2025-02-28
Germany,5689.84,Returning,DE,0,Ecom,2025-02-28
Germany,5487.34,Returning,DE,0,Stores,2025-02-28
Germany,9759.7,New,DE,0,Ecom,2025-03-01
Germany,6337.75,New,DE,0,Stores,2025-03-01
Germany,10383.49,Returning,DE,0,Ecom,2025-03-01
Germany,8523.16,Returning,DE,0,Stores,2025-03-01
Germany,16646.09,New,DE,0,Ecom,2025-03-02
Germany,11073.89,New,DE,0,Stores,2025-03-02
Germany,1636.71,Returning,DE,0,Ecom,2025-03-02
Germany,498.88,Returning,DE,0,Stores,2025-03-02
Germany,9723.66,New,DE,0,Ecom,2025-03-03
Germany,5685.25,New,DE,0,Stores,2025-03-03
Germany,9685.52,Returning,DE,0,Ecom,2025-03-03
Germany,3046.64,Returning,DE,0,Stores,2025-03-03
Germany,10116.44,New,DE,0,Ecom,2025-03-04
Germany,1120.05,New,DE,0,Stores,2025-03-04
Germany,9004.85,Returning,DE,0,Ecom,2025-03-04
Germany,4796.33,Returning,DE,0,Stores,2025-03-04
Germany,8506.58,New,DE,0,Ecom,2025-03-05
Germany,1764.64,New,DE,0,Stores,2025-03-05
Germany,17477.36,Returning,DE,0,Ecom,2025-03-05
Germany,93.95,Returning,DE,0,Stores,2025-03-05
Germany,14812.72,New,DE,0,Ecom,2025-03-06
Germany,3236.79,New,DE,0,Stores,2025-03-06
Germany,7619.27,Returning,DE,0,Ecom,2025-03-06
Germany,376.45,Returning,DE,0,Stores,2025-03-06
Germany,9117.58,New,DE,0,Ecom,2025-03-07
Germany,12862.99,New,DE,0,Stores,2025-03-07
Germany,3716.05,Returning,DE,0,Ecom,2025-03-07
Germany,4452.89,Returning,DE,0,Stores,2025-03-07
Germany,24926.73,New,DE,0,Ecom,2025-03-08
Germany,2936.01,New,DE,0,Stores,2025-03-08
Germany,2276.29,Returning,DE,0,Ecom,2025-03-08
Germany,544.95,Returning,DE,0,Stores,2025-03-08
Germany,15719.83,New,DE,0,Ecom,2025-03-09
Germany,9461.79,New,DE,0,Stores,2025-03-09
Germany,2049.93,Returning,DE,0,Ecom,2025-03-09
Germany,3175.86,Returning,DE,0,Stores,2025-03-09
Germany,9823.06,New,DE,0,Ecom,2025-03-10
Germany,6035.31,New,DE,0,Stores,2025-03-10
Germany,10091.36,Returning,DE,0,Ecom,2025-03-10
Germany,4049.61,Returning,DE,0,Stores,2025-03-10
Germany,13349.61,New,DE,0,Ecom,2025-03-11
Germany,3372.29,New,DE,0,Stores,2025-03-11
Germany,3352.45,Returning,DE,0,Ecom,2025-03-11
Germany,7107.38,Returning,DE,0,Stores,2025-03-11
Germany,5727.65,New,DE,0,Ecom,2025-03-12
Germany,2263.11,New,DE,0,Stores,2025-03-12
Germany,18204.95,Returning,DE,0,Ecom,2025-03-12
Germany,1059.25,Returning,DE,0,Stores,2025-03-12
Germany,20063.96,New,DE,0,Ecom,2025-03-13
Germany,5182.48,New,DE,0,Stores,2025-03-13
Germany,4960.04,Returning,DE,0,Ecom,2025-03-13
Germany,457.41,Returning,DE,0,Stores,2025-03-13
Germany,9538.21,New,DE,0,Ecom,2025-03-14
Germany,7577.71,New,DE,0,Stores,2025-03-14
Germany,9272.98,Returning,DE,0,Ecom,2025-03-14
Germany,3561.32,Returning,DE,0,Stores,2025-03-14
Germany,15776.51,New,DE,0,Ecom,2025-03-15
Germany,12022.96,New,DE,0,Stores,2025-03-15
Germany,598.69,Returning,DE,0,Ecom,2025-03-15
Germany,2013.27,Returning,DE,0,Stores,2025-03-15
Germany,5046.27,New,DE,0,Ecom,2025-03-16
Germany,12204.84,New,DE,0,Stores,2025-03-16
Germany,11502.8,Returning,DE,0,Ecom,2025-03-16
Germany,2362.92,Returning,DE,0,Stores,2025-03-16
Germany,12629.68,New,DE,0,Ecom,2025-03-17
Germany,11226.52,New,DE,0,Stores,2025-03-17
Germany,5661.94,Returning,DE,0,Ecom,2025-03-17
Germany,2910.52,Returning,DE,0,Stores,2025-03-17
Germany,12669.42,New,DE,0,Ecom,2025-03-18
Germany,4413.51,New,DE,0,Stores,2025-03-18
Germany,6681.22,Returning,DE,0,Ecom,2025-03-18
Germany,4447.73,Returning,DE,0,Stores,2025-03-18
Germany,9994.41,New,DE,0,Ecom,2025-03-19
Germany,9777.03,New,DE,0,Stores,2025-03-19
Germany,8965.55,Returning,DE,0,Ecom,2025-03-19
Germany,23.61,Returning,DE,0,Stores,2025-03-19
Germany,13626.98,New,DE,0,Ecom,2025-03-20
Germany,8644.25,New,DE,0,Stores,2025-03-20
Germany,978.92,Returning,DE,0,Ecom,2025-03-20
Germany,5575.08,Returning,DE,0,Stores,2025-03-20
Germany,12518.79,New,DE,0,Ecom,2025-03-21
Germany,3838.52,New,DE,0,Stores,2025-03-21
Germany,13858.72,Returning,DE,0,Ecom,2025-03-21
Germany,1150.7,Returning,DE,0,Stores,2025-03-21
Germany,8375.56,New,DE,0,Ecom,2025-03-22
Germany,12984.62,New,DE,0,Stores,2025-03-22
Germany,2670.71,Returning,DE,0,Ecom,2025-03-22
Germany,5207.7,Returning,DE,0,Stores,2025-03-22
Germany,3441.55,New,DE,0,Ecom,2025-03-23
Germany,8402.47,New,DE,0,Stores,2025-03-23
Germany,9486.23,Returning,DE,0,Ecom,2025-03-23
Germany,6524.4,Returning,DE,0,Stores,2025-03-23
Germany,5501.38,New,DE,0,Ecom,2025-03-24
Germany,9498.5,New,DE,0,Stores,2025-03-24
Germany,12933.63,Returning,DE,0,Ecom,2025-03-24
Germany,2712.13,Returning,DE,0,Stores,2025-03-24
Germany,2998.27,New,DE,0,Ecom,2025-03-25
Germany,5976.78,New,DE,0,Stores,2025-03-25
Germany,5973.38,Returning,DE,0,Ecom,2025-03-25
Germany,11748.76,Returning,DE,0,Stores,2025-03-25
Germany,3657.6,New,DE,0,Ecom,2025-03-26
Germany,9938.29,New,DE,0,Stores,2025-03-26
Germany,12151.51,Returning,DE,0,Ecom,2025-03-26
Germany,469.22,Returning,DE,0,Stores,2025-03-26
Germany,5053.62,New,DE,0,Ecom,2025-03-27
Germany,19961.33,New,DE,0,Stores,2025-03-27
Germany,1130.32,Returning,DE,0,Ecom,2025-03-27
Germany,4249.38,Returning,DE,0,Stores,2025-03-27
Germany,7303.5,New,DE,0,Ecom,2025-03-28
Germany,9772.87,New,DE,0,Stores,2025-03-28
Germany,9677.1,Returning,DE,0,Ecom,2025-03-28
Germany,675.64,Returning,DE,0,Stores,2025-03-28
Germany,7784.03,New,DE,0,Ecom,2025-03-29
Germany,9079.41,New,DE,0,Stores,2025-03-29
Germany,9218.05,Returning,DE,0,Ecom,2025-03-29
Germany,1323.84,Returning,DE,0,Stores,2025-03-29
Germany,5804.56,New,DE,0,Ecom,2025-03-30
Germany,17518.49,New,DE,0,Stores,2025-03-30
Germany,1795.88,Returning,DE,0,Ecom,2025-03-30
Germany,1246.74,Returning,DE,0,Stores,2025-03-30
Germany,16307.09,New,DE,0,Ecom,2025-03-31
Germany,5572.67,New,DE,0,Stores,2025-03-31
Germany,6277.91,Returning,DE,0,Ecom,2025-03-31
Germany,1138.95,Returning,DE,0,Stores,2025-03-31
Germany,8803.72,New,DE,0,Ecom,2025-04-01
Germany,6122.05,New,DE,0,Stores,2025-04-01
Germany,9613.69,Returning,DE,0,Ecom,2025-04-01
Germany,717.24,Returning,DE,0,Stores,2025-04-01
Germany,8877.37,New,DE,0,Ecom,2025-04-02
Germany,3886.69,New,DE,0,Stores,2025-04-02
Germany,10844.66,Returning,DE,0,Ecom,2025-04-02
Germany,5494.0,Returning,DE,0,Stores,2025-04-02
Germany,6056.41,New,DE,0,Ecom,2025-04-03
Germany,8650.39,New,DE,0,Stores,2025-04-03
Germany,8950.4,Returning,DE,0,Ecom,2025-04-03
Germany,2260.48,Returning,DE,0,Stores,2025-04-03
Germany,16345.81,New,DE,0,Ecom,2025-04-04
Germany,4412.17,New,DE,0,Stores,2025-04-04
Germany,8039.47,Returning,DE,0,Ecom,2025-04-04
Germany,1332.89,Returning,DE,0,Stores,2025-04-04
Germany,17155.81,New,DE,0,Ecom,2025-04-05
Germany,3854.09,New,DE,0,Stores,2025-04-05
Germany,5073.4,Returning,DE,0,Ecom,2025-04-05
Germany,6154.49,Returning,DE,0,Stores,2025-04-05
Germany,6343.82,New,DE,0,Ecom,2025-04-06
Germany,4346.3,New,DE,0,Stores,2025-04-06
Germany,18373.38,Returning,DE,0,Ecom,2025-04-06
Germany,3496.57,Returning,DE,0,Stores,2025-04-06
Germany,9921.06,New,DE,0,Ecom,2025-04-07
Germany,9551.24,New,DE,0,Stores,2025-04-07
Germany,5620.53,Returning,DE,0,Ecom,2025-04-07
Germany,3852.78,Returning,DE,0,Stores,2025-04-07
Germany,16143.33,New,DE,0,Ecom,2025-04-08
Germany,12348.33,New,DE,0,Stores,2025-04-08
Germany,1861.43,Returning,DE,0,Ecom,2025-04-08
Germany,2671.08,Returning,DE,0,Stores,2025-04-08
Germany,1976.48,New,DE,0,Ecom,2025-04-09
Germany,4906.46,New,DE,0,Stores,2025-04-09
Germany,21873.31,Returning,DE,0,Ecom,2025-04-09
Germany,1080.68,Returning,DE,0,Stores,2025-04-09
Germany,12941.6,New,DE,0,Ecom,2025-04-10
Germany,9799.15,New,DE,0,Stores,2025-04-10
Germany,3974.43,Returning,DE,0,Ecom,2025-04-10
Germany,4304.63,Returning,DE,0,Stores,2025-04-10
Germany,3407.17,New,DE,0,Ecom,2025-04-11
Germany,9886.62,New,DE,0,Stores,2025-04-11
Germany,13140.16,Returning,DE,0,Ecom,2025-04-11
Germany,2118.38,Returning,DE,0,Stores,2025-04-11
Germany,15998.67,New,DE,0,Ecom,2025-04-12
Germany,7028.79,New,DE,0,Stores,2025-04-12
Germany,2532.32,Returning,DE,0,Ecom,2025-04-12
Germany,3662.72,Returning,DE,0,Stores,2025-04-12
Germany,10038.75,New,DE,0,Ecom,2025-04-13
Germany,3122.69,New,DE,0,Stores,2025-04-13
Germany,8175.44,Returning,DE,0,Ecom,2025-04-13
Germany,8858.53,Returning,DE,0,Stores,2025-04-13
Germany,2977.77,New,DE,0,Ecom,2025-04-14
Germany,15012.3,New,DE,0,Stores,2025-04-14
Germany,10222.98,Returning,DE,0,Ecom,2025-04-14
Germany,3366.02,Returning,DE,0,Stores,2025-04-14
Germany,7391.18,New,DE,0,Ecom,2025-04-15
Germany,18136.25,New,DE,0,Stores,2025-04-15
Germany,3110.48,Returning,DE,0,Ecom,2025-04-15
Germany,408.5,Returning,DE,0,Stores,2025-04-15
Germany,14782.56,New,DE,0,Ecom,2025-04-16
Germany,351.92,New,DE,0,Stores,2025-04-16
Germany,7624.17,Returning,DE,0,Ecom,2025-04-16
Germany,5215.37,Returning,DE,0,Stores,2025-04-16
Germany,9971.58,New,DE,0,Ecom,2025-04-17
Germany,12495.03,New,DE,0,Stores,2025-04-17
Germany,8439.29,Returning,DE,0,Ecom,2025-04-17
Germany,1814.98,Returning,DE,0,Stores,2025-04-17
Germany,22627.13,New,DE,0,Ecom,2025-04-18
Germany,2249.68,New,DE,0,Stores,2025-04-18
Germany,7180.56,Returning,DE,0,Ecom,2025-04-18
Germany,773.58,Returning,DE,0,Stores,2025-04-18
Germany,18477.89,New,DE,0,Ecom,2025-04-19
Germany,2637.3,New,DE,0,Stores,2025-04-19
Germany,7105.87,Returning,DE,0,Ecom,2025-04-19
Germany,4272.28,Returning,DE,0,Stores,2025-04-19
Germany,16557.59,New,DE,0,Ecom,2025-04-20
Germany,7306.42,New,DE,0,Stores,2025-04-20
Germany,981.96,Returning,DE,0,Ecom,2025-04-20
Germany,740.82,Returning,DE,0,Stores,2025-04-20
Germany,11516.16,New,DE,0,Ecom,2025-04-21
Germany,6803.53,New,DE,0,Stores,2025-04-21
Germany,9673.18,Returning,DE,0,Ecom,2025-04-21
Germany,2900.03,Returning,DE,0,Stores,2025-04-21
Germany,15289.41,New,DE,0,Ecom,2025-04-22
Germany,4393.07,New,DE,0,Stores,2025-04-22
Germany,9637.14,Returning,DE,0,Ecom,2025-04-22
Germany,1467.7,Returning,DE,0,Stores,2025-04-22
Germany,5285.14,New,DE,0,Ecom,2025-04-23
Germany,14579.47,New,DE,0,Stores,2025-04-23
Germany,10674.52,Returning,DE,0,Ecom,2025-04-23
Germany,1448.27,Returning,DE,0,Stores,2025-04-23
Germany,15723.69,New,DE,0,Ecom,2025-04-24
Germany,7441.02,New,DE,0,Stores,2025-04-24
Germany,4445.66,Returning,DE,0,Ecom,2025-04-24
Germany,1310.4,Returning,DE,0,Stores,2025-04-24
Germany,3040.35,New,DE,0,Ecom,2025-04-25
Germany,4440.16,New,DE,0,Stores,2025-04-25
Germany,13765.73,Returning,DE,0,Ecom,2025-04-25
Germany,7891.53,Returning,DE,0,Stores,2025-04-25
Germany,9074.14,New,DE,0,Ecom,2025-04-26
Germany,3023.03,New,DE,0,Stores,2025-04-26
Germany,16638.46,Returning,DE,0,Ecom,2025-04-26
Germany,846.73,Returning,DE,0,Stores,2025-04-26
Germany,21206.91,New,DE,0,Ecom,2025-04-27
Germany,4379.53,New,DE,0,Stores,2025-04-27
Germany,6259.77,Returning,DE,0,Ecom,2025-04-27
Germany,1690.82,Returning,DE,0,Stores,2025-04-27
Germany,13995.24,New,DE,0,Ecom,2025-04-28
Germany,13520.03,New,DE,0,Stores,2025-04-28
Germany,1666.9,Returning,DE,0,Ecom,2025-04-28
Germany,4143.89,Returning,DE,0,Stores,2025-04-28
Germany,11101.55,New,DE,0,Ecom,2025-04-29
Germany,13658.36,New,DE,0,Stores,2025-04-29
Germany,3882.82,Returning,DE,0,Ecom,2025-04-29
Germany,182.19,Returning,DE,0,Stores,2025-04-29
Germany,23897.67,New,DE,0,Ecom,2025-04-30
Germany,6757.8,New,DE,0,Stores,2025-04-30
Germany,4843.85,Returning,DE,0,Ecom,2025-04-30
Germany,749.94,Returning,DE,0,Stores,2025-04-30
Germany,14096.86,New,DE,0,Ecom,2025-05-01
Germany,3926.92,New,DE,0,Stores,2025-05-01
Germany,3428.43,Returning,DE,0,Ecom,2025-05-01
Germany,5218.03,Returning,DE,0,Stores,2025-05-01
Germany,21112.07,New,DE,0,Ecom,2025-05-02
Germany,4578.59,New,DE,0,Stores,2025-05-02
Germany,2605.23,Returning,DE,0,Ecom,2025-05-02
Germany,2147.66,Returning,DE,0,Stores,2025-05-02
Germany,11158.83,New,DE,0,Ecom,2025-05-03
Germany,14594.56,New,DE,0,Stores,2025-05-03
Germany,1373.09,Returning,DE,0,Ecom,2025-05-03
Germany,3108.23,Returning,DE,0,Stores,2025-05-03
Germany,12238.73,New,DE,0,Ecom,2025-05-04
Germany,8506.54,New,DE,0,Stores,2025-05-04
Germany,7047.11,Returning,DE,0,Ecom,2025-05-04
Germany,5563.77,Returning,DE,0,Stores,2025-05-04
Germany,14342.09,New,DE,0,Ecom,2025-05-05
Germany,7991.97,New,DE,0,Stores,2025-05-05
Germany,7566.14,Returning,DE,0,Ecom,2025-05-05
Germany,314.92,Returning,DE,0,Stores,2025-05-05
Germany,17086.83,New,DE,0,Ecom,2025-05-06
Germany,5877.45,New,DE,0,Stores,2025-05-06
Germany,1736.32,Returning,DE,0,Ecom,2025-05-06
Germany,2028.1,Returning,DE,0,Stores,2025-05-06
Germany,19759.76,New,DE,0,Ecom,2025-05-07
Germany,1210.89,New,DE,0,Stores,2025-05-07
Germany,9662.65,Returning,DE,0,Ecom,2025-05-07
Germany,264.6,Returning,DE,0,Stores,2025-05-07
Germany,10969.69,New,DE,0,Ecom,2025-05-08
Germany,3208.07,New,DE,0,Stores,2025-05-08
Germany,13111.7,Returning,DE,0,Ecom,2025-05-08
Germany,612.12,Returning,DE,0,Stores,2025-05-08
Germany,11324.37,New,DE,0,Ecom,2025-05-09
Germany,7919.96,New,DE,0,Stores,2025-05-09
Germany,8762.53,Returning,DE,0,Ecom,2025-05-09
Germany,119.75,Returning,DE,0,Stores,2025-05-09
Germany,6800.43,New,DE,0,Ecom,2025-05-10
Germany,7058.66,New,DE,0,Stores,2025-05-10
Germany,8441.79,Returning,DE,0,Ecom,2025-05-10
Germany,8639.1,Returning,DE,0,Stores,2025-05-10
Germany,7682.78,New,DE,0,Ecom,2025-05-11
Germany,8270.75,New,DE,0,Stores,2025-05-11
Germany,11641.45,Returning,DE,0,Ecom,2025-05-11
Germany,1063.92,Returning,DE,0,Stores,2025-05-11
Germany,18710.66,New,DE,0,Ecom,2025-05-12
Germany,10098.44,New,DE,0,Stores,2025-05-12
Germany,2902.46,Returning,DE,0,Ecom,2025-05-12
Germany,3459.92,Returning,DE,0,Stores,2025-05-12
Germany,17498.71,New,DE,0,Ecom,2025-05-13
Germany,4870.87,New,DE,0,Stores,2025-05-13
Germany,5682.17,Returning,DE,0,Ecom,2025-05-13
Germany,3868.5,Returning,DE,0,Stores,2025-05-13
Germany,16178.21,New,DE,0,Ecom,2025-05-14
Germany,3606.07,New,DE,0,Stores,2025-05-14
Germany,2696.5,Returning,DE,0,Ecom,2025-05-14
Germany,4320.61,Returning,DE,0,Stores,2025-05-14
Germany,17603.3,New,DE,0,Ecom,2025-05-15
Germany,8932.14,New,DE,0,Stores,2025-05-15
Germany,1375.42,Returning,DE,0,Ecom,2025-05-15
Germany,1688.32,Returning,DE,0,Stores,2025-05-15
Germany,14230.57,New,DE,0,Ecom,2025-05-16
Germany,12569.64,New,DE,0,Stores,2025-05-16
Germany,3993.01,Returning,DE,0,Ecom,2025-05-16
Germany,1002.91,Returning,DE,0,Stores,2025-05-16
Germany,18555.74,New,DE,0,Ecom,2025-05-17
Germany,5591.17,New,DE,0,Stores,2025-05-17
Germany,5357.32,Returning,DE,0,Ecom,2025-05-17
Germany,3696.23,Returning,DE,0,Stores,2025-05-17
Germany,17568.23,New,DE,0,Ecom,2025-05-18
Germany,7881.78,New,DE,0,Stores,2025-05-18
Germany,7252.78,Returning,DE,0,Ecom,2025-05-18
Germany,137.49,Returning,DE,0,Stores,2025-05-18
Germany,18137.4,New,DE,0,Ecom,2025-05-19
Germany,7242.31,New,DE,0,Stores,2025-05-19
Germany,3508.23,Returning,DE,0,Ecom,2025-05-19
Germany,3361.48,Returning,DE,0,Stores,2025-05-19
Germany,6961.08,New,DE,0,Ecom,2025-05-20
Germany,15629.54,New,DE,0,Stores,2025-05-20
Germany,3629.87,Returning,DE,0,Ecom,2025-05-20
Germany,1444.55,Returning,DE,0,Stores,2025-05-20
Germany,4233.94,New,DE,0,Ecom,2025-05-21
Germany,6747.05,New,DE,0,Stores,2025-05-21
Germany,17367.48,Returning,DE,0,Ecom,2025-05-21
Germany,2250.87,Returning,DE,0,Stores,2025-05-21
Germany,24961.3,New,DE,0,Ecom,2025-05-22
Germany,615.76,New,DE,0,Stores,2025-05-22
Germany,3654.1,Returning,DE,0,Ecom,2025-05-22
Germany,341.54,Returning,DE,0,Stores,2025-05-22
Germany,10130.33,New,DE,0,Ecom,2025-05-23
Germany,12495.42,New,DE,0,Stores,2025-05-23
Germany,2360.46,Returning,DE,0,Ecom,2025-05-23
Germany,4141.62,Returning,DE,0,Stores,2025-05-23
Germany,13372.64,New,DE,0,Ecom,2025-05-24
Germany,3305.69,New,DE,0,Stores,2025-05-24
Germany,11115.4,Returning,DE,0,Ecom,2025-05-24
Germany,4612.58,Returning,DE,0,Stores,2025-05-24
Germany,12176.03,New,DE,0,Ecom,2025-05-25
Germany,3568.99,New,DE,0,Stores,2025-05-25
Germany,8594.51,Returning,DE,0,Ecom,2025-05-25
Germany,1407.52,Returning,DE,0,Stores,2025-05-25
Germany,4457.63,New,DE,0,Ecom,2025-05-26
Germany,8723.49,New,DE,0,Stores,2025-05-26
Germany,7545.47,Returning,DE,0,Ecom,2025-05-26
Germany,11125.72,Returning,DE,0,Stores,2025-05-26
Germany,14132.69,New,DE,0,Ecom,2025-05-27
Germany,2816.69,New,DE,0,Stores,2025-05-27
Germany,11942.41,Returning,DE,0,Ecom,2025-05-27
Germany,113.04,Returning,DE,0,Stores,2025-05-27
Germany,14091.12,New,DE,0,Ecom,2025-05-28
Germany,5890.78,New,DE,0,Stores,2025-05-28
Germany,5717.43,Returning,DE,0,Ecom,2025-05-28
Germany,1726.0,Returning,DE,0,Stores,2025-05-28
Germany,5122.2,New,DE,0,Ecom,2025-05-29
Germany,10182.77,New,DE,0,Stores,2025-05-29
Germany,9918.31,Returning,DE,0,Ecom,2025-05-29
Germany,5773.37,Returning,DE,0,Stores,2025-05-29
Germany,3582.28,New,DE,0,Ecom,2025-05-30
Germany,8751.58,New,DE,0,Stores,2025-05-30
Germany,15239.16,Returning,DE,0,Ecom,2025-05-30
Germany,6113.3,Returning,DE,0,Stores,2025-05-30
Germany,9863.01,New,DE,0,Ecom,2025-05-31
Germany,1391.37,New,DE,0,Stores,2025-05-31
Germany,13214.63,Returning,DE,0,Ecom,2025-05-31
Germany,4287.01,Returning,DE,0,Stores,2025-05-31
Germany,10051.3,New,DE,0,Ecom,2025-06-01
Germany,4586.53,New,DE,0,Stores,2025-06-01
Germany,5208.39,Returning,DE,0,Ecom,2025-06-01
Germany,8746.51,Returning,DE,0,Stores,2025-06-01
Germany,5628.96,New,DE,0,Ecom,2025-06-02
Germany,8106.93,New,DE,0,Stores,2025-06-02
Germany,2812.64,Returning,DE,0,Ecom,2025-06-02
Germany,9522.13,Returning,DE,0,Stores,2025-06-02
Germany,1715.13,New,DE,0,Ecom,2025-06-03
Germany,6183.0,New,DE,0,Stores,2025-06-03
Germany,17200.91,Returning,DE,0,Ecom,2025-06-03
Germany,1209.97,Returning,DE,0,Stores,2025-06-03
Germany,6295.95,New,DE,0,Ecom,2025-06-04
Germany,1759.89,New,DE,0,Stores,2025-06-04
Germany,12478.68,Returning,DE,0,Ecom,2025-06-04
Germany,6751.59,Returning,DE,0,Stores,2025-06-04
Germany,16161.23,New,DE,0,Ecom,2025-06-05
Germany,8957.09,New,DE,0,Stores,2025-06-05
Germany,5989.08,Returning,DE,0,Ecom,2025-06-05
Germany,3303.64,Returning,DE,0,Stores,2025-06-05
Germany,7662.46,New,DE,0,Ecom,2025-06-06
Germany,7161.99,New,DE,0,Stores,2025-06-06
Germany,8359.59,Returning,DE,0,Ecom,2025-06-06
Germany,4687.85,Returning,DE,0,Stores,2025-06-06
Germany,6664.92,New,DE,0,Ecom,2025-06-07
Germany,14872.13,New,DE,0,Stores,2025-06-07
Germany,5604.85,Returning,DE,0,Ecom,2025-06-07
Germany,843.05,Returning,DE,0,Stores,2025-06-07
Germany,6638.08,New,DE,0,Ecom,2025-06-08
Germany,1610.03,New,DE,0,Stores,2025-06-08
Germany,15290.02,Returning,DE,0,Ecom,2025-06-08
Germany,5159.91,Returning,DE,0,Stores,2025-06-08
Germany,13754.21,New,DE,0,Ecom,2025-06-09
Germany,8071.1,New,DE,0,Stores,2025-06-09
Germany,3178.95,Returning,DE,0,Ecom,2025-06-09
Germany,4688.73,Returning,DE,0,Stores,2025-06-09
Germany,12250.17,New,DE,0,Ecom,2025-06-10
Germany,10755.4,New,DE,0,Stores,2025-06-10
Germany,5432.39,Returning,DE,0,Ecom,2025-06-10
Germany,471.32,Returning,DE,0,Stores,2025-06-10
Germany,6120.74,New,DE,0,Ecom,2025-06-11
Germany,11775.1,New,DE,0,Stores,2025-06-11
Germany,7693.41,Returning,DE,0,Ecom,2025-06-11
Germany,2802.44,Returning,DE,0,Stores,2025-06-11
Germany,6101.45,New,DE,0,Ecom,2025-06-12
Germany,12575.5,New,DE,0,Stores,2025-06-12
Germany,6081.14,Returning,DE,0,Ecom,2025-06-12
Germany,4051.72,Returning,DE,0,Stores,2025-06-12
Germany,12456.51,New,DE,0,Ecom,2025-06-13
Germany,4911.1,New,DE,0,Stores,2025-06-13
Germany,12547.84,Returning,DE,0,Ecom,2025-06-13
Germany,2335.56,Returning,DE,0,Stores,2025-06-13
Germany,2846.78,New,DE,0,Ecom,2025-06-14
Germany,5179.21,New,DE,0,Stores,2025-06-14
Germany,18404.72,Returning,DE,0,Ecom,2025-06-14
Germany,2638.23,Returning,DE,0,Stores,2025-06-14
Germany,17054.79,New,DE,0,Ecom,2025-06-15
Germany,4752.16,New,DE,0,Stores,2025-06-15
Germany,6951.8,Returning,DE,0,Ecom,2025-06-15
Germany,3095.42,Returning,DE,0,Stores,2025-06-15
Germany,14546.54,New,DE,0,Ecom,2025-06-16
Germany,3872.35,New,DE,0,Stores,2025-06-16
Germany,8768.96,Returning,DE,0,Ecom,2025-06-16
Germany,3585.49,Returning,DE,0,Stores,2025-06-16
Germany,9691.65,New,DE,0,Ecom,2025-06-17
Germany,7873.77,New,DE,0,Stores,2025-06-17
Germany,2414.47,Returning,DE,0,Ecom,2025-06-17
Germany,8404.9,Returning,DE,0,Stores,2025-06-17
Germany,11560.52,New,DE,0,Ecom,2025-06-18
Germany,5455.8,New,DE,0,Stores,2025-06-18
Germany,7260.25,Returning,DE,0,Ecom,2025-06-18
Germany,1506.23,Returning,DE,0,Stores,2025-06-18
Germany,5675.41,New,DE,0,Ecom,2025-06-19
Germany,3556.44,New,DE,0,Stores,2025-06-19
Germany,12363.56,Returning,DE,0,Ecom,2025-06-19
Germany,7444.21,Returning,DE,0,Stores,2025-06-19
Germany,8111.12,New,DE,0,Ecom,2025-06-20
Germany,5790.15,New,DE,0,Stores,2025-06-20
Germany,8251.63,Returning,DE,0,Ecom,2025-06-20
Germany,7274.47,Returning,DE,0,Stores,2025-06-20
Germany,18388.54,New,DE,0,Ecom,2025-06-21
Germany,643.86,New,DE,0,Stores,2025-06-21
Germany,7320.44,Returning,DE,0,Ecom,2025-06-21
Germany,2146.21,Returning,DE,0,Stores,2025-06-21
Germany,13898.46,New,DE,0,Ecom,2025-06-22
Germany,2549.89,New,DE,0,Stores,2025-06-22
Germany,5585.83,Returning,DE,0,Ecom,2025-06-22
Germany,7268.18,Returning,DE,0,Stores,2025-06-22
Germany,6213.96,New,DE,0,Ecom,2025-06-23
Germany,11774.25,New,DE,0,Stores,2025-06-23
Germany,6720.64,Returning,DE,0,Ecom,2025-06-23
Germany,7238.17,Returning,DE,0,Stores,2025-06-23
Germany,11159.92,New,DE,0,Ecom,2025-06-24
Germany,3016.04,New,DE,0,Stores,2025-06-24
Germany,11140.6,Returning,DE,0,Ecom,2025-06-24
Germany,3204.51,Returning,DE,0,Stores,2025-06-24
Germany,17032.68,New,DE,0,Ecom,2025-06-25
Germany,4649.86,New,DE,0,Stores,2025-06-25
Germany,3681.17,Returning,DE,0,Ecom,2025-06-25
Germany,1232.77,Returning,DE,0,Stores,2025-06-25
Germany,6708.23,New,DE,0,Ecom,2025-06-26
Germany,9309.74,New,DE,0,Stores,2025-06-26
Germany,9185.28,Returning,DE,0,Ecom,2025-06-26
Germany,2333.76,Returning,DE,0,Stores,2025-06-26
Germany,5235.15,New,DE,0,Ecom,2025-06-27
Germany,5404.78,New,DE,0,Stores,2025-06-27
Germany,11683.69,Returning,DE,0,Ecom,2025-06-27
Germany,922.23,Returning,DE,0,Stores,2025-06-27
Germany,6873.69,New,DE,0,Ecom,2025-06-28
Germany,3607.15,New,DE,0,Stores,2025-06-28
Germany,16814.44,Returning,DE,0,Ecom,2025-06-28
Germany,1295.16,Returning,DE,0,Stores,2025-06-28
Germany,14963.57,New,DE,0,Ecom,2025-06-29
Germany,3341.33,New,DE,0,Stores,2025-06-29
Germany,7869.98,Returning,DE,0,Ecom,2025-06-29
Germany,772.77,Returning,DE,0,Stores,2025-06-29
Germany,17880.49,New,DE,0,Ecom,2025-06-30
Germany,5478.48,New,DE,0,Stores,2025-06-30
Germany,3284.63,Returning,DE,0,Ecom,2025-06-30
Germany,4616.6,Returning,DE,0,Stores,2025-06-30
Germany,16149.75,New,DE,0,Ecom,2025-07-01
Germany,8219.88,New,DE,0,Stores,2025-07-01
Germany,9140.63,Returning,DE,0,Ecom,2025-07-01
Germany,142.34,Returning,DE,0,Stores,2025-07-01
Germany,6509.59,New,DE,0,Ecom,2025-07-02
Germany,20239.16,New,DE,0,Stores,2025-07-02
Germany,3402.81,Returning,DE,0,Ecom,2025-07-02
Germany,1150.43,Returning,DE,0,Stores,2025-07-02
Germany,16940.89,New,DE,0,Ecom,2025-07-03
Germany,8628.54,New,DE,0,Stores,2025-07-03
Germany,3313.63,Returning,DE,0,Ecom,2025-07-03
Germany,2730.07,Returning,DE,0,Stores,2025-07-03
Germany,11725.8,New,DE,0,Ecom,2025-07-04
Germany,5600.29,New,DE,0,Stores,2025-07-04
Germany,2265.26,Returning,DE,0,Ecom,2025-07-04
Germany,8932.83,Returning,DE,0,Stores,2025-07-04
Germany,4745.18,New,DE,0,Ecom,2025-07-05
Germany,10995.31,New,DE,0,Stores,2025-07-05
Germany,6791.54,Returning,DE,0,Ecom,2025-07-05
Germany,9477.7,Returning,DE,0,Stores,2025-07-05
Germany,10869.79,New,DE,0,Ecom,2025-07-06
Germany,14413.91,New,DE,0,Stores,2025-07-06
Germany,455.87,Returning,DE,0,Ecom,2025-07-06
Germany,1757.37,Returning,DE,0,Stores,2025-07-06
Germany,17265.83,New,DE,0,Ecom,2025-07-07
Germany,5225.0,New,DE,0,Stores,2025-07-07
Germany,3058.11,Returning,DE,0,Ecom,2025-07-07
Germany,3887.18,Returning,DE,0,Stores,2025-07-07
Germany,12304.95,New,DE,0,Ecom,2025-07-08
Germany,4362.45,New,DE,0,Stores,2025-07-08
Germany,5634.5,Returning,DE,0,Ecom,2025-07-08
Germany,3938.13,Returning,DE,0,Stores,2025-07-08
Germany,12887.4,New,DE,0,Ecom,2025-07-09
Germany,9821.16,New,DE,0,Stores,2025-07-09
Germany,2983.94,Returning,DE,0,Ecom,2025-07-09
Germany,4804.99,Returning,DE,0,Stores,2025-07-09
Germany,11979.91,New,DE,0,Ecom,2025-07-10
Germany,8424.83,New,DE,0,Stores,2025-07-10
Germany,6324.55,Returning,DE,0,Ecom,2025-07-10
Germany,2206.51,Returning,DE,0,Stores,2025-07-10
Germany,10785.22,New,DE,0,Ecom,2025-07-11
Germany,15052.62,New,DE,0,Stores,2025-07-11
Germany,6905.16,Returning,DE,0,Ecom,2025-07-11
Germany,3214.18,Returning,DE,0,Stores,2025-07-11
Germany,8748.02,New,DE,0,Ecom,2025-07-12
Germany,11001.81,New,DE,0,Stores,2025-07-12
Germany,7997.54,Returning,DE,0,Ecom,2025-07-12
Germany,1421.88,Returning,DE,0,Stores,2025-07-12
Germany,6704.62,New,DE,0,Ecom,2025-07-13
Germany,8599.91,New,DE,0,Stores,2025-07-13
Germany,7294.24,Returning,DE,0,Ecom,2025-07-13
Germany,9868.96,Returning,DE,0,Stores,2025-07-13
Germany,9965.63,New,DE,0,Ecom,2025-07-14
Germany,6706.24,New,DE,0,Stores,2025-07-14
Germany,4243.14,Returning,DE,0,Ecom,2025-07-14
Germany,5796.96,Returning,DE,0,Stores,2025-07-14
Germany,13294.32,New,DE,0,Ecom,2025-07-15
Germany,11584.92,New,DE,0,Stores,2025-07-15
Germany,3444.92,Returning,DE,0,Ecom,2025-07-15
Germany,1331.95,Returning,DE,0,Stores,2025-07-15
Germany,8900.75,New,DE,0,Ecom,2025-07-16
Germany,15041.79,New,DE,0,Stores,2025-07-16
Germany,3063.53,Returning,DE,0,Ecom,2025-07-16
Germany,2470.78,Returning,DE,0,Stores,2025-07-16
Germany,23323.16,New,DE,0,Ecom,2025-07-17
Germany,1272.64,New,DE,0,Stores,2025-07-17
Germany,7639.99,Returning,DE,0,Ecom,2025-07-17
Germany,404.24,Returning,DE,0,Stores,2025-07-17
Germany,6225.83,New,DE,0,Ecom,2025-07-18
Germany,11597.37,New,DE,0,Stores,2025-07-18
Germany,10334.82,Returning,DE,0,Ecom,2025-07-18
Germany,537.04,Returning,DE,0,Stores,2025-07-18
Germany,10430.23,New,DE,0,Ecom,2025-07-19
Germany,7264.82,New,DE,0,Stores,2025-07-19
Germany,10177.03,Returning,DE,0,Ecom,2025-07-19
Germany,2723.29,Returning,DE,0,Stores,2025-07-19
Germany,5004.13,New,DE,0,Ecom,2025-07-20
Germany,6170.64,New,DE,0,Stores,2025-07-20
Germany,6722.44,Returning,DE,0,Ecom,2025-07-20
Germany,10688.94,Returning,DE,0,Stores,2025-07-20
Germany,7151.48,New,DE,0,Ecom,2025-07-21
Germany,7487.79,New,DE,0,Stores,2025-07-21
Germany,12778.05,Returning,DE,0,Ecom,2025-07-21
Germany,367.49,Returning,DE,0,Stores,2025-07-21
Germany,11187.43,New,DE,0,Ecom,2025-07-22
Germany,3937.46,New,DE,0,Stores,2025-07-22
Germany,15375.92,Returning,DE,0,Ecom,2025-07-22
Germany,2603.57,Returning,DE,0,Stores,2025-07-22
Germany,10120.29,New,DE,0,Ecom,2025-07-23
Germany,2693.31,New,DE,0,Stores,2025-07-23
Germany,3650.14,Returning,DE,0,Ecom,2025-07-23
Germany,10737.96,Returning,DE,0,Stores,2025-07-23
Germany,8786.25,New,DE,0,Ecom,2025-07-24
Germany,3530.43,New,DE,0,Stores,2025-07-24
Germany,11046.75,Returning,DE,0,Ecom,2025-07-24
Germany,713.02,Returning,DE,0,Stores,2025-07-24
Germany,23831.18,New,DE,0,Ecom,2025-07-25
Germany,2157.11,New,DE,0,Stores,2025-07-25
Germany,3170.14,Returning,DE,0,Ecom,2025-07-25
Germany,2397.29,Returning,DE,0,Stores,2025-07-25
Germany,15730.65,New,DE,0,Ecom,2025-07-26
Germany,3940.43,New,DE,0,Stores,2025-07-26
Germany,5244.9,Returning,DE,0,Ecom,2025-07-26
Germany,2369.45,Returning,DE,0,Stores,2025-07-26
Germany,10390.87,New,DE,0,Ecom,2025-07-27
Germany,2375.34,New,DE,0,Stores,2025-07-27
Germany,14909.37,Returning,DE,0,Ecom,2025-07-27
Germany,1335.7,Returning,DE,0,Stores,2025-07-27
Germany,6458.22,New,DE,0,Ecom,2025-07-28
Germany,6353.74,New,DE,0,Stores,2025-07-28
Germany,11779.73,Returning,DE,0,Ecom,2025-07-28
Germany,2549.71,Returning,DE,0,Stores,2025-07-28
Germany,4369.8,New,DE,0,Ecom,2025-07-29
Germany,14488.45,New,DE,0,Stores,2025-07-29
Germany,9501.07,Returning,DE,0,Ecom,2025-07-29
Germany,806.32,Returning,DE,0,Stores,2025-07-29
Germany,14616.59,New,DE,0,Ecom,2025-07-30
Germany,5812.15,New,DE,0,Stores,2025-07-30
Germany,9230.36,Returning,DE,0,Ecom,2025-07-30
Germany,189.86,Returning,DE,0,Stores,2025-07-30
Germany,10792.1,New,DE,0,Ecom,2025-07-31
Germany,5719.14,New,DE,0,Stores,2025-07-31
Germany,7757.77,Returning,DE,0,Ecom,2025-07-31
Germany,5590.84,Returning,DE,0,Stores,2025-07-31
Germany,4101.95,New,DE,0,Ecom,2025-08-01
Germany,3908.55,New,DE,0,Stores,2025-08-01
Germany,10682.06,Returning,DE,0,Ecom,2025-08-01
Germany,7452.56,Returning,DE,0,Stores,2025-08-01
Germany,8790.22,New,DE,0,Ecom,2025-08-02
Germany,18809.62,New,DE,0,Stores,2025-08-02
Germany,1257.84,Returning,DE,0,Ecom,2025-08-02
Germany,5315.01,Returning,DE,0,Stores,2025-08-02
Germany,7222.17,New,DE,0,Ecom,2025-08-03
Germany,2860.61,New,DE,0,Stores,2025-08-03
Germany,17048.34,Returning,DE,0,Ecom,2025-08-03
Germany,931.02,Returning,DE,0,Stores,2025-08-03
Germany,4499.68,New,DE,0,Ecom,2025-08-04
Germany,4560.5,New,DE,0,Stores,2025-08-04
Germany,3912.2,Returning,DE,0,Ecom,2025-08-04
Germany,16732.84,Returning,DE,0,Stores,2025-08-04
Germany,9864.56,New,DE,0,Ecom,2025-08-05
Germany,4155.01,New,DE,0,Stores,2025-08-05
Germany,10669.72,Returning,DE,0,Ecom,2025-08-05
Germany,1799.46,Returning,DE,0,Stores,2025-08-05
Germany,13559.75,New,DE,0,Ecom,2025-08-06
Germany,2621.63,New,DE,0,Stores,2025-08-06
Germany,9294.22,Returning,DE,0,Ecom,2025-08-06
Germany,1138.77,Returning,DE,0,Stores,2025-08-06
Germany,9267.88,New,DE,0,Ecom,2025-08-07
Germany,2777.13,New,DE,0,Stores,2025-08-07
Germany,13877.25,Returning,DE,0,Ecom,2025-08-07
Germany,1085.77,Returning,DE,0,Stores,2025-08-07
Germany,5194.12,New,DE,0,Ecom,2025-08-08
Germany,8789.09,New,DE,0,Stores,2025-08-08
Germany,6635.27,Returning,DE,0,Ecom,2025-08-08
Germany,4213.58,Returning,DE,0,Stores,2025-08-08
Germany,16665.39,New,DE,0,Ecom,2025-08-09
Germany,5096.3,New,DE,0,Stores,2025-08-09
Germany,8029.17,Returning,DE,0,Ecom,2025-08-09
Germany,1070.78,Returning,DE,0,Stores,2025-08-09
Germany,7902.02,New,DE,0,Ecom,2025-08-10
Germany,4283.95,New,DE,0,Stores,2025-08-10
Germany,7624.82,Returning,DE,0,Ecom,2025-08-10
Germany,12687.61,Returning,DE,0,Stores,2025-08-10
Germany,7760.59,New,DE,0,Ecom,2025-08-11
Germany,12541.09,New,DE,0,Stores,2025-08-11
Germany,3362.02,Returning,DE,0,Ecom,2025-08-11
Germany,2316.9,Returning,DE,0,Stores,2025-08-11
Germany,12735.66,New,DE,0,Ecom,2025-08-12
Germany,6543.5,New,DE,0,Stores,2025-08-12
Germany,2381.96,Returning,DE,0,Ecom,2025-08-12
Germany,5250.55,Returning,DE,0,Stores,2025-08-12
Germany,11321.85,New,DE,0,Ecom,2025-08-13
Germany,13751.62,New,DE,0,Stores,2025-08-13
Germany,5857.09,Returning,DE,0,Ecom,2025-08-13
Germany,3634.4,Returning,DE,0,Stores,2025-08-13
Germany,5872.78,New,DE,0,Ecom,2025-08-14
Germany,9214.3,New,DE,0,Stores,2025-08-14
Germany,3088.95,Returning,DE,0,Ecom,2025-08-14
Germany,8247.75,Returning,DE,0,Stores,2025-08-14
Germany,4407.78,New,DE,0,Ecom,2025-08-15
Germany,17277.77,New,DE,0,Stores,2025-08-15
Germany,1340.66,Returning,DE,0,Ecom,2025-08-15
Germany,8038.9,Returning,DE,0,Stores,2025-08-15
Germany,12477.96,New,DE,0,Ecom,2025-08-16
Germany,5480.44,New,DE,0,Stores,2025-08-16
Germany,6948.49,Returning,DE,0,Ecom,2025-08-16
Germany,2149.42,Returning,DE,0,Stores,2025-08-16
Germany,17922.4,New,DE,0,Ecom,2025-08-17
Germany,2225.86,New,DE,0,Stores,2025-08-17
Germany,3255.09,Returning,DE,0,Ecom,2025-08-17
Germany,1793.81,Returning,DE,0,Stores,2025-08-17
Germany,8407.57,New,DE,0,Ecom,2025-08-18
Germany,14605.92,New,DE,0,Stores,2025-08-18
Germany,4206.64,Returning,DE,0,Ecom,2025-08-18
Germany,458.98,Returning,DE,0,Stores,2025-08-18
Germany,10829.2,New,DE,0,Ecom,2025-08-19
Germany,9331.66,New,DE,0,Stores,2025-08-19
Germany,12583.77,Returning,DE,0,Ecom,2025-08-19
Germany,1067.88,Returning,DE,0,Stores,2025-08-19
Germany,7610.35,New,DE,0,Ecom,2025-08-20
Germany,2918.2,New,DE,0,Stores,2025-08-20
Germany,8486.31,Returning,DE,0,Ecom,2025-08-20
Germany,7327.13,Returning,DE,0,Stores,2025-08-20
Germany,15526.46,New,DE,0,Ecom,2025-08-21
Germany,3690.34,New,DE,0,Stores,2025-08-21
Germany,7174.03,Returning,DE,0,Ecom,2025-08-21
Germany,2856.48,Returning,DE,0,Stores,2025-08-21
Germany,21227.79,New,DE,0,Ecom,2025-08-22
Germany,7198.75,New,DE,0,Stores,2025-08-22
Germany,5553.34,Returning,DE,0,Ecom,2025-08-22
Germany,940.48,Returning,DE,0,Stores,2025-08-22
Germany,17108.41,New,DE,0,Ecom,2025-08-23
Germany,1275.25,New,DE,0,Stores,2025-08-23
Germany,2729.78,Returning,DE,0,Ecom,2025-08-23
Germany,4721.8,Returning,DE,0,Stores,2025-08-23
Germany,10767.15,New,DE,0,Ecom,2025-08-24
Germany,9897.97,New,DE,0,Stores,2025-08-24
Germany,1356.21,Returning,DE,0,Ecom,2025-08-24
Germany,3356.0,Returning,DE,0,Stores,2025-08-24
Germany,11705.83,New,DE,0,Ecom,2025-08-25
Germany,9311.69,New,DE,0,Stores,2025-08-25
Germany,3101.24,Returning,DE,0,Ecom,2025-08-25
Germany,3287.86,Returning,DE,0,Stores,2025-08-25
Germany,10886.79,New,DE,0,Ecom,2025-08-26
Germany,5502.43,New,DE,0,Stores,2025-08-26
Germany,2926.89,Returning,DE,0,Ecom,2025-08-26
Germany,5958.19,Returning,DE,0,Stores,2025-08-26
Germany,7933.05,New,DE,0,Ecom,2025-08-27
Germany,8871.79,New,DE,0,Stores,2025-08-27
Germany,7387.6,Returning,DE,0,Ecom,2025-08-27
Germany,1425.49,Returning,DE,0,Stores,2025-08-27
Germany,8629.29,New,DE,0,Ecom,2025-08-28
Germany,14409.22,New,DE,0,Stores,2025-08-28
Germany,4074.66,Returning,DE,0,Ecom,2025-08-28
Germany,1255.36,Returning,DE,0,Stores,2025-08-28
Germany,7672.18,New,DE,0,Ecom,2025-08-29
Germany,9363.34,New,DE,0,Stores,2025-08-29
Germany,4298.86,Returning,DE,0,Ecom,2025-08-29
Germany,5562.46,Returning,DE,0,Stores,2025-08-29
Germany,17078.58,New,DE,0,Ecom,2025-08-30
Germany,1756.95,New,DE,0,Stores,2025-08-30
Germany,5798.34,Returning,DE,0,Ecom,2025-08-30
Germany,3332.72,Returning,DE,0,Stores,2025-08-30
Germany,6058.5,New,DE,0,Ecom,2025-08-31
Germany,9579.21,New,DE,0,Stores,2025-08-31
Germany,12828.1,Returning,DE,0,Ecom,2025-08-31
Germany,897.79,Returning,DE,0,Stores,2025-08-31
Germany,12059.12,New,DE,0,Ecom,2025-09-01
Germany,4155.65,New,DE,0,Stores,2025-09-01
Germany,12670.85,Returning,DE,0,Ecom,2025-09-01
Germany,2033.38,Returning,DE,0,Stores,2025-09-01
Germany,16115.48,New,DE,0,Ecom,2025-09-02
Germany,4156.52,New,DE,0,Stores,2025-09-02
Germany,6246.86,Returning,DE,0,Ecom,2025-09-02
Germany,3545.35,Returning,DE,0,Stores,2025-09-02
Germany,9486.99,New,DE,0,Ecom,2025-09-03
Germany,12158.1,New,DE,0,Stores,2025-09-03
Germany,3002.45,Returning,DE,0,Ecom,2025-09-03
Germany,1505.64,Returning,DE,0,Stores,2025-09-03
Germany,6898.91,New,DE,0,Ecom,2025-09-04
Germany,11615.5,New,DE,0,Stores,2025-09-04
Germany,3236.27,Returning,DE,0,Ecom,2025-09-04
Germany,2846.86,Returning,DE,0,Stores,2025-09-04
Germany,16275.21,New,DE,0,Ecom,2025-09-05
Germany,1582.08,New,DE,0,Stores,2025-09-05
Germany,5674.73,Returning,DE,0,Ecom,2025-09-05
Germany,4862.27,Returning,DE,0,Stores,2025-09-05
Germany,21636.36,New,DE,0,Ecom,2025-09-06
Germany,3429.01,New,DE,0,Stores,2025-09-06
Germany,2384.44,Returning,DE,0,Ecom,2025-09-06
Germany,1894.01,Returning,DE,0,Stores,2025-09-06
Germany,10212.08,New,DE,0,Ecom,2025-09-07
Germany,5894.69,New,DE,0,Stores,2025-09-07
Germany,3974.59,Returning,DE,0,Ecom,2025-09-07
Germany,2971.71,Returning,DE,0,Stores,2025-09-07
Germany,11485.34,New,DE,0,Ecom,2025-09-08
Germany,6958.75,New,DE,0,Stores,2025-09-08
Germany,4263.9,Returning,DE,0,Ecom,2025-09-08
Germany,2505.16,Returning,DE,0,Stores,2025-09-08
Germany,9569.03,New,DE,0,Ecom,2025-09-09
Germany,1691.85,New,DE,0,Stores,2025-09-09
Germany,10989.01,Returning,DE,0,Ecom,2025-09-09
Germany,5340.55,Returning,DE,0,Stores,2025-09-09
Germany,3569.0,New,DE,0,Ecom,2025-09-10
Germany,14162.85,New,DE,0,Stores,2025-09-10
Germany,6985.0,Returning,DE,0,Ecom,2025-09-10
Germany,1935.05,Returning,DE,0,Stores,2025-09-10
Germany,11665.99,New,DE,0,Ecom,2025-09-11
Germany,5568.75,New,DE,0,Stores,2025-09-11
Germany,7898.29,Returning,DE,0,Ecom,2025-09-11
Germany,2005.32,Returning,DE,0,Stores,2025-09-11
Germany,10826.78,New,DE,0,Ecom,2025-09-12
Germany,3192.05,New,DE,0,Stores,2025-09-12
Germany,5359.23,Returning,DE,0,Ecom,2025-09-12
Germany,6748.34,Returning,DE,0,Stores,2025-09-12
Germany,14519.56,New,DE,0,Ecom,2025-09-13
Germany,4405.76,New,DE,0,Stores,2025-09-13
Germany,9202.85,Returning,DE,0,Ecom,2025-09-13
Germany,1165.51,Returning,DE,0,Stores,2025-09-13
Germany,6876.08,New,DE,0,Ecom,2025-09-14
Germany,8710.11,New,DE,0,Stores,2025-09-14
Germany,3115.36,Returning,DE,0,Ecom,2025-09-14
Germany,9771.31,Returning,DE,0,Stores,2025-09-14
Germany,3393.0,New,DE,0,Ecom,2025-09-15
Germany,10052.87,New,DE,0,Stores,2025-09-15
Germany,17234.37,Returning,DE,0,Ecom,2025-09-15
Germany,143.8,Returning,DE,0,Stores,2025-09-15
Germany,16871.11,New,DE,0,Ecom,2025-09-16
Germany,6047.94,New,DE,0,Stores,2025-09-16
Germany,6036.93,Returning,DE,0,Ecom,2025-09-16
Germany,772.1,Returning,DE,0,Stores,2025-09-16
Germany,14772.43,New,DE,0,Ecom,2025-09-17
Germany,1380.93,New,DE,0,Stores,2025-09-17
Germany,1585.93,Returning,DE,0,Ecom,2025-09-17
Germany,8929.26,Returning,DE,0,Stores,2025-09-17
Germany,16561.72,New,DE,0,Ecom,2025-09-18
Germany,6708.18,New,DE,0,Stores,2025-09-18
Germany,3117.93,Returning,DE,0,Ecom,2025-09-18
Germany,415.22,Returning,DE,0,Stores,2025-09-18
Germany,12414.56,New,DE,0,Ecom,2025-09-19
Germany,9696.73,New,DE,0,Stores,2025-09-19
Germany,6766.3,Returning,DE,0,Ecom,2025-09-19
Germany,1638.25,Returning,DE,0,Stores,2025-09-19
Germany,21231.78,New,DE,0,Ecom,2025-09-20
Germany,3301.94,New,DE,0,Stores,2025-09-20
Germany,2238.42,Returning,DE,0,Ecom,2025-09-20
Germany,7733.34,Returning,DE,0,Stores,2025-09-20
Germany,8139.99,New,DE,0,Ecom,2025-09-21
Germany,13665.14,New,DE,0,Stores,2025-09-21
Germany,4290.46,Returning,DE,0,Ecom,2025-09-21
Germany,1646.04,Returning,DE,0,Stores,2025-09-21
Germany,4478.78,New,DE,0,Ecom,2025-09-22
Germany,9735.02,New,DE,0,Stores,2025-09-22
Germany,9414.4,Returning,DE,0,Ecom,2025-09-22
Germany,4829.63,Returning,DE,0,Stores,2025-09-22
Germany,7114.59,New,DE,0,Ecom,2025-09-23
Germany,18877.67,New,DE,0,Stores,2025-09-23
Germany,4303.22,Returning,DE,0,Ecom,2025-09-23
Germany,311.95,Returning,DE,0,Stores,2025-09-23
Germany,6940.97,New,DE,0,Ecom,2025-09-24
Germany,9574.14,New,DE,0,Stores,2025-09-24
Germany,7451.46,Returning,DE,0,Ecom,2025-09-24
Germany,2773.23,Returning,DE,0,Stores,2025-09-24
Germany,7401.58,New,DE,0,Ecom,2025-09-25
Germany,11267.31,New,DE,0,Stores,2025-09-25
Germany,7934.59,Returning,DE,0,Ecom,2025-09-25
Germany,759.67,Returning,DE,0,Stores,2025-09-25
Germany,13526.86,New,DE,0,Ecom,2025-09-26
Germany,3618.91,New,DE,0,Stores,2025-09-26
Germany,8882.93,Returning,DE,0,Ecom,2025-09-26
Germany,1659.01,Returning,DE,0,Stores,2025-09-26
Germany,10222.17,New,DE,0,Ecom,2025-09-27
Germany,2894.58,New,DE,0,Stores,2025-09-27
Germany,11795.88,Returning,DE,0,Ecom,2025-09-27
Germany,4518.19,Returning,DE,0,Stores,2025-09-27
Germany,9925.34,New,DE,0,Ecom,2025-09-28
Germany,1776.19,New,DE,0,Stores,2025-09-28
Germany,9762.73,Returning,DE,0,Ecom,2025-09-28
Germany,3725.94,Returning,DE,0,Stores,2025-09-28
Germany,8684.67,New,DE,0,Ecom,2025-09-29
Germany,12670.13,New,DE,0,Stores,2025-09-29
Germany,5083.15,Returning,DE,0,Ecom,2025-09-29
Germany,1270.87,Returning,DE,0,Stores,2025-09-29
Germany,7113.54,New,DE,0,Ecom,2025-09-30
Germany,5343.27,New,DE,0,Stores,2025-09-30
Germany,12620.49,Returning,DE,0,Ecom,2025-09-30
Germany,76.49,Returning,DE,0,Stores,2025-09-30
Germany,8225.41,New,DE,0,Ecom,2025-10-01
Germany,9510.49,New,DE,0,Stores,2025-10-01
Germany,7340.66,Returning,DE,0,Ecom,2025-10-01
Germany,2988.14,Returning,DE,0,Stores,2025-10-01
Germany,6161.87,New,DE,0,Ecom,2025-10-02
Germany,6224.3,New,DE,0,Stores,2025-10-02
Germany,12120.42,Returning,DE,0,Ecom,2025-10-02
Germany,2145.02,Returning,DE,0,Stores,2025-10-02
Germany,11325.21,New,DE,0,Ecom,2025-10-03
Germany,8523.47,New,DE,0,Stores,2025-10-03
Germany,3164.52,Returning,DE,0,Ecom,2025-10-03
Germany,4359.86,Returning,DE,0,Stores,2025-10-03
Germany,17909.17,New,DE,0,Ecom,2025-10-04
Germany,3099.52,New,DE,0,Stores,2025-10-04
Germany,3816.43,Returning,DE,0,Ecom,2025-10-04
Germany,745.18,Returning,DE,0,Stores,2025-10-04
Germany,7290.86,New,DE,0,Ecom,2025-10-05
Germany,11807.78,New,DE,0,Stores,2025-10-05
Germany,4506.9,Returning,DE,0,Ecom,2025-10-05
Germany,1043.4,Returning,DE,0,Stores,2025-10-05
Germany,4723.35,New,DE,0,Ecom,2025-10-06
Germany,7549.06,New,DE,0,Stores,2025-10-06
Germany,12603.44,Returning,DE,0,Ecom,2025-10-06
Germany,1668.81,Returning,DE,0,Stores,2025-10-06
Germany,12966.93,New,DE,0,Ecom,2025-10-07
Germany,2423.74,New,DE,0,Stores,2025-10-07
Germany,337.47,Returning,DE,0,Ecom,2025-10-07
Germany,12674.71,Returning,DE,0,Stores,2025-10-07
Germany,18038.61,New,DE,0,Ecom,2025-10-08
Germany,4511.85,New,DE,0,Stores,2025-10-08
Germany,2597.24,Returning,DE,0,Ecom,2025-10-08
Germany,4221.54,Returning,DE,0,Stores,2025-10-08
Germany,17620.79,New,DE,0,Ecom,2025-10-09
Germany,4205.85,New,DE,0,Stores,2025-10-09
Germany,9791.72,Returning,DE,0,Ecom,2025-10-09
Germany,1830.65,Returning,DE,0,Stores,2025-10-09
Germany,8078.93,New,DE,0,Ecom,2025-10-10
Germany,7532.76,New,DE,0,Stores,2025-10-10
Germany,8827.34,Returning,DE,0,Ecom,2025-10-10
Germany,789.4,Returning,DE,0,Stores,2025-10-10
Germany,14657.8,New,DE,0,Ecom,2025-10-11
Germany,8992.69,New,DE,0,Stores,2025-10-11
Germany,4584.91,Returning,DE,0,Ecom,2025-10-11
Germany,2408.56,Returning,DE,0,Stores,2025-10-11
Germany,9896.39,New,DE,0,Ecom,2025-10-12
Germany,5659.39,New,DE,0,Stores,2025-10-12
Germany,11362.74,Returning,DE,0,Ecom,2025-10-12
Germany,567.36,Returning,DE,0,Stores,2025-10-12
Germany,10826.84,New,DE,0,Ecom,2025-10-13
Germany,11249.04,New,DE,0,Stores,2025-10-13
Germany,8565.61,Returning,DE,0,Ecom,2025-10-13
Germany,611.8,Returning,DE,0,Stores,2025-10-13
Germany,12439.0,New,DE,0,Ecom,2025-10-14
Germany,3934.99,New,DE,0,Stores,2025-10-14
Germany,7510.02,Returning,DE,0,Ecom,2025-10-14
Germany,7182.18,Returning,DE,0,Stores,2025-10-14
Germany,4355.0,New,DE,0,Ecom,2025-10-15
Germany,5943.06,New,DE,0,Stores,2025-10-15
Germany,11642.91,Returning,DE,0,Ecom,2025-10-15
Germany,10809.59,Returning,DE,0,Stores,2025-10-15
Germany,7965.48,New,DE,0,Ecom,2025-10-16
Germany,1280.62,New,DE,0,Stores,2025-10-16
Germany,16300.22,Returning,DE,0,Ecom,2025-10-16
Germany,509.06,Returning,DE,0,Stores,2025-10-16
Germany,7769.77,New,DE,0,Ecom,2025-10-17
Germany,6972.3,New,DE,0,Stores,2025-10-17
Germany,9734.78,Returning,DE,0,Ecom,2025-10-17
Germany,1343.44,Returning,DE,0,Stores,2025-10-17
Germany,8261.22,New,DE,0,Ecom,2025-10-18
Germany,2502.61,New,DE,0,Stores,2025-10-18
Germany,6086.91,Returning,DE,0,Ecom,2025-10-18
Germany,9225.12,Returning,DE,0,Stores,2025-10-18
Germany,5615.52,New,DE,0,Ecom,2025-10-19
Germany,5033.48,New,DE,0,Stores,2025-10-19
Germany,6370.38,Returning,DE,0,Ecom,2025-10-19
Germany,10418.72,Returning,DE,0,Stores,2025-10-19
Germany,10094.73,New,DE,0,Ecom,2025-10-20
Germany,4947.4,New,DE,0,Stores,2025-10-20
Germany,7129.98,Returning,DE,0,Ecom,2025-10-20
Germany,891.62,Returning,DE,0,Stores,2025-10-20
Germany,13745.1,New,DE,0,Ecom,2025-10-21
Germany,2824.98,New,DE,0,Stores,2025-10-21
Germany,11802.87,Returning,DE,0,Ecom,2025-10-21
Germany,1263.06,Returning,DE,0,Stores,2025-10-21
Germany,10858.77,New,DE,0,Ecom,2025-10-22
Germany,672.74,New,DE,0,Stores,2025-10-22
Germany,13916.97,Returning,DE,0,Ecom,2025-10-22
Germany,2693.45,Returning,DE,0,Stores,2025-10-22
Germany,14124.96,New,DE,0,Ecom,2025-10-23
Germany,7206.13,New,DE,0,Stores,2025-10-23
Germany,5777.93,Returning,DE,0,Ecom,2025-10-23
Germany,1120.31,Returning,DE,0,Stores,2025-10-23
Germany,16892.64,New,DE,0,Ecom,2025-10-24
Germany,5309.63,New,DE,0,Stores,2025-10-24
Germany,5469.57,Returning,DE,0,Ecom,2025-10-24
Germany,1673.57,Returning,DE,0,Stores,2025-10-24
Germany,8200.27,New,DE,0,Ecom,2025-10-25
Germany,1131.03,New,DE,0,Stores,2025-10-25
Germany,13304.04,Returning,DE,0,Ecom,2025-10-25
Germany,4926.02,Returning,DE,0,Stores,2025-10-25
Germany,7212.69,New,DE,0,Ecom,2025-10-26
Germany,2163.1,New,DE,0,Stores,2025-10-26
Germany,19639.5,Returning,DE,0,Ecom,2025-10-26
Germany,1845.46,Returning,DE,0,Stores,2025-10-26
Germany,12469.16,New,DE,0,Ecom,2025-10-27
Germany,3069.14,New,DE,0,Stores,2025-10-27
Germany,4408.76,Returning,DE,0,Ecom,2025-10-27
Germany,7560.75,Returning,DE,0,Stores,2025-10-27
Germany,6641.03,New,DE,0,Ecom,2025-10-28
Germany,4332.08,New,DE,0,Stores,2025-10-28
Germany,18628.58,Returning,DE,0,Ecom,2025-10-28
Germany,700.46,Returning,DE,0,Stores,2025-10-28
Germany,13069.41,New,DE,0,Ecom,2025-10-29
Germany,9267.29,New,DE,0,Stores,2025-10-29
Germany,4050.84,Returning,DE,0,Ecom,2025-10-29
Germany,1189.37,Returning,DE,0,Stores,2025-10-29
Germany,6333.82,New,DE,0,Ecom,2025-10-30
Germany,3010.01,New,DE,0,Stores,2025-10-30
Germany,10926.47,Returning,DE,0,Ecom,2025-10-30
Germany,6268.55,Returning,DE,0,Stores,2025-10-30
Germany,6358.83,New,DE,0,Ecom,2025-10-31
Germany,8916.1,New,DE,0,Stores,2025-10-31
Germany,5218.14,Returning,DE,0,Ecom,2025-10-31
Germany,9359.16,Returning,DE,0,Stores,2025-10-31
Germany,10965.29,New,DE,0,Ecom,2025-11-01
Germany,7930.19,New,DE,0,Stores,2025-11-01
Germany,3780.89,Returning,DE,0,Ecom,2025-11-01
Germany,3562.76,Returning,DE,0,Stores,2025-11-01
Germany,18912.97,New,DE,0,Ecom,2025-11-02
Germany,5502.66,New,DE,0,Stores,2025-11-02
Germany,4697.67,Returning,DE,0,Ecom,2025-11-02
Germany,372.28,Returning,DE,0,Stores,2025-11-02
Germany,9999.44,New,DE,0,Ecom,2025-11-03
Germany,6361.76,New,DE,0,Stores,2025-11-03
Germany,8658.22,Returning,DE,0,Ecom,2025-11-03
Germany,1438.23,Returning,DE,0,Stores,2025-11-03
Germany,11546.37,New,DE,0,Ecom,2025-11-04
Germany,4025.14,New,DE,0,Stores,2025-11-04
Germany,2246.61,Returning,DE,0,Ecom,2025-11-04
Germany,9368.0,Returning,DE,0,Stores,2025-11-04
Germany,11453.95,New,DE,0,Ecom,2025-11-05
Germany,11795.89,New,DE,0,Stores,2025-11-05
Germany,3107.55,Returning,DE,0,Ecom,2025-11-05
Germany,717.24,Returning,DE,0,Stores,2025-11-05
Germany,13237.58,New,DE,0,Ecom,2025-11-06
Germany,6959.89,New,DE,0,Stores,2025-11-06
Germany,5292.77,Returning,DE,0,Ecom,2025-11-06
Germany,2599.67,Returning,DE,0,Stores,2025-11-06
Germany,15667.66,New,DE,0,Ecom,2025-11-07
Germany,6580.05,New,DE,0,Stores,2025-11-07
Germany,2893.14,Returning,DE,0,Ecom,2025-11-07
Germany,1015.43,Returning,DE,0,Stores,2025-11-07
Germany,3225.32,New,DE,0,Ecom,2025-11-08
Germany,9203.43,New,DE,0,Stores,2025-11-08
Germany,18246.55,Returning,DE,0,Ecom,2025-11-08
Germany,178.93,Returning,DE,0,Stores,2025-11-08
Germany,6646.35,New,DE,0,Ecom,2025-11-09
Germany,10131.91,New,DE,0,Stores,2025-11-09
Germany,8965.06,Returning,DE,0,Ecom,2025-11-09
Germany,888.98,Returning,DE,0,Stores,2025-11-09
Germany,14569.17,New,DE,0,Ecom,2025-11-10
Germany,4484.92,New,DE,0,Stores,2025-11-10
Germany,6319.48,Returning,DE,0,Ecom,2025-11-10
Germany,1795.76,Returning,DE,0,Stores,2025-11-10
Germany,16396.87,New,DE,0,Ecom,2025-11-11
Germany,4343.25,New,DE,0,Stores,2025-11-11
Germany,7043.34,Returning,DE,0,Ecom,2025-11-11
Germany,961.82,Returning,DE,0,Stores,2025-11-11
Germany,4810.51,New,DE,0,Ecom,2025-11-12
Germany,8185.96,New,DE,0,Stores,2025-11-12
Germany,13852.67,Returning,DE,0,Ecom,2025-11-12
Germany,2499.95,Returning,DE,0,Stores,2025-11-12
Germany,17697.88,New,DE,0,Ecom,2025-11-13
Germany,1876.29,New,DE,0,Stores,2025-11-13
Germany,3504.62,Returning,DE,0,Ecom,2025-11-13
Germany,4477.28,Returning,DE,0,Stores,2025-11-13
Germany,15904.2,New,DE,0,Ecom,2025-11-14
Germany,6370.79,New,DE,0,Stores,2025-11-14
Germany,6359.6,Returning,DE,0,Ecom,2025-11-14
Germany,288.96,Returning,DE,0,Stores,2025-11-14
Germany,12754.65,New,DE,0,Ecom,2025-11-15
Germany,6931.12,New,DE,0,Stores,2025-11-15
Germany,4850.89,Returning,DE,0,Ecom,2025-11-15
Germany,7795.1,Returning,DE,0,Stores,2025-11-15
Germany,13006.36,New,DE,0,Ecom,2025-11-16
Germany,5174.32,New,DE,0,Stores,2025-11-16
Germany,11203.34,Returning,DE,0,Ecom,2025-11-16
Germany,1848.58,Returning,DE,0,Stores,2025-11-16
Germany,11254.8,New,DE,0,Ecom,2025-11-17
Germany,16991.57,New,DE,0,Stores,2025-11-17
Germany,6148.88,Returning,DE,0,Ecom,2025-11-17
Germany,529.89,Returning,DE,0,Stores,2025-11-17
Germany,13104.67,New,DE,0,Ecom,2025-11-18
Germany,9452.02,New,DE,0,Stores,2025-11-18
Germany,3978.75,Returning,DE,0,Ecom,2025-11-18
Germany,2479.38,Returning,DE,0,Stores,2025-11-18
Germany,7800.89,New,DE,0,Ecom,2025-11-19
Germany,10366.5,New,DE,0,Stores,2025-11-19
Germany,11944.53,Returning,DE,0,Ecom,2025-11-19
Germany,460.41,Returning,DE,0,Stores,2025-11-19
Germany,13835.04,New,DE,0,Ecom,2025-11-20
Germany,3289.54,New,DE,0,Stores,2025-11-20
Germany,11605.0,Returning,DE,0,Ecom,2025-11-20
Germany,324.06,Returning,DE,0,Stores,2025-11-20
Germany,7956.33,New,DE,0,Ecom,2025-11-21
Germany,13592.13,New,DE,0,Stores,2025-11-21
Germany,6533.42,Returning,DE,0,Ecom,2025-11-21
Germany,538.18,Returning,DE,0,Stores,2025-11-21
Germany,3850.68,New,DE,0,Ecom,2025-11-22
Germany,3004.49,New,DE,0,Stores,2025-11-22
Germany,20690.74,Returning,DE,0,Ecom,2025-11-22
Germany,2733.64,Returning,DE,0,Stores,2025-11-22
Germany,4801.14,New,DE,0,Ecom,2025-11-23
Germany,16692.17,New,DE,0,Stores,2025-11-23
Germany,5567.75,Returning,DE,0,Ecom,2025-11-23
Germany,2007.07,Returning,DE,0,Stores,2025-11-23
Germany,8653.86,New,DE,0,Ecom,2025-11-24
Germany,6150.38,New,DE,0,Stores,2025-11-24
Germany,8564.04,Returning,DE,0,Ecom,2025-11-24
Germany,3588.24,Returning,DE,0,Stores,2025-11-24
Germany,16725.44,New,DE,0,Ecom,2025-11-25
Germany,8654.17,New,DE,0,Stores,2025-11-25
Germany,5857.43,Returning,DE,0,Ecom,2025-11-25
Germany,2105.23,Returning,DE,0,Stores,2025-11-25
Germany,13329.74,New,DE,0,Ecom,2025-11-26
Germany,677.25,New,DE,0,Stores,2025-11-26
Germany,14915.77,Returning,DE,0,Ecom,2025-11-26
Germany,3311.62,Returning,DE,0,Stores,2025-11-26
Germany,11374.71,New,DE,0,Ecom,2025-11-27
Germany,4923.52,New,DE,0,Stores,2025-11-27
Germany,9524.01,Returning,DE,0,Ecom,2025-11-27
Germany,2293.33,Returning,DE,0,Stores,2025-11-27
Germany,7356.72,New,DE,0,Ecom,2025-11-28
Germany,13639.5,New,DE,0,Stores,2025-11-28
Germany,5430.97,Returning,DE,0,Ecom,2025-11-28
Germany,441.77,Returning,DE,0,Stores,2025-11-28
Germany,12538.24,New,DE,0,Ecom,2025-11-29
Germany,343.66,New,DE,0,Stores,2025-11-29
Germany,12586.42,Returning,DE,0,Ecom,2025-11-29
Germany,4868.89,Returning,DE,0,Stores,2025-11-29
Germany,3872.47,New,DE,0,Ecom,2025-11-30
Germany,13874.85,New,DE,0,Stores,2025-11-30
Germany,9293.29,Returning,DE,0,Ecom,2025-11-30
Germany,2114.49,Returning,DE,0,Stores,2025-11-30
Germany,9095.52,New,DE,0,Ecom,2025-12-01
Germany,841.42,New,DE,0,Stores,2025-12-01
Germany,11996.88,Returning,DE,0,Ecom,2025-12-01
Germany,7367.49,Returning,DE,0,Stores,2025-12-01
Germany,6402.1,New,DE,0,Ecom,2025-12-02
Germany,7901.47,New,DE,0,Stores,2025-12-02
Germany,11498.37,Returning,DE,0,Ecom,2025-12-02
Germany,4657.63,Returning,DE,0,Stores,2025-12-02
Germany,23343.71,New,DE,0,Ecom,2025-12-03
Germany,2114.97,New,DE,0,Stores,2025-12-03
Germany,427.82,Returning,DE,0,Ecom,2025-12-03
Germany,2582.35,Returning,DE,0,Stores,2025-12-03
Germany,17527.95,New,DE,0,Ecom,2025-12-04
Germany,3646.24,New,DE,0,Stores,2025-12-04
Germany,9811.27,Returning,DE,0,Ecom,2025-12-04
Germany,1881.82,Returning,DE,0,Stores,2025-12-04
Germany,10448.76,New,DE,0,Ecom,2025-12-05
Germany,6187.31,New,DE,0,Stores,2025-12-05
Germany,10865.2,Returning,DE,0,Ecom,2025-12-05
Germany,3338.32,Returning,DE,0,Stores,2025-12-05
Germany,12603.68,New,DE,0,Ecom,2025-12-06
Germany,8743.87,New,DE,0,Stores,2025-12-06
Germany,3230.1,Returning,DE,0,Ecom,2025-12-06
Germany,4864.27,Returning,DE,0,Stores,2025-12-06
Germany,12465.38,New,DE,0,Ecom,2025-12-07
Germany,11848.26,New,DE,0,Stores,2025-12-07
Germany,6080.15,Returning,DE,0,Ecom,2025-12-07
Germany,1902.64,Returning,DE,0,Stores,2025-12-07
Germany,14895.74,New,DE,0,Ecom,2025-12-08
Germany,6639.25,New,DE,0,Stores,2025-12-08
Germany,12752.41,Returning,DE,0,Ecom,2025-12-08
Germany,1001.93,Returning,DE,0,Stores,2025-12-08
Germany,14204.16,New,DE,0,Ecom,2025-12-09
Germany,4486.94,New,DE,0,Stores,2025-12-09
Germany,3871.53,Returning,DE,0,Ecom,2025-12-09
Germany,2716.25,Returning,DE,0,Stores,2025-12-09
Germany,12534.12,New,DE,0,Ecom,2025-12-10
Germany,4184.51,New,DE,0,Stores,2025-12-10
Germany,10899.69,Returning,DE,0,Ecom,2025-12-10
Germany,3040.62,Returning,DE,0,Stores,2025-12-10
Germany,10800.68,New,DE,0,Ecom,2025-12-11
Germany,8962.93,New,DE,0,Stores,2025-12-11
Germany,4438.52,Returning,DE,0,Ecom,2025-12-11
Germany,9421.0,Returning,DE,0,Stores,2025-12-11
Germany,18766.38,New,DE,0,Ecom,2025-12-12
Germany,3814.25,New,DE,0,Stores,2025-12-12
Germany,6167.73,Returning,DE,0,Ecom,2025-12-12
Germany,1515.54,Returning,DE,0,Stores,2025-12-12
Germany,12209.84,New,DE,0,Ecom,2025-12-13
Germany,10097.94,New,DE,0,Stores,2025-12-13
Germany,6473.56,Returning,DE,0,Ecom,2025-12-13
Germany,1796.27,Returning,DE,0,Stores,2025-12-13
Germany,6260.76,New,DE,0,Ecom,2025-12-14
Germany,7928.39,New,DE,0,Stores,2025-12-14
Germany,17809.77,Returning,DE,0,Ecom,2025-12-14
Germany,7251.83,Returning,DE,0,Stores,2025-12-14
Germany,7787.46,New,DE,0,Ecom,2025-12-15
Germany,8254.01,New,DE,0,Stores,2025-12-15
Germany,4780.17,Returning,DE,0,Ecom,2025-12-15
Germany,5092.06,Returning,DE,0,Stores,2025-12-15
Germany,13384.56,New,DE,0,Ecom,2025-12-16
Germany,6900.44,New,DE,0,Stores,2025-12-16
Germany,6089.5,Returning,DE,0,Ecom,2025-12-16
Germany,3591.38,Returning,DE,0,Stores,2025-12-16
Germany,6128.22,New,DE,0,Ecom,2025-12-17
Germany,9613.55,New,DE,0,Stores,2025-12-17
Germany,10024.81,Returning,DE,0,Ecom,2025-12-17
Germany,3677.35,Returning,DE,0,Stores,2025-12-17
Germany,10550.49,New,DE,0,Ecom,2025-12-18
Germany,9724.96,New,DE,0,Stores,2025-12-18
Germany,3763.86,Returning,DE,0,Ecom,2025-12-18
Germany,6141.1,Returning,DE,0,Stores,2025-12-18
Germany,19684.97,New,DE,0,Ecom,2025-12-19
Germany,2942.53,New,DE,0,Stores,2025-12-19
Germany,5112.32,Returning,DE,0,Ecom,2025-12-19
Germany,1310.16,Returning,DE,0,Stores,2025-12-19
Germany,12800.51,New,DE,0,Ecom,2025-12-20
Germany,16785.8,New,DE,0,Stores,2025-12-20
Germany,1783.83,Returning,DE,0,Ecom,2025-12-20
Germany,185.8,Returning,DE,0,Stores,2025-12-20
Germany,8460.68,New,DE,0,Ecom,2025-12-21
Germany,5460.78,New,DE,0,Stores,2025-12-21
Germany,5401.03,Returning,DE,0,Ecom,2025-12-21
Germany,7688.75,Returning,DE,0,Stores,2025-12-21
Germany,9305.4,New,DE,0,Ecom,2025-12-22
Germany,1461.41,New,DE,0,Stores,2025-12-22
Germany,19104.56,Returning,DE,0,Ecom,2025-12-22
Germany,894.83,Returning,DE,0,Stores,2025-12-22
Germany,8494.95,New,DE,0,Ecom,2025-12-23
Germany,11030.9,New,DE,0,Stores,2025-12-23
Germany,12290.58,Returning,DE,0,Ecom,2025-12-23
Germany,433.56,Returning,DE,0,Stores,2025-12-23
Germany,12140.71,New,DE,0,Ecom,2025-12-24
Germany,2905.19,New,DE,0,Stores,2025-12-24
Germany,15029.05,Returning,DE,0,Ecom,2025-12-24
Germany,467.8,Returning,DE,0,Stores,2025-12-24
Germany,1825.78,New,DE,0,Ecom,2025-12-25
Germany,10247.11,New,DE,0,Stores,2025-12-25
Germany,16208.68,Returning,DE,0,Ecom,2025-12-25
Germany,24.25,Returning,DE,0,Stores,2025-12-25
Germany,9446.77,New,DE,0,Ecom,2025-12-26
Germany,10523.85,New,DE,0,Stores,2025-12-26
Germany,3684.28,Returning,DE,0,Ecom,2025-12-26
Germany,4337.97,Returning,DE,0,Stores,2025-12-26
Germany,11392.88,New,DE,0,Ecom,2025-12-27
Germany,11076.5,New,DE,0,Stores,2025-12-27
Germany,4423.53,Returning,DE,0,Ecom,2025-12-27
Germany,1786.95,Returning,DE,0,Stores,2025-12-27
Germany,11255.3,New,DE,0,Ecom,2025-12-28
Germany,7282.38,New,DE,0,Stores,2025-12-28
Germany,9048.47,Returning,DE,0,Ecom,2025-12-28
Germany,90.27,Returning,DE,0,Stores,2025-12-28
Germany,14171.68,New,DE,0,Ecom,2025-12-29
Germany,4724.85,New,DE,0,Stores,2025-12-29
Germany,10986.39,Returning,DE,0,Ecom,2025-12-29
Germany,237.29,Returning,DE,0,Stores,2025-12-29
Germany,16424.03,New,DE,0,Ecom,2025-12-30
Germany,7016.45,New,DE,0,Stores,2025-12-30
Germany,3971.09,Returning,DE,0,Ecom,2025-12-30
Germany,1092.41,Returning,DE,0,Stores,2025-12-30
Finland,992.46,New,FI,0,Ecom,2024-01-01
Finland,1442.99,New,FI,0,Stores,2024-01-01
Finland,296.9,Returning,FI,0,Ecom,2024-01-01
Finland,1053.86,Returning,FI,0,Stores,2024-01-01
Finland,1617.62,New,FI,0,Ecom,2024-01-02
Finland,1028.39,New,FI,0,Stores,2024-01-02
Finland,1477.59,Returning,FI,0,Ecom,2024-01-02
Finland,548.52,Returning,FI,0,Stores,2024-01-02
Finland,2268.78,New,FI,0,Ecom,2024-01-03
Finland,1129.4,New,FI,0,Stores,2024-01-03
Finland,889.75,Returning,FI,0,Ecom,2024-01-03
Finland,102.12,Returning,FI,0,Stores,2024-01-03
Finland,3330.72,New,FI,0,Ecom,2024-01-04
Finland,1020.85,New,FI,0,Stores,2024-01-04
Finland,213.69,Returning,FI,0,Ecom,2024-01-04
Finland,828.45,Returning,FI,0,Stores,2024-01-04
Finland,2017.83,New,FI,0,Ecom,2024-01-05
Finland,394.46,New,FI,0,Stores,2024-01-05
Finland,349.24,Returning,FI,0,Ecom,2024-01-05
Finland,1758.07,Returning,FI,0,Stores,2024-01-05
Finland,1344.62,New,FI,0,Ecom,2024-01-06
Finland,803.04,New,FI,0,Stores,2024-01-06
Finland,2190.93,Returning,FI,0,Ecom,2024-01-06
Finland,304.91,Returning,FI,0,Stores,2024-01-06
Finland,1363.64,New,FI,0,Ecom,2024-01-07
Finland,831.47,New,FI,0,Stores,2024-01-07
Finland,229.06,Returning,FI,0,Ecom,2024-01-07
Finland,1482.73,Returning,FI,0,Stores,2024-01-07
Finland,3067.17,New,FI,0,Ecom,2024-01-08
Finland,702.62,New,FI,0,Stores,2024-01-08
Finland,1167.65,Returning,FI,0,Ecom,2024-01-08
Finland,197.47,Returning,FI,0,Stores,2024-01-08
Finland,284.53,New,FI,0,Ecom,2024-01-09
Finland,3480.48,New,FI,0,Stores,2024-01-09
Finland,1042.42,Returning,FI,0,Ecom,2024-01-09
Finland,212.71,Returning,FI,0,Stores,2024-01-09
Finland,2665.3,New,FI,0,Ecom,2024-01-10
Finland,560.01,New,FI,0,Stores,2024-01-10
Finland,1430.91,Returning,FI,0,Ecom,2024-01-10
Finland,162.6,Returning,FI,0,Stores,2024-01-10
Finland,1849.12,New,FI,0,Ecom,2024-01-11
Finland,525.06,New,FI,0,Stores,2024-01-11
Finland,1815.0,Returning,FI,0,Ecom,2024-01-11
Finland,829.91,Returning,FI,0,Stores,2024-01-11
Finland,860.18,New,FI,0,Ecom,2024-01-12
Finland,2641.97,New,FI,0,Stores,2024-01-12
Finland,873.48,Returning,FI,0,Ecom,2024-01-12
Finland,1005.32,Returning,FI,0,Stores,2024-01-12
Finland,643.3,New,FI,0,Ecom,2024-01-13
Finland,1206.81,New,FI,0,Stores,2024-01-13
Finland,1786.19,Returning,FI,0,Ecom,2024-01-13
Finland,396.28,Returning,FI,0,Stores,2024-01-13
Finland,1057.91,New,FI,0,Ecom,2024-01-14
Finland,2000.68,New,FI,0,Stores,2024-01-14
Finland,324.66,Returning,FI,0,Ecom,2024-01-14
Finland,747.81,Returning,FI,0,Stores,2024-01-14
Finland,1748.78,New,FI,0,Ecom,2024-01-15
Finland,596.64,New,FI,0,Stores,2024-01-15
Finland,1328.37,Returning,FI,0,Ecom,2024-01-15
Finland,149.98,Returning,FI,0,Stores,2024-01-15
Finland,1052.57,New,FI,0,Ecom,2024-01-16
Finland,1920.5,New,FI,0,Stores,2024-01-16
Finland,1015.66,Returning,FI,0,Ecom,2024-01-16
Finland,143.16,Returning,FI,0,Stores,2024-01-16
Finland,1075.65,New,FI,0,Ecom,2024-01-17
Finland,672.83,New,FI,0,Stores,2024-01-17
Finland,2282.88,Returning,FI,0,Ecom,2024-01-17
Finland,117.96,Returning,FI,0,Stores,2024-01-17
Finland,2703.35,New,FI,0,Ecom,2024-01-18
Finland,1656.02,New,FI,0,Stores,2024-01-18
Finland,352.06,Returning,FI,0,Ecom,2024-01-18
Finland,9.34,Returning,FI,0,Stores,2024-01-18
Finland,1519.44,New,FI,0,Ecom,2024-01-19
Finland,2170.96,New,FI,0,Stores,2024-01-19
Finland,978.64,Returning,FI,0,Ecom,2024-01-19
Finland,339.84,Returning,FI,0,Stores,2024-01-19
Finland,1384.43,New,FI,0,Ecom,2024-01-20
Finland,557.79,New,FI,0,Stores,2024-01-20
Finland,1707.48,Returning,FI,0,Ecom,2024-01-20
Finland,77.15,Returning,FI,0,Stores,2024-01-20
Finland,1710.81,New,FI,0,Ecom,2024-01-21
Finland,64.07,New,FI,0,Stores,2024-01-21
Finland,1482.27,Returning,FI,0,Ecom,2024-01-21
Finland,863.57,Returning,FI,0,Stores,2024-01-21
Finland,897.73,New,FI,0,Ecom,2024-01-22
Finland,822.97,New,FI,0,Stores,2024-01-22
Finland,3447.96,Returning,FI,0,Ecom,2024-01-22
Finland,292.62,Returning,FI,0,Stores,2024-01-22
Finland,624.72,New,FI,0,Ecom,2024-01-23
Finland,3038.11,New,FI,0,Stores,2024-01-23
Finland,723.56,Returning,FI,0,Ecom,2024-01-23
Finland,29.34,Returning,FI,0,Stores,2024-01-23
Finland,2491.08,New,FI,0,Ecom,2024-01-24
Finland,383.95,New,FI,0,Stores,2024-01-24
Finland,1684.73,Returning,FI,0,Ecom,2024-01-24
Finland,620.41,Returning,FI,0,Stores,2024-01-24
Finland,944.36,New,FI,0,Ecom,2024-01-25
Finland,2377.0,New,FI,0,Stores,2024-01-25
Finland,690.89,Returning,FI,0,Ecom,2024-01-25
Finland,341.25,Returning,FI,0,Stores,2024-01-25
Finland,1635.42,New,FI,0,Ecom,2024-01-26
Finland,1842.84,New,FI,0,Stores,2024-01-26
Finland,1501.71,Returning,FI,0,Ecom,2024-01-26
Finland,388.46,Returning,FI,0,Stores,2024-01-26
Finland,2366.22,New,FI,0,Ecom,2024-01-27
Finland,1046.43,New,FI,0,Stores,2024-01-27
Finland,1032.72,Returning,FI,0,Ecom,2024-01-27
Finland,212.6,Returning,FI,0,Stores,2024-01-27
Finland,1556.36,New,FI,0,Ecom,2024-01-28
Finland,1399.71,New,FI,0,Stores,2024-01-28
Finland,801.76,Returning,FI,0,Ecom,2024-01-28
Finland,1772.61,Returning,FI,0,Stores,2024-01-28
Finland,2392.9,New,FI,0,Ecom,2024-01-29
Finland,624.26,New,FI,0,Stores,2024-01-29
Finland,849.89,Returning,FI,0,Ecom,2024-01-29
Finland,393.15,Returning,FI,0,Stores,2024-01-29
Finland,1841.33,New,FI,0,Ecom,2024-01-30
Finland,1550.98,New,FI,0,Stores,2024-01-30
Finland,461.44,Returning,FI,0,Ecom,2024-01-30
Finland,1445.27,Returning,FI,0,Stores,2024-01-30
Finland,3268.54,New,FI,0,Ecom,2024-01-31
Finland,653.03,New,FI,0,Stores,2024-01-31
Finland,582.81,Returning,FI,0,Ecom,2024-01-31
Finland,365.73,Returning,FI,0,Stores,2024-01-31
Finland,1542.64,New,FI,0,Ecom,2024-02-01
Finland,459.66,New,FI,0,Stores,2024-02-01
Finland,1033.02,Returning,FI,0,Ecom,2024-02-01
Finland,1613.88,Returning,FI,0,Stores,2024-02-01
Finland,2629.28,New,FI,0,Ecom,2024-02-02
Finland,1562.98,New,FI,0,Stores,2024-02-02
Finland,610.67,Returning,FI,0,Ecom,2024-02-02
Finland,649.48,Returning,FI,0,Stores,2024-02-02
Finland,1628.22,New,FI,0,Ecom,2024-02-03
Finland,1343.79,New,FI,0,Stores,2024-02-03
Finland,1657.78,Returning,FI,0,Ecom,2024-02-03
Finland,60.57,Returning,FI,0,Stores,2024-02-03
Finland,1788.83,New,FI,0,Ecom,2024-02-04
Finland,912.64,New,FI,0,Stores,2024-02-04
Finland,151.17,Returning,FI,0,Ecom,2024-02-04
Finland,1646.43,Returning,FI,0,Stores,2024-02-04
Finland,1009.98,New,FI,0,Ecom,2024-02-05
Finland,1294.67,New,FI,0,Stores,2024-02-05
Finland,1455.34,Returning,FI,0,Ecom,2024-02-05
Finland,1013.37,Returning,FI,0,Stores,2024-02-05
Finland,2427.07,New,FI,0,Ecom,2024-02-06
Finland,1028.68,New,FI,0,Stores,2024-02-06
Finland,655.87,Returning,FI,0,Ecom,2024-02-06
Finland,277.43,Returning,FI,0,Stores,2024-02-06
Finland,2695.89,New,FI,0,Ecom,2024-02-07
Finland,1552.19,New,FI,0,Stores,2024-02-07
Finland,275.25,Returning,FI,0,Ecom,2024-02-07
Finland,374.99,Returning,FI,0,Stores,2024-02-07
Finland,1595.63,New,FI,0,Ecom,2024-02-08
Finland,2406.94,New,FI,0,Stores,2024-02-08
Finland,180.83,Returning,FI,0,Ecom,2024-02-08
Finland,370.4,Returning,FI,0,Stores,2024-02-08
Finland,2436.72,New,FI,0,Ecom,2024-02-09
Finland,286.46,New,FI,0,Stores,2024-02-09
Finland,1517.07,Returning,FI,0,Ecom,2024-02-09
Finland,480.31,Returning,FI,0,Stores,2024-02-09
Finland,1057.57,New,FI,0,Ecom,2024-02-10
Finland,1246.01,New,FI,0,Stores,2024-02-10
Finland,1887.36,Returning,FI,0,Ecom,2024-02-10
Finland,603.32,Returning,FI,0,Stores,2024-02-10
Finland,519.29,New,FI,0,Ecom,2024-02-11
Finland,3672.78,New,FI,0,Stores,2024-02-11
Finland,459.68,Returning,FI,0,Ecom,2024-02-11
Finland,55.78,Returning,FI,0,Stores,2024-02-11
Finland,2681.9,New,FI,0,Ecom,2024-02-12
Finland,573.03,New,FI,0,Stores,2024-02-12
Finland,1807.45,Returning,FI,0,Ecom,2024-02-12
Finland,34.69,Returning,FI,0,Stores,2024-02-12
Finland,2576.97,New,FI,0,Ecom,2024-02-13
Finland,255.72,New,FI,0,Stores,2024-02-13
Finland,1111.19,Returning,FI,0,Ecom,2024-02-13
Finland,488.07,Returning,FI,0,Stores,2024-02-13
Finland,1705.91,New,FI,0,Ecom,2024-02-14
Finland,2186.51,New,FI,0,Stores,2024-02-14
Finland,659.48,Returning,FI,0,Ecom,2024-02-14
Finland,504.02,Returning,FI,0,Stores,2024-02-14
Finland,2718.4,New,FI,0,Ecom,2024-02-15
Finland,300.94,New,FI,0,Stores,2024-02-15
Finland,908.82,Returning,FI,0,Ecom,2024-02-15
Finland,800.42,Returning,FI,0,Stores,2024-02-15
Finland,639.22,New,FI,0,Ecom,2024-02-16
Finland,267.59,New,FI,0,Stores,2024-02-16
Finland,1960.32,Returning,FI,0,Ecom,2024-02-16
Finland,1153.25,Returning,FI,0,Stores,2024-02-16
Finland,3171.48,New,FI,0,Ecom,2024-02-17
Finland,289.41,New,FI,0,Stores,2024-02-17
Finland,1128.34,Returning,FI,0,Ecom,2024-02-17
Finland,125.9,Returning,FI,0,Stores,2024-02-17
Finland,1395.78,New,FI,0,Ecom,2024-02-18
Finland,1180.89,New,FI,0,Stores,2024-02-18
Finland,1080.63,Returning,FI,0,Ecom,2024-02-18
Finland,503.35,Returning,FI,0,Stores,2024-02-18
Finland,716.48,New,FI,0,Ecom,2024-02-19
Finland,637.57,New,FI,0,Stores,2024-02-19
Finland,1292.82,Returning,FI,0,Ecom,2024-02-19
Finland,1695.92,Returning,FI,0,Stores,2024-02-19
Finland,374.7,New,FI,0,Ecom,2024-02-20
Finland,641.15,New,FI,0,Stores,2024-02-20
Finland,1472.23,Returning,FI,0,Ecom,2024-02-20
Finland,1238.53,Returning,FI,0,Stores,2024-02-20
Finland,1770.64,New,FI,0,Ecom,2024-02-21
Finland,208.4,New,FI,0,Stores,2024-02-21
Finland,1148.68,Returning,FI,0,Ecom,2024-02-21
Finland,771.55,Returning,FI,0,Stores,2024-02-21
Finland,2944.53,New,FI,0,Ecom,2024-02-22
Finland,356.5,New,FI,0,Stores,2024-02-22
Finland,1816.34,Returning,FI,0,Ecom,2024-02-22
Finland,162.97,Returning,FI,0,Stores,2024-02-22
Finland,3129.36,New,FI,0,Ecom,2024-02-23
Finland,1627.76,New,FI,0,Stores,2024-02-23
Finland,593.26,Returning,FI,0,Ecom,2024-02-23
Finland,751.3,Returning,FI,0,Stores,2024-02-23
Finland,2435.35,New,FI,0,Ecom,2024-02-24
Finland,366.32,New,FI,0,Stores,2024-02-24
Finland,1364.93,Returning,FI,0,Ecom,2024-02-24
Finland,517.04,Returning,FI,0,Stores,2024-02-24
Finland,2353.34,New,FI,0,Ecom,2024-02-25
Finland,325.87,New,FI,0,Stores,2024-02-25
Finland,772.51,Returning,FI,0,Ecom,2024-02-25
Finland,573.18,Returning,FI,0,Stores,2024-02-25
Finland,1474.11,New,FI,0,Ecom,2024-02-26
Finland,379.33,New,FI,0,Stores,2024-02-26
Finland,1734.91,Returning,FI,0,Ecom,2024-02-26
Finland,156.37,Returning,FI,0,Stores,2024-02-26
Finland,2067.82,New,FI,0,Ecom,2024-02-27
Finland,323.68,New,FI,0,Stores,2024-02-27
Finland,1318.23,Returning,FI,0,Ecom,2024-02-27
Finland,727.96,Returning,FI,0,Stores,2024-02-27
Finland,585.26,New,FI,0,Ecom,2024-02-28
Finland,2373.63,New,FI,0,Stores,2024-02-28
Finland,1620.28,Returning,FI,0,Ecom,2024-02-28
Finland,516.17,Returning,FI,0,Stores,2024-02-28
Finland,975.67,New,FI,0,Ecom,2024-02-29
Finland,1081.24,New,FI,0,Stores,2024-02-29
Finland,2199.8,Returning,FI,0,Ecom,2024-02-29
Finland,444.55,Returning,FI,0,Stores,2024-02-29
Finland,812.74,New,FI,0,Ecom,2024-03-01
Finland,783.69,New,FI,0,Stores,2024-03-01
Finland,2295.68,Returning,FI,0,Ecom,2024-03-01
Finland,187.35,Returning,FI,0,Stores,2024-03-01
Finland,1582.71,New,FI,0,Ecom,2024-03-02
Finland,2326.24,New,FI,0,Stores,2024-03-02
Finland,441.5,Returning,FI,0,Ecom,2024-03-02
Finland,695.07,Returning,FI,0,Stores,2024-03-02
Finland,1045.29,New,FI,0,Ecom,2024-03-03
Finland,2920.29,New,FI,0,Stores,2024-03-03
Finland,16.34,Returning,FI,0,Ecom,2024-03-03
Finland,299.94,Returning,FI,0,Stores,2024-03-03
Finland,2987.23,New,FI,0,Ecom,2024-03-04
Finland,376.38,New,FI,0,Stores,2024-03-04
Finland,1132.82,Returning,FI,0,Ecom,2024-03-04
Finland,434.34,Returning,FI,0,Stores,2024-03-04
Finland,1557.06,New,FI,0,Ecom,2024-03-05
Finland,296.06,New,FI,0,Stores,2024-03-05
Finland,1986.96,Returning,FI,0,Ecom,2024-03-05
Finland,38.24,Returning,FI,0,Stores,2024-03-05
Finland,898.69,New,FI,0,Ecom,2024-03-06
Finland,1774.35,New,FI,0,Stores,2024-03-06
Finland,430.83,Returning,FI,0,Ecom,2024-03-06
Finland,972.57,Returning,FI,0,Stores,2024-03-06
Finland,1620.92,New,FI,0,Ecom,2024-03-07
Finland,441.52,New,FI,0,Stores,2024-03-07
Finland,1225.23,Returning,FI,0,Ecom,2024-03-07
Finland,792.69,Returning,FI,0,Stores,2024-03-07
Finland,2199.68,New,FI,0,Ecom,2024-03-08
Finland,1214.35,New,FI,0,Stores,2024-03-08
Finland,412.54,Returning,FI,0,Ecom,2024-03-08
Finland,659.76,Returning,FI,0,Stores,2024-03-08
Finland,2306.31,New,FI,0,Ecom,2024-03-09
Finland,1274.64,New,FI,0,Stores,2024-03-09
Finland,824.53,Returning,FI,0,Ecom,2024-03-09
Finland,343.79,Returning,FI,0,Stores,2024-03-09
Finland,1103.27,New,FI,0,Ecom,2024-03-10
Finland,1190.73,New,FI,0,Stores,2024-03-10
Finland,1553.86,Returning,FI,0,Ecom,2024-03-10
Finland,263.48,Returning,FI,0,Stores,2024-03-10
Finland,1755.37,New,FI,0,Ecom,2024-03-11
Finland,981.11,New,FI,0,Stores,2024-03-11
Finland,954.42,Returning,FI,0,Ecom,2024-03-11
Finland,348.04,Returning,FI,0,Stores,2024-03-11
Finland,3448.22,New,FI,0,Ecom,2024-03-12
Finland,468.35,New,FI,0,Stores,2024-03-12
Finland,966.21,Returning,FI,0,Ecom,2024-03-12
Finland,399.96,Returning,FI,0,Stores,2024-03-12
Finland,559.48,New,FI,0,Ecom,2024-03-13
Finland,1827.29,New,FI,0,Stores,2024-03-13
Finland,686.1,Returning,FI,0,Ecom,2024-03-13
Finland,1488.29,Returning,FI,0,Stores,2024-03-13
Finland,1267.48,New,FI,0,Ecom,2024-03-14
Finland,665.83,New,FI,0,Stores,2024-03-14
Finland,1892.01,Returning,FI,0,Ecom,2024-03-14
Finland,862.06,Returning,FI,0,Stores,2024-03-14
Finland,1135.63,New,FI,0,Ecom,2024-03-15
Finland,3499.34,New,FI,0,Stores,2024-03-15
Finland,32.38,Returning,FI,0,Ecom,2024-03-15
Finland,456.88,Returning,FI,0,Stores,2024-03-15
Finland,2413.21,New,FI,0,Ecom,2024-03-16
Finland,501.83,New,FI,0,Stores,2024-03-16
Finland,2223.89,Returning,FI,0,Ecom,2024-03-16
Finland,130.48,Returning,FI,0,Stores,2024-03-16
Finland,2066.1,New,FI,0,Ecom,2024-03-17
Finland,721.18,New,FI,0,Stores,2024-03-17
Finland,819.83,Returning,FI,0,Ecom,2024-03-17
Finland,200.68,Returning,FI,0,Stores,2024-03-17
Finland,1332.37,New,FI,0,Ecom,2024-03-18
Finland,808.84,New,FI,0,Stores,2024-03-18
Finland,1473.63,Returning,FI,0,Ecom,2024-03-18
Finland,337.99,Returning,FI,0,Stores,2024-03-18
Finland,1120.21,New,FI,0,Ecom,2024-03-19
Finland,273.18,New,FI,0,Stores,2024-03-19
Finland,1075.63,Returning,FI,0,Ecom,2024-03-19
Finland,1472.91,Returning,FI,0,Stores,2024-03-19
Finland,2087.22,New,FI,0,Ecom,2024-03-20
Finland,1238.1,New,FI,0,Stores,2024-03-20
Finland,1167.54,Returning,FI,0,Ecom,2024-03-20
Finland,1227.01,Returning,FI,0,Stores,2024-03-20
Finland,2410.92,New,FI,0,Ecom,2024-03-21
Finland,723.38,New,FI,0,Stores,2024-03-21
Finland,1309.77,Returning,FI,0,Ecom,2024-03-21
Finland,232.86,Returning,FI,0,Stores,2024-03-21
Finland,1484.2,New,FI,0,Ecom,2024-03-22
Finland,1801.48,New,FI,0,Stores,2024-03-22
Finland,1665.83,Returning,FI,0,Ecom,2024-03-22
Finland,117.39,Returning,FI,0,Stores,2024-03-22
Finland,3003.69,New,FI,0,Ecom,2024-03-23
Finland,298.63,New,FI,0,Stores,2024-03-23
Finland,2109.34,Returning,FI,0,Ecom,2024-03-23
Finland,518.81,Returning,FI,0,Stores,2024-03-23
Finland,1427.88,New,FI,0,Ecom,2024-03-24
Finland,820.63,New,FI,0,Stores,2024-03-24
Finland,1610.02,Returning,FI,0,Ecom,2024-03-24
Finland,904.15,Returning,FI,0,Stores,2024-03-24
Finland,229.05,New,FI,0,Ecom,2024-03-25
Finland,473.4,New,FI,0,Stores,2024-03-25
Finland,2085.13,Returning,FI,0,Ecom,2024-03-25
Finland,1543.92,Returning,FI,0,Stores,2024-03-25
Finland,1961.29,New,FI,0,Ecom,2024-03-26
Finland,68.24,New,FI,0,Stores,2024-03-26
Finland,2403.11,Returning,FI,0,Ecom,2024-03-26
Finland,40.96,Returning,FI,0,Stores,2024-03-26
Finland,1199.49,New,FI,0,Ecom,2024-03-27
Finland,2377.75,New,FI,0,Stores,2024-03-27
Finland,955.24,Returning,FI,0,Ecom,2024-03-27
Finland,256.62,Returning,FI,0,Stores,2024-03-27
Finland,1013.07,New,FI,0,Ecom,2024-03-28
Finland,2626.76,New,FI,0,Stores,2024-03-28
Finland,55.73,Returning,FI,0,Ecom,2024-03-28
Finland,531.51,Returning,FI,0,Stores,2024-03-28
Finland,1245.62,New,FI,0,Ecom,2024-03-29
Finland,1694.34,New,FI,0,Stores,2024-03-29
Finland,1600.74,Returning,FI,0,Ecom,2024-03-29
Finland,463.71,Returning,FI,0,Stores,2024-03-29
Finland,2847.08,New,FI,0,Ecom,2024-03-30
Finland,1067.86,New,FI,0,Stores,2024-03-30
Finland,1117.12,Returning,FI,0,Ecom,2024-03-30
Finland,386.92,Returning,FI,0,Stores,2024-03-30
Finland,1852.48,New,FI,0,Ecom,2024-03-31
Finland,1286.22,New,FI,0,Stores,2024-03-31
Finland,271.09,Returning,FI,0,Ecom,2024-03-31
Finland,967.24,Returning,FI,0,Stores,2024-03-31
Finland,1810.66,New,FI,0,Ecom,2024-04-01
Finland,2055.82,New,FI,0,Stores,2024-04-01
Finland,218.04,Returning,FI,0,Ecom,2024-04-01
Finland,615.15,Returning,FI,0,Stores,2024-04-01
Finland,2014.37,New,FI,0,Ecom,2024-04-02
Finland,1087.95,New,FI,0,Stores,2024-04-02
Finland,521.64,Returning,FI,0,Ecom,2024-04-02
Finland,1432.68,Returning,FI,0,Stores,2024-04-02
Finland,2529.75,New,FI,0,Ecom,2024-04-03
Finland,765.73,New,FI,0,Stores,2024-04-03
Finland,1116.62,Returning,FI,0,Ecom,2024-04-03
Finland,262.89,Returning,FI,0,Stores,2024-04-03
Finland,3061.25,New,FI,0,Ecom,2024-04-04
Finland,445.08,New,FI,0,Stores,2024-04-04
Finland,372.79,Returning,FI,0,Ecom,2024-04-04
Finland,209.24,Returning,FI,0,Stores,2024-04-04
Finland,1678.09,New,FI,0,Ecom,2024-04-05
Finland,765.99,New,FI,0,Stores,2024-04-05
Finland,2198.65,Returning,FI,0,Ecom,2024-04-05
Finland,110.5,Returning,FI,0,Stores,2024-04-05
Finland,780.92,New,FI,0,Ecom,2024-04-06
Finland,1596.39,New,FI,0,Stores,2024-04-06
Finland,1175.88,Returning,FI,0,Ecom,2024-04-06
Finland,401.92,Returning,FI,0,Stores,2024-04-06
Finland,961.02,New,FI,0,Ecom,2024-04-07
Finland,2217.19,New,FI,0,Stores,2024-04-07
Finland,773.63,Returning,FI,0,Ecom,2024-04-07
Finland,234.47,Returning,FI,0,Stores,2024-04-07
Finland,1816.53,New,FI,0,Ecom,2024-04-08
Finland,318.17,New,FI,0,Stores,2024-04-08
Finland,531.72,Returning,FI,0,Ecom,2024-04-08
Finland,1894.0,Returning,FI,0,Stores,2024-04-08
Finland,2047.94,New,FI,0,Ecom,2024-04-09
Finland,1577.54,New,FI,0,Stores,2024-04-09
Finland,352.66,Returning,FI,0,Ecom,2024-04-09
Finland,488.89,Returning,FI,0,Stores,2024-04-09
Finland,2309.07,New,FI,0,Ecom,2024-04-10
Finland,550.38,New,FI,0,Stores,2024-04-10
Finland,1804.91,Returning,FI,0,Ecom,2024-04-10
Finland,168.96,Returning,FI,0,Stores,2024-04-10
Finland,1546.7,New,FI,0,Ecom,2024-04-11
Finland,694.43,New,FI,0,Stores,2024-04-11
Finland,1723.0,Returning,FI,0,Ecom,2024-04-11
Finland,1032.85,Returning,FI,0,Stores,2024-04-11
Finland,2119.74,New,FI,0,Ecom,2024-04-12
Finland,384.45,New,FI,0,Stores,2024-04-12
Finland,1282.1,Returning,FI,0,Ecom,2024-04-12
Finland,814.31,Returning,FI,0,Stores,2024-04-12
Finland,2240.69,New,FI,0,Ecom,2024-04-13
Finland,649.56,New,FI,0,Stores,2024-04-13
Finland,1374.01,Returning,FI,0,Ecom,2024-04-13
Finland,624.39,Returning,FI,0,Stores,2024-04-13
Finland,2136.91,New,FI,0,Ecom,2024-04-14
Finland,412.25,New,FI,0,Stores,2024-04-14
Finland,1515.13,Returning,FI,0,Ecom,2024-04-14
Finland,922.82,Returning,FI,0,Stores,2024-04-14
Finland,1192.19,New,FI,0,Ecom,2024-04-15
Finland,863.85,New,FI,0,Stores,2024-04-15
Finland,2738.32,Returning,FI,0,Ecom,2024-04-15
Finland,174.16,Returning,FI,0,Stores,2024-04-15
Finland,1353.88,New,FI,0,Ecom,2024-04-16
Finland,701.42,New,FI,0,Stores,2024-04-16
Finland,625.94,Returning,FI,0,Ecom,2024-04-16
Finland,1670.79,Returning,FI,0,Stores,2024-04-16
Finland,983.04,New,FI,0,Ecom,2024-04-17
Finland,1773.27,New,FI,0,Stores,2024-04-17
Finland,1143.63,Returning,FI,0,Ecom,2024-04-17
Finland,1662.91,Returning,FI,0,Stores,2024-04-17
Finland,881.24,New,FI,0,Ecom,2024-04-18
Finland,1301.67,New,FI,0,Stores,2024-04-18
Finland,1162.32,Returning,FI,0,Ecom,2024-04-18
Finland,1176.79,Returning,FI,0,Stores,2024-04-18
Finland,2096.78,New,FI,0,Ecom,2024-04-19
Finland,350.53,New,FI,0,Stores,2024-04-19
Finland,1985.62,Returning,FI,0,Ecom,2024-04-19
Finland,87.05,Returning,FI,0,Stores,2024-04-19
Finland,1894.62,New,FI,0,Ecom,2024-04-20
Finland,1540.37,New,FI,0,Stores,2024-04-20
Finland,1209.44,Returning,FI,0,Ecom,2024-04-20
Finland,779.08,Returning,FI,0,Stores,2024-04-20
Finland,2111.11,New,FI,0,Ecom,2024-04-21
Finland,1084.41,New,FI,0,Stores,2024-04-21
Finland,848.01,Returning,FI,0,Ecom,2024-04-21
Finland,283.6,Returning,FI,0,Stores,2024-04-21
Finland,2474.46,New,FI,0,Ecom,2024-04-22
Finland,1176.04,New,FI,0,Stores,2024-04-22
Finland,154.91,Returning,FI,0,Ecom,2024-04-22
Finland,472.54,Returning,FI,0,Stores,2024-04-22
Finland,1743.92,New,FI,0,Ecom,2024-04-23
Finland,1962.79,New,FI,0,Stores,2024-04-23
Finland,1071.3,Returning,FI,0,Ecom,2024-04-23
Finland,275.72,Returning,FI,0,Stores,2024-04-23
Finland,995.37,New,FI,0,Ecom,2024-04-24
Finland,1256.36,New,FI,0,Stores,2024-04-24
Finland,1720.87,Returning,FI,0,Ecom,2024-04-24
Finland,38.45,Returning,FI,0,Stores,2024-04-24
Finland,2097.14,New,FI,0,Ecom,2024-04-25
Finland,710.31,New,FI,0,Stores,2024-04-25
Finland,457.36,Returning,FI,0,Ecom,2024-04-25
Finland,748.27,Returning,FI,0,Stores,2024-04-25
Finland,1395.29,New,FI,0,Ecom,2024-04-26
Finland,631.3,New,FI,0,Stores,2024-04-26
Finland,2079.9,Returning,FI,0,Ecom,2024-04-26
Finland,300.89,Returning,FI,0,Stores,2024-04-26
Finland,1857.69,New,FI,0,Ecom,2024-04-27
Finland,1725.42,New,FI,0,Stores,2024-04-27
Finland,669.12,Returning,FI,0,Ecom,2024-04-27
Finland,548.92,Returning,FI,0,Stores,2024-04-27
Finland,779.58,New,FI,0,Ecom,2024-04-28
Finland,1148.82,New,FI,0,Stores,2024-04-28
Finland,493.25,Returning,FI,0,Ecom,2024-04-28
Finland,1873.61,Returning,FI,0,Stores,2024-04-28
Finland,3153.0,New,FI,0,Ecom,2024-04-29
Finland,912.07,New,FI,0,Stores,2024-04-29
Finland,985.32,Returning,FI,0,Ecom,2024-04-29
Finland,13.58,Returning,FI,0,Stores,2024-04-29
Finland,2010.77,New,FI,0,Ecom,2024-04-30
Finland,513.44,New,FI,0,Stores,2024-04-30
Finland,1917.09,Returning,FI,0,Ecom,2024-04-30
Finland,58.16,Returning,FI,0,Stores,2024-04-30
Finland,2202.37,New,FI,0,Ecom,2024-05-01
Finland,1781.08,New,FI,0,Stores,2024-05-01
Finland,420.59,Returning,FI,0,Ecom,2024-05-01
Finland,83.33,Returning,FI,0,Stores,2024-05-01
Finland,1563.85,New,FI,0,Ecom,2024-05-02
Finland,2080.6,New,FI,0,Stores,2024-05-02
Finland,740.73,Returning,FI,0,Ecom,2024-05-02
Finland,119.17,Returning,FI,0,Stores,2024-05-02
Finland,2942.54,New,FI,0,Ecom,2024-05-03
Finland,1059.58,New,FI,0,Stores,2024-05-03
Finland,580.27,Returning,FI,0,Ecom,2024-05-03
Finland,560.34,Returning,FI,0,Stores,2024-05-03
Finland,1449.59,New,FI,0,Ecom,2024-05-04
Finland,1163.54,New,FI,0,Stores,2024-05-04
Finland,1097.45,Returning,FI,0,Ecom,2024-05-04
Finland,537.13,Returning,FI,0,Stores,2024-05-04
Finland,1369.57,New,FI,0,Ecom,2024-05-05
Finland,368.73,New,FI,0,Stores,2024-05-05
Finland,1608.39,Returning,FI,0,Ecom,2024-05-05
Finland,1075.15,Returning,FI,0,Stores,2024-05-05
Finland,2377.48,New,FI,0,Ecom,2024-05-06
Finland,1153.87,New,FI,0,Stores,2024-05-06
Finland,802.65,Returning,FI,0,Ecom,2024-05-06
Finland,137.91,Returning,FI,0,Stores,2024-05-06
Finland,2388.88,New,FI,0,Ecom,2024-05-07
Finland,1615.39,New,FI,0,Stores,2024-05-07
Finland,1684.5,Returning,FI,0,Ecom,2024-05-07
Finland,46.1,Returning,FI,0,Stores,2024-05-07
Finland,888.07,New,FI,0,Ecom,2024-05-08
Finland,1527.71,New,FI,0,Stores,2024-05-08
Finland,1135.37,Returning,FI,0,Ecom,2024-05-08
Finland,1038.59,Returning,FI,0,Stores,2024-05-08
Finland,1396.54,New,FI,0,Ecom,2024-05-09
Finland,1062.95,New,FI,0,Stores,2024-05-09
Finland,1936.81,Returning,FI,0,Ecom,2024-05-09
Finland,429.28,Returning,FI,0,Stores,2024-05-09
Finland,1440.9,New,FI,0,Ecom,2024-05-10
Finland,2334.33,New,FI,0,Stores,2024-05-10
Finland,848.28,Returning,FI,0,Ecom,2024-05-10
Finland,156.98,Returning,FI,0,Stores,2024-05-10
Finland,2886.14,New,FI,0,Ecom,2024-05-11
Finland,1328.08,New,FI,0,Stores,2024-05-11
Finland,1008.22,Returning,FI,0,Ecom,2024-05-11
Finland,320.66,Returning,FI,0,Stores,2024-05-11
Finland,1035.33,New,FI,0,Ecom,2024-05-12
Finland,1784.06,New,FI,0,Stores,2024-05-12
Finland,1708.59,Returning,FI,0,Ecom,2024-05-12
Finland,986.48,Returning,FI,0,Stores,2024-05-12
Finland,1409.62,New,FI,0,Ecom,2024-05-13
Finland,2902.51,New,FI,0,Stores,2024-05-13
Finland,135.19,Returning,FI,0,Ecom,2024-05-13
Finland,127.02,Returning,FI,0,Stores,2024-05-13
Finland,1204.37,New,FI,0,Ecom,2024-05-14
Finland,1868.59,New,FI,0,Stores,2024-05-14
Finland,831.53,Returning,FI,0,Ecom,2024-05-14
Finland,281.98,Returning,FI,0,Stores,2024-05-14
Finland,1039.07,New,FI,0,Ecom,2024-05-15
Finland,720.71,New,FI,0,Stores,2024-05-15
Finland,2018.99,Returning,FI,0,Ecom,2024-05-15
Finland,887.94,Returning,FI,0,Stores,2024-05-15
Finland,1609.13,New,FI,0,Ecom,2024-05-16
Finland,521.16,New,FI,0,Stores,2024-05-16
Finland,1235.79,Returning,FI,0,Ecom,2024-05-16
Finland,1475.04,Returning,FI,0,Stores,2024-05-16
Finland,2496.66,New,FI,0,Ecom,2024-05-17
Finland,1909.17,New,FI,0,Stores,2024-05-17
Finland,440.85,Returning,FI,0,Ecom,2024-05-17
Finland,76.48,Returning,FI,0,Stores,2024-05-17
Finland,2999.92,New,FI,0,Ecom,2024-05-18
Finland,828.78,New,FI,0,Stores,2024-05-18
Finland,633.47,Returning,FI,0,Ecom,2024-05-18
Finland,310.49,Returning,FI,0,Stores,2024-05-18
Finland,937.24,New,FI,0,Ecom,2024-05-19
Finland,242.66,New,FI,0,Stores,2024-05-19
Finland,2091.8,Returning,FI,0,Ecom,2024-05-19
Finland,1199.81,Returning,FI,0,Stores,2024-05-19
Finland,3015.54,New,FI,0,Ecom,2024-05-20
Finland,412.47,New,FI,0,Stores,2024-05-20
Finland,396.22,Returning,FI,0,Ecom,2024-05-20
Finland,653.11,Returning,FI,0,Stores,2024-05-20
Finland,2035.81,New,FI,0,Ecom,2024-05-21
Finland,733.35,New,FI,0,Stores,2024-05-21
Finland,604.71,Returning,FI,0,Ecom,2024-05-21
Finland,1372.03,Returning,FI,0,Stores,2024-05-21
Finland,2276.88,New,FI,0,Ecom,2024-05-22
Finland,696.07,New,FI,0,Stores,2024-05-22
Finland,1715.03,Returning,FI,0,Ecom,2024-05-22
Finland,48.53,Returning,FI,0,Stores,2024-05-22
Finland,1179.12,New,FI,0,Ecom,2024-05-23
Finland,498.87,New,FI,0,Stores,2024-05-23
Finland,2621.25,Returning,FI,0,Ecom,2024-05-23
Finland,523.13,Returning,FI,0,Stores,2024-05-23
Finland,2108.05,New,FI,0,Ecom,2024-05-24
Finland,231.79,New,FI,0,Stores,2024-05-24
Finland,919.24,Returning,FI,0,Ecom,2024-05-24
Finland,1126.0,Returning,FI,0,Stores,2024-05-24
Finland,1790.71,New,FI,0,Ecom,2024-05-25
Finland,1028.45,New,FI,0,Stores,2024-05-25
Finland,1048.65,Returning,FI,0,Ecom,2024-05-25
Finland,794.75,Returning,FI,0,Stores,2024-05-25
Finland,1677.18,New,FI,0,Ecom,2024-05-26
Finland,1409.12,New,FI,0,Stores,2024-05-26
Finland,1026.61,Returning,FI,0,Ecom,2024-05-26
Finland,489.62,Returning,FI,0,Stores,2024-05-26
Finland,1626.38,New,FI,0,Ecom,2024-05-27
Finland,997.17,New,FI,0,Stores,2024-05-27
Finland,681.42,Returning,FI,0,Ecom,2024-05-27
Finland,1094.77,Returning,FI,0,Stores,2024-05-27
Finland,1990.04,New,FI,0,Ecom,2024-05-28
Finland,1674.18,New,FI,0,Stores,2024-05-28
Finland,576.34,Returning,FI,0,Ecom,2024-05-28
Finland,429.64,Returning,FI,0,Stores,2024-05-28
Finland,1959.67,New,FI,0,Ecom,2024-05-29
Finland,465.62,New,FI,0,Stores,2024-05-29
Finland,1929.9,Returning,FI,0,Ecom,2024-05-29
Finland,488.05,Returning,FI,0,Stores,2024-05-29
Finland,4119.91,New,FI,0,Ecom,2024-05-30
Finland,695.92,New,FI,0,Stores,2024-05-30
Finland,174.18,Returning,FI,0,Ecom,2024-05-30
Finland,240.45,Returning,FI,0,Stores,2024-05-30
Finland,1534.61,New,FI,0,Ecom,2024-05-31
Finland,533.75,New,FI,0,Stores,2024-05-31
Finland,1668.76,Returning,FI,0,Ecom,2024-05-31
Finland,2156.62,Returning,FI,0,Stores,2024-05-31
Finland,697.76,New,FI,0,Ecom,2024-06-01
Finland,1543.71,New,FI,0,Stores,2024-06-01
Finland,1323.13,Returning,FI,0,Ecom,2024-06-01
Finland,1611.79,Returning,FI,0,Stores,2024-06-01
Finland,1758.26,New,FI,0,Ecom,2024-06-02
Finland,273.05,New,FI,0,Stores,2024-06-02
Finland,1681.6,Returning,FI,0,Ecom,2024-06-02
Finland,436.36,Returning,FI,0,Stores,2024-06-02
Finland,1556.04,New,FI,0,Ecom,2024-06-03
Finland,909.56,New,FI,0,Stores,2024-06-03
Finland,1761.39,Returning,FI,0,Ecom,2024-06-03
Finland,106.9,Returning,FI,0,Stores,2024-06-03
Finland,2661.16,New,FI,0,Ecom,2024-06-04
Finland,1567.76,New,FI,0,Stores,2024-06-04
Finland,656.66,Returning,FI,0,Ecom,2024-06-04
Finland,168.68,Returning,FI,0,Stores,2024-06-04
Finland,2103.64,New,FI,0,Ecom,2024-06-05
Finland,1187.49,New,FI,0,Stores,2024-06-05
Finland,947.71,Returning,FI,0,Ecom,2024-06-05
Finland,441.21,Returning,FI,0,Stores,2024-06-05
Finland,2912.17,New,FI,0,Ecom,2024-06-06
Finland,1167.04,New,FI,0,Stores,2024-06-06
Finland,285.92,Returning,FI,0,Ecom,2024-06-06
Finland,173.1,Returning,FI,0,Stores,2024-06-06
Finland,983.19,New,FI,0,Ecom,2024-06-07
Finland,641.35,New,FI,0,Stores,2024-06-07
Finland,3395.13,Returning,FI,0,Ecom,2024-06-07
Finland,20.22,Returning,FI,0,Stores,2024-06-07
Finland,2737.93,New,FI,0,Ecom,2024-06-08
Finland,1790.41,New,FI,0,Stores,2024-06-08
Finland,751.78,Returning,FI,0,Ecom,2024-06-08
Finland,512.62,Returning,FI,0,Stores,2024-06-08
Finland,1254.33,New,FI,0,Ecom,2024-06-09
Finland,2409.11,New,FI,0,Stores,2024-06-09
Finland,1598.07,Returning,FI,0,Ecom,2024-06-09
Finland,100.29,Returning,FI,0,Stores,2024-06-09
Finland,2331.72,New,FI,0,Ecom,2024-06-10
Finland,2549.76,New,FI,0,Stores,2024-06-10
Finland,316.07,Returning,FI,0,Ecom,2024-06-10
Finland,96.23,Returning,FI,0,Stores,2024-06-10
Finland,1670.42,New,FI,0,Ecom,2024-06-11
Finland,995.62,New,FI,0,Stores,2024-06-11
Finland,472.1,Returning,FI,0,Ecom,2024-06-11
Finland,1548.79,Returning,FI,0,Stores,2024-06-11
Finland,2888.46,New,FI,0,Ecom,2024-06-12
Finland,758.34,New,FI,0,Stores,2024-06-12
Finland,802.87,Returning,FI,0,Ecom,2024-06-12
Finland,384.27,Returning,FI,0,Stores,2024-06-12
Finland,2474.47,New,FI,0,Ecom,2024-06-13
Finland,231.11,New,FI,0,Stores,2024-06-13
Finland,1031.83,Returning,FI,0,Ecom,2024-06-13
Finland,1327.45,Returning,FI,0,Stores,2024-06-13
Finland,1552.76,New,FI,0,Ecom,2024-06-14
Finland,2341.6,New,FI,0,Stores,2024-06-14
Finland,422.9,Returning,FI,0,Ecom,2024-06-14
Finland,1008.42,Returning,FI,0,Stores,2024-06-14
Finland,3852.54,New,FI,0,Ecom,2024-06-15
Finland,466.81,New,FI,0,Stores,2024-06-15
Finland,626.0,Returning,FI,0,Ecom,2024-06-15
Finland,21.37,Returning,FI,0,Stores,2024-06-15
Finland,778.37,New,FI,0,Ecom,2024-06-16
Finland,3148.71,New,FI,0,Stores,2024-06-16
Finland,1479.85,Returning,FI,0,Ecom,2024-06-16
Finland,626.86,Returning,FI,0,Stores,2024-06-16
Finland,775.45,New,FI,0,Ecom,2024-06-17
Finland,1566.57,New,FI,0,Stores,2024-06-17
Finland,1716.51,Returning,FI,0,Ecom,2024-06-17
Finland,1023.4,Returning,FI,0,Stores,2024-06-17
Finland,2585.64,New,FI,0,Ecom,2024-06-18
Finland,255.67,New,FI,0,Stores,2024-06-18
Finland,858.67,Returning,FI,0,Ecom,2024-06-18
Finland,806.83,Returning,FI,0,Stores,2024-06-18
Finland,688.39,New,FI,0,Ecom,2024-06-19
Finland,970.22,New,FI,0,Stores,2024-06-19
Finland,2291.18,Returning,FI,0,Ecom,2024-06-19
Finland,858.23,Returning,FI,0,Stores,2024-06-19
Finland,1653.19,New,FI,0,Ecom,2024-06-20
Finland,1183.49,New,FI,0,Stores,2024-06-20
Finland,1508.42,Returning,FI,0,Ecom,2024-06-20
Finland,1031.81,Returning,FI,0,Stores,2024-06-20
Finland,1783.99,New,FI,0,Ecom,2024-06-21
Finland,1607.99,New,FI,0,Stores,2024-06-21
Finland,1188.67,Returning,FI,0,Ecom,2024-06-21
Finland,343.29,Returning,FI,0,Stores,2024-06-21
Finland,1856.55,New,FI,0,Ecom,2024-06-22
Finland,1195.9,New,FI,0,Stores,2024-06-22
Finland,1563.62,Returning,FI,0,Ecom,2024-06-22
Finland,370.97,Returning,FI,0,Stores,2024-06-22
Finland,2351.2,New,FI,0,Ecom,2024-06-23
Finland,1167.48,New,FI,0,Stores,2024-06-23
Finland,699.69,Returning,FI,0,Ecom,2024-06-23
Finland,462.01,Returning,FI,0,Stores,2024-06-23
Finland,1856.83,New,FI,0,Ecom,2024-06-24
Finland,230.84,New,FI,0,Stores,2024-06-24
Finland,2335.48,Returning,FI,0,Ecom,2024-06-24
Finland,65.84,Returning,FI,0,Stores,2024-06-24
Finland,1473.85,New,FI,0,Ecom,2024-06-25
Finland,498.86,New,FI,0,Stores,2024-06-25
Finland,1442.31,Returning,FI,0,Ecom,2024-06-25
Finland,1485.13,Returning,FI,0,Stores,2024-06-25
Finland,2407.51,New,FI,0,Ecom,2024-06-26
Finland,1329.85,New,FI,0,Stores,2024-06-26
Finland,858.45,Returning,FI,0,Ecom,2024-06-26
Finland,498.7,Returning,FI,0,Stores,2024-06-26
Finland,2251.11,New,FI,0,Ecom,2024-06-27
Finland,826.05,New,FI,0,Stores,2024-06-27
Finland,310.25,Returning,FI,0,Ecom,2024-06-27
Finland,1104.08,Returning,FI,0,Stores,2024-06-27
Finland,3067.08,New,FI,0,Ecom,2024-06-28
Finland,271.06,New,FI,0,Stores,2024-06-28
Finland,783.42,Returning,FI,0,Ecom,2024-06-28
Finland,635.82,Returning,FI,0,Stores,2024-06-28
Finland,1950.81,New,FI,0,Ecom,2024-06-29
Finland,88.06,New,FI,0,Stores,2024-06-29
Finland,2258.3,Returning,FI,0,Ecom,2024-06-29
Finland,452.2,Returning,FI,0,Stores,2024-06-29
Finland,647.46,New,FI,0,Ecom,2024-06-30
Finland,2993.2,New,FI,0,Stores,2024-06-30
Finland,1268.28,Returning,FI,0,Ecom,2024-06-30
Finland,147.28,Returning,FI,0,Stores,2024-06-30
Finland,2487.31,New,FI,0,Ecom,2024-07-01
Finland,2110.39,New,FI,0,Stores,2024-07-01
Finland,453.03,Returning,FI,0,Ecom,2024-07-01
Finland,194.16,Returning,FI,0,Stores,2024-07-01
Finland,1385.14,New,FI,0,Ecom,2024-07-02
Finland,1092.3,New,FI,0,Stores,2024-07-02
Finland,751.12,Returning,FI,0,Ecom,2024-07-02
Finland,2022.62,Returning,FI,0,Stores,2024-07-02
Finland,2216.36,New,FI,0,Ecom,2024-07-03
Finland,579.83,New,FI,0,Stores,2024-07-03
Finland,154.85,Returning,FI,0,Ecom,2024-07-03
Finland,1402.08,Returning,FI,0,Stores,2024-07-03
Finland,3067.63,New,FI,0,Ecom,2024-07-04
Finland,548.43,New,FI,0,Stores,2024-07-04
Finland,1115.16,Returning,FI,0,Ecom,2024-07-04
Finland,503.66,Returning,FI,0,Stores,2024-07-04
Finland,2946.63,New,FI,0,Ecom,2024-07-05
Finland,805.19,New,FI,0,Stores,2024-07-05
Finland,547.61,Returning,FI,0,Ecom,2024-07-05
Finland,82.97,Returning,FI,0,Stores,2024-07-05
Finland,1940.38,New,FI,0,Ecom,2024-07-06
Finland,556.0,New,FI,0,Stores,2024-07-06
Finland,1019.95,Returning,FI,0,Ecom,2024-07-06
Finland,534.23,Returning,FI,0,Stores,2024-07-06
Finland,1875.5,New,FI,0,Ecom,2024-07-07
Finland,1742.53,New,FI,0,Stores,2024-07-07
Finland,134.3,Returning,FI,0,Ecom,2024-07-07
Finland,746.81,Returning,FI,0,Stores,2024-07-07
Finland,2546.84,New,FI,0,Ecom,2024-07-08
Finland,592.04,New,FI,0,Stores,2024-07-08
Finland,924.28,Returning,FI,0,Ecom,2024-07-08
Finland,654.72,Returning,FI,0,Stores,2024-07-08
Finland,1254.05,New,FI,0,Ecom,2024-07-09
Finland,1130.8,New,FI,0,Stores,2024-07-09
Finland,2080.47,Returning,FI,0,Ecom,2024-07-09
Finland,1109.71,Returning,FI,0,Stores,2024-07-09
Finland,1770.77,New,FI,0,Ecom,2024-07-10
Finland,2835.87,New,FI,0,Stores,2024-07-10
Finland,450.7,Returning,FI,0,Ecom,2024-07-10
Finland,382.94,Returning,FI,0,Stores,2024-07-10
Finland,2335.57,New,FI,0,Ecom,2024-07-11
Finland,693.25,New,FI,0,Stores,2024-07-11
Finland,1769.71,Returning,FI,0,Ecom,2024-07-11
Finland,366.24,Returning,FI,0,Stores,2024-07-11
Finland,2223.57,New,FI,0,Ecom,2024-07-12
Finland,1791.28,New,FI,0,Stores,2024-07-12
Finland,1381.31,Returning,FI,0,Ecom,2024-07-12
Finland,279.93,Returning,FI,0,Stores,2024-07-12
Finland,3055.37,New,FI,0,Ecom,2024-07-13
Finland,488.22,New,FI,0,Stores,2024-07-13
Finland,1127.76,Returning,FI,0,Ecom,2024-07-13
Finland,422.9,Returning,FI,0,Stores,2024-07-13
Finland,2542.71,New,FI,0,Ecom,2024-07-14
Finland,1727.08,New,FI,0,Stores,2024-07-14
Finland,1263.91,Returning,FI,0,Ecom,2024-07-14
Finland,148.34,Returning,FI,0,Stores,2024-07-14
Finland,1824.48,New,FI,0,Ecom,2024-07-15
Finland,1669.88,New,FI,0,Stores,2024-07-15
Finland,977.1,Returning,FI,0,Ecom,2024-07-15
Finland,150.57,Returning,FI,0,Stores,2024-07-15
Finland,1904.98,New,FI,0,Ecom,2024-07-16
Finland,838.45,New,FI,0,Stores,2024-07-16
Finland,3044.18,Returning,FI,0,Ecom,2024-07-16
Finland,69.51,Returning,FI,0,Stores,2024-07-16
Finland,607.3,New,FI,0,Ecom,2024-07-17
Finland,3787.42,New,FI,0,Stores,2024-07-17
Finland,541.74,Returning,FI,0,Ecom,2024-07-17
Finland,219.49,Returning,FI,0,Stores,2024-07-17
Finland,1567.98,New,FI,0,Ecom,2024-07-18
Finland,2036.7,New,FI,0,Stores,2024-07-18
Finland,1506.67,Returning,FI,0,Ecom,2024-07-18
Finland,760.36,Returning,FI,0,Stores,2024-07-18
Finland,3837.97,New,FI,0,Ecom,2024-07-19
Finland,729.07,New,FI,0,Stores,2024-07-19
Finland,524.44,Returning,FI,0,Ecom,2024-07-19
Finland,400.01,Returning,FI,0,Stores,2024-07-19
Finland,1159.56,New,FI,0,Ecom,2024-07-20
Finland,2927.65,New,FI,0,Stores,2024-07-20
Finland,1225.58,Returning,FI,0,Ecom,2024-07-20
Finland,275.87,Returning,FI,0,Stores,2024-07-20
Finland,554.99,New,FI,0,Ecom,2024-07-21
Finland,522.81,New,FI,0,Stores,2024-07-21
Finland,1395.41,Returning,FI,0,Ecom,2024-07-21
Finland,2214.39,Returning,FI,0,Stores,2024-07-21
Finland,1044.79,New,FI,0,Ecom,2024-07-22
Finland,276.71,New,FI,0,Stores,2024-07-22
Finland,3669.46,Returning,FI,0,Ecom,2024-07-22
Finland,201.26,Returning,FI,0,Stores,2024-07-22
Finland,2367.7,New,FI,0,Ecom,2024-07-23
Finland,1394.04,New,FI,0,Stores,2024-07-23
Finland,492.16,Returning,FI,0,Ecom,2024-07-23
Finland,576.23,Returning,FI,0,Stores,2024-07-23
Finland,1097.13,New,FI,0,Ecom,2024-07-24
Finland,1035.78,New,FI,0,Stores,2024-07-24
Finland,2685.67,Returning,FI,0,Ecom,2024-07-24
Finland,1.47,Returning,FI,0,Stores,2024-07-24
Finland,1739.53,New,FI,0,Ecom,2024-07-25
Finland,718.09,New,FI,0,Stores,2024-07-25
Finland,1584.73,Returning,FI,0,Ecom,2024-07-25
Finland,196.61,Returning,FI,0,Stores,2024-07-25
Finland,502.68,New,FI,0,Ecom,2024-07-26
Finland,800.32,New,FI,0,Stores,2024-07-26
Finland,2984.24,Returning,FI,0,Ecom,2024-07-26
Finland,584.12,Returning,FI,0,Stores,2024-07-26
Finland,2117.92,New,FI,0,Ecom,2024-07-27
Finland,543.02,New,FI,0,Stores,2024-07-27
Finland,972.45,Returning,FI,0,Ecom,2024-07-27
Finland,352.23,Returning,FI,0,Stores,2024-07-27
Finland,1261.51,New,FI,0,Ecom,2024-07-28
Finland,1648.81,New,FI,0,Stores,2024-07-28
Finland,1295.94,Returning,FI,0,Ecom,2024-07-28
Finland,619.33,Returning,FI,0,Stores,2024-07-28
Finland,2729.25,New,FI,0,Ecom,2024-07-29
Finland,1585.63,New,FI,0,Stores,2024-07-29
Finland,925.24,Returning,FI,0,Ecom,2024-07-29
Finland,24.49,Returning,FI,0,Stores,2024-07-29
Finland,2756.46,New,FI,0,Ecom,2024-07-30
Finland,782.33,New,FI,0,Stores,2024-07-30
Finland,419.08,Returning,FI,0,Ecom,2024-07-30
Finland,1002.51,Returning,FI,0,Stores,2024-07-30
Finland,3034.34,New,FI,0,Ecom,2024-07-31
Finland,933.33,New,FI,0,Stores,2024-07-31
Finland,666.15,Returning,FI,0,Ecom,2024-07-31
Finland,978.88,Returning,FI,0,Stores,2024-07-31
Finland,2646.84,New,FI,0,Ecom,2024-08-01
Finland,1149.44,New,FI,0,Stores,2024-08-01
Finland,1553.26,Returning,FI,0,Ecom,2024-08-01
Finland,281.15,Returning,FI,0,Stores,2024-08-01
Finland,1286.69,New,FI,0,Ecom,2024-08-02
Finland,1281.87,New,FI,0,Stores,2024-08-02
Finland,1621.83,Returning,FI,0,Ecom,2024-08-02
Finland,723.51,Returning,FI,0,Stores,2024-08-02
Finland,1354.62,New,FI,0,Ecom,2024-08-03
Finland,2260.69,New,FI,0,Stores,2024-08-03
Finland,1238.29,Returning,FI,0,Ecom,2024-08-03
Finland,49.19,Returning,FI,0,Stores,2024-08-03
Finland,4003.95,New,FI,0,Ecom,2024-08-04
Finland,110.77,New,FI,0,Stores,2024-08-04
Finland,1145.06,Returning,FI,0,Ecom,2024-08-04
Finland,111.43,Returning,FI,0,Stores,2024-08-04
Finland,1228.55,New,FI,0,Ecom,2024-08-05
Finland,1232.1,New,FI,0,Stores,2024-08-05
Finland,1508.52,Returning,FI,0,Ecom,2024-08-05
Finland,758.4,Returning,FI,0,Stores,2024-08-05
Finland,1918.16,New,FI,0,Ecom,2024-08-06
Finland,1881.96,New,FI,0,Stores,2024-08-06
Finland,1838.25,Returning,FI,0,Ecom,2024-08-06
Finland,147.51,Returning,FI,0,Stores,2024-08-06
Finland,2616.92,New,FI,0,Ecom,2024-08-07
Finland,1146.82,New,FI,0,Stores,2024-08-07
Finland,831.7,Returning,FI,0,Ecom,2024-08-07
Finland,190.66,Returning,FI,0,Stores,2024-08-07
Finland,2205.39,New,FI,0,Ecom,2024-08-08
Finland,1291.83,New,FI,0,Stores,2024-08-08
Finland,906.07,Returning,FI,0,Ecom,2024-08-08
Finland,676.39,Returning,FI,0,Stores,2024-08-08
Finland,930.14,New,FI,0,Ecom,2024-08-09
Finland,3086.32,New,FI,0,Stores,2024-08-09
Finland,446.33,Returning,FI,0,Ecom,2024-08-09
Finland,514.09,Returning,FI,0,Stores,2024-08-09
Finland,2867.51,New,FI,0,Ecom,2024-08-10
Finland,800.86,New,FI,0,Stores,2024-08-10
Finland,174.98,Returning,FI,0,Ecom,2024-08-10
Finland,1149.72,Returning,FI,0,Stores,2024-08-10
Finland,1225.55,New,FI,0,Ecom,2024-08-11
Finland,2495.65,New,FI,0,Stores,2024-08-11
Finland,1625.74,Returning,FI,0,Ecom,2024-08-11
Finland,229.26,Returning,FI,0,Stores,2024-08-11
Finland,2839.32,New,FI,0,Ecom,2024-08-12
Finland,494.61,New,FI,0,Stores,2024-08-12
Finland,285.97,Returning,FI,0,Ecom,2024-08-12
Finland,1365.75,Returning,FI,0,Stores,2024-08-12
Finland,1334.46,New,FI,0,Ecom,2024-08-13
Finland,1511.77,New,FI,0,Stores,2024-08-13
Finland,1489.17,Returning,FI,0,Ecom,2024-08-13
Finland,313.09,Returning,FI,0,Stores,2024-08-13
Finland,3044.32,New,FI,0,Ecom,2024-08-14
Finland,748.67,New,FI,0,Stores,2024-08-14
Finland,623.25,Returning,FI,0,Ecom,2024-08-14
Finland,143.79,Returning,FI,0,Stores,2024-08-14
Finland,1615.38,New,FI,0,Ecom,2024-08-15
Finland,1362.8,New,FI,0,Stores,2024-08-15
Finland,793.36,Returning,FI,0,Ecom,2024-08-15
Finland,1137.6,Returning,FI,0,Stores,2024-08-15
Finland,1937.51,New,FI,0,Ecom,2024-08-16
Finland,1283.99,New,FI,0,Stores,2024-08-16
Finland,1706.35,Returning,FI,0,Ecom,2024-08-16
Finland,168.79,Returning,FI,0,Stores,2024-08-16
Finland,639.68,New,FI,0,Ecom,2024-08-17
Finland,2494.74,New,FI,0,Stores,2024-08-17
Finland,403.58,Returning,FI,0,Ecom,2024-08-17
Finland,2375.13,Returning,FI,0,Stores,2024-08-17
Finland,2386.2,New,FI,0,Ecom,2024-08-18
Finland,1114.27,New,FI,0,Stores,2024-08-18
Finland,1841.28,Returning,FI,0,Ecom,2024-08-18
Finland,279.55,Returning,FI,0,Stores,2024-08-18
Finland,3111.19,New,FI,0,Ecom,2024-08-19
Finland,943.49,New,FI,0,Stores,2024-08-19
Finland,833.01,Returning,FI,0,Ecom,2024-08-19
Finland,417.18,Returning,FI,0,Stores,2024-08-19
Finland,1629.25,New,FI,0,Ecom,2024-08-20
Finland,1651.83,New,FI,0,Stores,2024-08-20
Finland,2349.64,Returning,FI,0,Ecom,2024-08-20
Finland,331.22,Returning,FI,0,Stores,2024-08-20
Finland,2100.87,New,FI,0,Ecom,2024-08-21
Finland,421.33,New,FI,0,Stores,2024-08-21
Finland,1088.38,Returning,FI,0,Ecom,2024-08-21
Finland,2021.61,Returning,FI,0,Stores,2024-08-21
Finland,1287.88,New,FI,0,Ecom,2024-08-22
Finland,750.52,New,FI,0,Stores,2024-08-22
Finland,2545.29,Returning,FI,0,Ecom,2024-08-22
Finland,758.07,Returning,FI,0,Stores,2024-08-22
Finland,3930.14,New,FI,0,Ecom,2024-08-23
Finland,768.29,New,FI,0,Stores,2024-08-23
Finland,481.88,Returning,FI,0,Ecom,2024-08-23
Finland,174.3,Returning,FI,0,Stores,2024-08-23
Finland,747.3,New,FI,0,Ecom,2024-08-24
Finland,1331.1,New,FI,0,Stores,2024-08-24
Finland,2438.88,Returning,FI,0,Ecom,2024-08-24
Finland,642.21,Returning,FI,0,Stores,2024-08-24
Finland,4229.57,New,FI,0,Ecom,2024-08-25
Finland,607.74,New,FI,0,Stores,2024-08-25
Finland,362.97,Returning,FI,0,Ecom,2024-08-25
Finland,185.43,Returning,FI,0,Stores,2024-08-25
Finland,2276.36,New,FI,0,Ecom,2024-08-26
Finland,1772.47,New,FI,0,Stores,2024-08-26
Finland,341.22,Returning,FI,0,Ecom,2024-08-26
Finland,958.55,Returning,FI,0,Stores,2024-08-26
Finland,1580.96,New,FI,0,Ecom,2024-08-27
Finland,1973.19,New,FI,0,Stores,2024-08-27
Finland,1576.44,Returning,FI,0,Ecom,2024-08-27
Finland,113.97,Returning,FI,0,Stores,2024-08-27
Finland,1747.09,New,FI,0,Ecom,2024-08-28
Finland,250.25,New,FI,0,Stores,2024-08-28
Finland,2588.95,Returning,FI,0,Ecom,2024-08-28
Finland,27.12,Returning,FI,0,Stores,2024-08-28
Finland,3575.19,New,FI,0,Ecom,2024-08-29
Finland,1057.06,New,FI,0,Stores,2024-08-29
Finland,618.64,Returning,FI,0,Ecom,2024-08-29
Finland,636.47,Returning,FI,0,Stores,2024-08-29
Finland,1859.77,New,FI,0,Ecom,2024-08-30
Finland,2427.97,New,FI,0,Stores,2024-08-30
Finland,1117.74,Returning,FI,0,Ecom,2024-08-30
Finland,174.89,Returning,FI,0,Stores,2024-08-30
Finland,1164.71,New,FI,0,Ecom,2024-08-31
Finland,1262.85,New,FI,0,Stores,2024-08-31
Finland,1774.02,Returning,FI,0,Ecom,2024-08-31
Finland,1546.26,Returning,FI,0,Stores,2024-08-31
Finland,2180.83,New,FI,0,Ecom,2024-09-01
Finland,440.57,New,FI,0,Stores,2024-09-01
Finland,587.8,Returning,FI,0,Ecom,2024-09-01
Finland,1982.52,Returning,FI,0,Stores,2024-09-01
Finland,2163.03,New,FI,0,Ecom,2024-09-02
Finland,795.7,New,FI,0,Stores,2024-09-02
Finland,2508.27,Returning,FI,0,Ecom,2024-09-02
Finland,59.85,Returning,FI,0,Stores,2024-09-02
Finland,2548.91,New,FI,0,Ecom,2024-09-03
Finland,1167.84,New,FI,0,Stores,2024-09-03
Finland,622.64,Returning,FI,0,Ecom,2024-09-03
Finland,374.95,Returning,FI,0,Stores,2024-09-03
Finland,596.2,New,FI,0,Ecom,2024-09-04
Finland,1479.06,New,FI,0,Stores,2024-09-04
Finland,891.33,Returning,FI,0,Ecom,2024-09-04
Finland,2323.0,Returning,FI,0,Stores,2024-09-04
Finland,1078.68,New,FI,0,Ecom,2024-09-05
Finland,2152.95,New,FI,0,Stores,2024-09-05
Finland,2077.33,Returning,FI,0,Ecom,2024-09-05
Finland,481.13,Returning,FI,0,Stores,2024-09-05
Finland,2625.35,New,FI,0,Ecom,2024-09-06
Finland,1729.03,New,FI,0,Stores,2024-09-06
Finland,257.15,Returning,FI,0,Ecom,2024-09-06
Finland,835.65,Returning,FI,0,Stores,2024-09-06
Finland,391.28,New,FI,0,Ecom,2024-09-07
Finland,435.57,New,FI,0,Stores,2024-09-07
Finland,2983.28,Returning,FI,0,Ecom,2024-09-07
Finland,216.94,Returning,FI,0,Stores,2024-09-07
Finland,699.73,New,FI,0,Ecom,2024-09-08
Finland,419.88,New,FI,0,Stores,2024-09-08
Finland,2172.29,Returning,FI,0,Ecom,2024-09-08
Finland,812.27,Returning,FI,0,Stores,2024-09-08
Finland,2350.33,New,FI,0,Ecom,2024-09-09
Finland,802.45,New,FI,0,Stores,2024-09-09
Finland,628.23,Returning,FI,0,Ecom,2024-09-09
Finland,235.27,Returning,FI,0,Stores,2024-09-09
Finland,1750.54,New,FI,0,Ecom,2024-09-10
Finland,1622.05,New,FI,0,Stores,2024-09-10
Finland,323.35,Returning,FI,0,Ecom,2024-09-10
Finland,28.63,Returning,FI,0,Stores,2024-09-10
Finland,1361.2,New,FI,0,Ecom,2024-09-11
Finland,1718.03,New,FI,0,Stores,2024-09-11
Finland,709.7,Returning,FI,0,Ecom,2024-09-11
Finland,570.55,Returning,FI,0,Stores,2024-09-11
Finland,315.95,New,FI,0,Ecom,2024-09-12
Finland,2275.92,New,FI,0,Stores,2024-09-12
Finland,947.79,Returning,FI,0,Ecom,2024-09-12
Finland,457.37,Returning,FI,0,Stores,2024-09-12
Finland,1156.98,New,FI,0,Ecom,2024-09-13
Finland,807.41,New,FI,0,Stores,2024-09-13
Finland,1517.89,Returning,FI,0,Ecom,2024-09-13
Finland,737.08,Returning,FI,0,Stores,2024-09-13
Finland,2077.62,New,FI,0,Ecom,2024-09-14
Finland,517.75,New,FI,0,Stores,2024-09-14
Finland,1242.66,Returning,FI,0,Ecom,2024-09-14
Finland,427.76,Returning,FI,0,Stores,2024-09-14
Finland,1045.48,New,FI,0,Ecom,2024-09-15
Finland,715.91,New,FI,0,Stores,2024-09-15
Finland,1419.99,Returning,FI,0,Ecom,2024-09-15
Finland,978.1,Returning,FI,0,Stores,2024-09-15
Finland,1583.43,New,FI,0,Ecom,2024-09-16
Finland,1281.34,New,FI,0,Stores,2024-09-16
Finland,1642.21,Returning,FI,0,Ecom,2024-09-16
Finland,379.15,Returning,FI,0,Stores,2024-09-16
Finland,1177.03,New,FI,0,Ecom,2024-09-17
Finland,60.0,New,FI,0,Stores,2024-09-17
Finland,2413.74,Returning,FI,0,Ecom,2024-09-17
Finland,560.91,Returning,FI,0,Stores,2024-09-17
Finland,1911.83,New,FI,0,Ecom,2024-09-18
Finland,1557.47,New,FI,0,Stores,2024-09-18
Finland,702.99,Returning,FI,0,Ecom,2024-09-18
Finland,95.8,Returning,FI,0,Stores,2024-09-18
Finland,1566.97,New,FI,0,Ecom,2024-09-19
Finland,1329.8,New,FI,0,Stores,2024-09-19
Finland,639.13,Returning,FI,0,Ecom,2024-09-19
Finland,884.5,Returning,FI,0,Stores,2024-09-19
Finland,942.4,New,FI,0,Ecom,2024-09-20
Finland,649.68,New,FI,0,Stores,2024-09-20
Finland,480.87,Returning,FI,0,Ecom,2024-09-20
Finland,2202.16,Returning,FI,0,Stores,2024-09-20
Finland,2150.09,New,FI,0,Ecom,2024-09-21
Finland,336.11,New,FI,0,Stores,2024-09-21
Finland,754.25,Returning,FI,0,Ecom,2024-09-21
Finland,1007.88,Returning,FI,0,Stores,2024-09-21
Finland,712.29,New,FI,0,Ecom,2024-09-22
Finland,1757.0,New,FI,0,Stores,2024-09-22
Finland,1367.17,Returning,FI,0,Ecom,2024-09-22
Finland,535.5,Returning,FI,0,Stores,2024-09-22
Finland,721.34,New,FI,0,Ecom,2024-09-23
Finland,2462.79,New,FI,0,Stores,2024-09-23
Finland,1386.0,Returning,FI,0,Ecom,2024-09-23
Finland,338.6,Returning,FI,0,Stores,2024-09-23
Finland,2132.51,New,FI,0,Ecom,2024-09-24
Finland,2235.28,New,FI,0,Stores,2024-09-24
Finland,149.28,Returning,FI,0,Ecom,2024-09-24
Finland,485.31,Returning,FI,0,Stores,2024-09-24
Finland,1723.96,New,FI,0,Ecom,2024-09-25
Finland,1773.29,New,FI,0,Stores,2024-09-25
Finland,272.21,Returning,FI,0,Ecom,2024-09-25
Finland,104.79,Returning,FI,0,Stores,2024-09-25
Finland,1140.22,New,FI,0,Ecom,2024-09-26
Finland,1277.04,New,FI,0,Stores,2024-09-26
Finland,783.73,Returning,FI,0,Ecom,2024-09-26
Finland,1266.9,Returning,FI,0,Stores,2024-09-26
Finland,1195.54,New,FI,0,Ecom,2024-09-27
Finland,744.71,New,FI,0,Stores,2024-09-27
Finland,1795.03,Returning,FI,0,Ecom,2024-09-27
Finland,202.57,Returning,FI,0,Stores,2024-09-27
Finland,1110.48,New,FI,0,Ecom,2024-09-28
Finland,704.01,New,FI,0,Stores,2024-09-28
Finland,2158.43,Returning,FI,0,Ecom,2024-09-28
Finland,552.02,Returning,FI,0,Stores,2024-09-28
Finland,1049.77,New,FI,0,Ecom,2024-09-29
Finland,1140.4,New,FI,0,Stores,2024-09-29
Finland,1572.64,Returning,FI,0,Ecom,2024-09-29
Finland,541.49,Returning,FI,0,Stores,2024-09-29
Finland,1347.27,New,FI,0,Ecom,2024-09-30
Finland,898.15,New,FI,0,Stores,2024-09-30
Finland,1513.82,Returning,FI,0,Ecom,2024-09-30
Finland,349.71,Returning,FI,0,Stores,2024-09-30
Finland,2244.26,New,FI,0,Ecom,2024-10-01
Finland,1282.48,New,FI,0,Stores,2024-10-01
Finland,927.32,Returning,FI,0,Ecom,2024-10-01
Finland,236.03,Returning,FI,0,Stores,2024-10-01
Finland,2769.44,New,FI,0,Ecom,2024-10-02
Finland,949.53,New,FI,0,Stores,2024-10-02
Finland,819.56,Returning,FI,0,Ecom,2024-10-02
Finland,176.12,Returning,FI,0,Stores,2024-10-02
Finland,1663.13,New,FI,0,Ecom,2024-10-03
Finland,831.49,New,FI,0,Stores,2024-10-03
Finland,1512.49,Returning,FI,0,Ecom,2024-10-03
Finland,428.19,Returning,FI,0,Stores,2024-10-03
Finland,945.12,New,FI,0,Ecom,2024-10-04
Finland,1979.67,New,FI,0,Stores,2024-10-04
Finland,1040.29,Returning,FI,0,Ecom,2024-10-04
Finland,367.04,Returning,FI,0,Stores,2024-10-04
Finland,2914.7,New,FI,0,Ecom,2024-10-05
Finland,613.54,New,FI,0,Stores,2024-10-05
Finland,344.39,Returning,FI,0,Ecom,2024-10-05
Finland,331.54,Returning,FI,0,Stores,2024-10-05
Finland,853.54,New,FI,0,Ecom,2024-10-06
Finland,352.41,New,FI,0,Stores,2024-10-06
Finland,845.0,Returning,FI,0,Ecom,2024-10-06
Finland,2279.35,Returning,FI,0,Stores,2024-10-06
Finland,2717.78,New,FI,0,Ecom,2024-10-07
Finland,1388.67,New,FI,0,Stores,2024-10-07
Finland,236.11,Returning,FI,0,Ecom,2024-10-07
Finland,57.26,Returning,FI,0,Stores,2024-10-07
Finland,1297.94,New,FI,0,Ecom,2024-10-08
Finland,2606.55,New,FI,0,Stores,2024-10-08
Finland,942.78,Returning,FI,0,Ecom,2024-10-08
Finland,93.5,Returning,FI,0,Stores,2024-10-08
Finland,534.15,New,FI,0,Ecom,2024-10-09
Finland,2123.83,New,FI,0,Stores,2024-10-09
Finland,2060.27,Returning,FI,0,Ecom,2024-10-09
Finland,171.88,Returning,FI,0,Stores,2024-10-09
Finland,2918.33,New,FI,0,Ecom,2024-10-10
Finland,1435.51,New,FI,0,Stores,2024-10-10
Finland,904.66,Returning,FI,0,Ecom,2024-10-10
Finland,160.42,Returning,FI,0,Stores,2024-10-10
Finland,633.22,New,FI,0,Ecom,2024-10-11
Finland,507.33,New,FI,0,Stores,2024-10-11
Finland,2747.04,Returning,FI,0,Ecom,2024-10-11
Finland,1335.29,Returning,FI,0,Stores,2024-10-11
Finland,678.44,New,FI,0,Ecom,2024-10-12
Finland,2355.23,New,FI,0,Stores,2024-10-12
Finland,932.82,Returning,FI,0,Ecom,2024-10-12
Finland,485.08,Returning,FI,0,Stores,2024-10-12
Finland,963.58,New,FI,0,Ecom,2024-10-13
Finland,255.63,New,FI,0,Stores,2024-10-13
Finland,1821.22,Returning,FI,0,Ecom,2024-10-13
Finland,2349.53,Returning,FI,0,Stores,2024-10-13
Finland,2262.32,New,FI,0,Ecom,2024-10-14
Finland,2179.22,New,FI,0,Stores,2024-10-14
Finland,1413.47,Returning,FI,0,Ecom,2024-10-14
Finland,322.4,Returning,FI,0,Stores,2024-10-14
Finland,1402.91,New,FI,0,Ecom,2024-10-15
Finland,2569.51,New,FI,0,Stores,2024-10-15
Finland,1500.47,Returning,FI,0,Ecom,2024-10-15
Finland,261.99,Returning,FI,0,Stores,2024-10-15
Finland,1110.38,New,FI,0,Ecom,2024-10-16
Finland,3388.36,New,FI,0,Stores,2024-10-16
Finland,707.0,Returning,FI,0,Ecom,2024-10-16
Finland,200.82,Returning,FI,0,Stores,2024-10-16
Finland,1418.42,New,FI,0,Ecom,2024-10-17
Finland,1470.71,New,FI,0,Stores,2024-10-17
Finland,1722.46,Returning,FI,0,Ecom,2024-10-17
Finland,941.99,Returning,FI,0,Stores,2024-10-17
Finland,2611.06,New,FI,0,Ecom,2024-10-18
Finland,1057.81,New,FI,0,Stores,2024-10-18
Finland,666.25,Returning,FI,0,Ecom,2024-10-18
Finland,532.54,Returning,FI,0,Stores,2024-10-18
Finland,1765.25,New,FI,0,Ecom,2024-10-19
Finland,1487.6,New,FI,0,Stores,2024-10-19
Finland,1373.73,Returning,FI,0,Ecom,2024-10-19
Finland,907.1,Returning,FI,0,Stores,2024-10-19
Finland,2815.27,New,FI,0,Ecom,2024-10-20
Finland,1452.02,New,FI,0,Stores,2024-10-20
Finland,499.26,Returning,FI,0,Ecom,2024-10-20
Finland,91.2,Returning,FI,0,Stores,2024-10-20
Finland,701.45,New,FI,0,Ecom,2024-10-21
Finland,2162.37,New,FI,0,Stores,2024-10-21
Finland,768.6,Returning,FI,0,Ecom,2024-10-21
Finland,1359.56,Returning,FI,0,Stores,2024-10-21
Finland,1728.14,New,FI,0,Ecom,2024-10-22
Finland,1671.57,New,FI,0,Stores,2024-10-22
Finland,584.67,Returning,FI,0,Ecom,2024-10-22
Finland,1691.23,Returning,FI,0,Stores,2024-10-22
Finland,1733.04,New,FI,0,Ecom,2024-10-23
Finland,594.44,New,FI,0,Stores,2024-10-23
Finland,3266.45,Returning,FI,0,Ecom,2024-10-23
Finland,150.7,Returning,FI,0,Stores,2024-10-23
Finland,2835.83,New,FI,0,Ecom,2024-10-24
Finland,827.33,New,FI,0,Stores,2024-10-24
Finland,1385.19,Returning,FI,0,Ecom,2024-10-24
Finland,814.93,Returning,FI,0,Stores,2024-10-24
Finland,2552.73,New,FI,0,Ecom,2024-10-25
Finland,1735.19,New,FI,0,Stores,2024-10-25
Finland,1011.39,Returning,FI,0,Ecom,2024-10-25
Finland,433.16,Returning,FI,0,Stores,2024-10-25
Finland,1870.78,New,FI,0,Ecom,2024-10-26
Finland,3171.0,New,FI,0,Stores,2024-10-26
Finland,645.63,Returning,FI,0,Ecom,2024-10-26
Finland,114.93,Returning,FI,0,Stores,2024-10-26
Finland,2971.24,New,FI,0,Ecom,2024-10-27
Finland,666.38,New,FI,0,Stores,2024-10-27
Finland,416.36,Returning,FI,0,Ecom,2024-10-27
Finland,291.95,Returning,FI,0,Stores,2024-10-27
Finland,837.89,New,FI,0,Ecom,2024-10-28
Finland,797.0,New,FI,0,Stores,2024-10-28
Finland,2437.42,Returning,FI,0,Ecom,2024-10-28
Finland,631.99,Returning,FI,0,Stores,2024-10-28
Finland,2199.67,New,FI,0,Ecom,2024-10-29
Finland,248.08,New,FI,0,Stores,2024-10-29
Finland,734.06,Returning,FI,0,Ecom,2024-10-29
Finland,1449.59,Returning,FI,0,Stores,2024-10-29
Finland,2862.6,New,FI,0,Ecom,2024-10-30
Finland,657.68,New,FI,0,Stores,2024-10-30
Finland,1438.54,Returning,FI,0,Ecom,2024-10-30
Finland,4.54,Returning,FI,0,Stores,2024-10-30
Finland,2721.45,New,FI,0,Ecom,2024-10-31
Finland,91.26,New,FI,0,Stores,2024-10-31
Finland,2183.82,Returning,FI,0,Ecom,2024-10-31
Finland,98.49,Returning,FI,0,Stores,2024-10-31
Finland,1017.69,New,FI,0,Ecom,2024-11-01
Finland,2750.32,New,FI,0,Stores,2024-11-01
Finland,625.27,Returning,FI,0,Ecom,2024-11-01
Finland,697.63,Returning,FI,0,Stores,2024-11-01
Finland,2929.53,New,FI,0,Ecom,2024-11-02
Finland,1351.43,New,FI,0,Stores,2024-11-02
Finland,567.92,Returning,FI,0,Ecom,2024-11-02
Finland,473.36,Returning,FI,0,Stores,2024-11-02
Finland,2732.57,New,FI,0,Ecom,2024-11-03
Finland,674.84,New,FI,0,Stores,2024-11-03
Finland,1535.09,Returning,FI,0,Ecom,2024-11-03
Finland,286.21,Returning,FI,0,Stores,2024-11-03
Finland,3048.54,New,FI,0,Ecom,2024-11-04
Finland,1571.87,New,FI,0,Stores,2024-11-04
Finland,143.6,Returning,FI,0,Ecom,2024-11-04
Finland,446.44,Returning,FI,0,Stores,2024-11-04
Finland,2492.94,New,FI,0,Ecom,2024-11-05
Finland,1360.29,New,FI,0,Stores,2024-11-05
Finland,863.24,Returning,FI,0,Ecom,2024-11-05
Finland,1043.98,Returning,FI,0,Stores,2024-11-05
Finland,955.39,New,FI,0,Ecom,2024-11-06
Finland,1323.49,New,FI,0,Stores,2024-11-06
Finland,2690.69,Returning,FI,0,Ecom,2024-11-06
Finland,497.08,Returning,FI,0,Stores,2024-11-06
Finland,2027.41,New,FI,0,Ecom,2024-11-07
Finland,938.85,New,FI,0,Stores,2024-11-07
Finland,1426.76,Returning,FI,0,Ecom,2024-11-07
Finland,1388.83,Returning,FI,0,Stores,2024-11-07
Finland,2993.0,New,FI,0,Ecom,2024-11-08
Finland,764.39,New,FI,0,Stores,2024-11-08
Finland,1260.16,Returning,FI,0,Ecom,2024-11-08
Finland,507.38,Returning,FI,0,Stores,2024-11-08
Finland,2574.55,New,FI,0,Ecom,2024-11-09
Finland,980.22,New,FI,0,Stores,2024-11-09
Finland,1639.72,Returning,FI,0,Ecom,2024-11-09
Finland,926.8,Returning,FI,0,Stores,2024-11-09
Finland,2403.37,New,FI,0,Ecom,2024-11-10
Finland,1265.51,New,FI,0,Stores,2024-11-10
Finland,841.17,Returning,FI,0,Ecom,2024-11-10
Finland,1031.82,Returning,FI,0,Stores,2024-11-10
Finland,859.88,New,FI,0,Ecom,2024-11-11
Finland,2350.27,New,FI,0,Stores,2024-11-11
Finland,1340.28,Returning,FI,0,Ecom,2024-11-11
Finland,7.82,Returning,FI,0,Stores,2024-11-11
Finland,754.42,New,FI,0,Ecom,2024-11-12
Finland,1566.74,New,FI,0,Stores,2024-11-12
Finland,2160.1,Returning,FI,0,Ecom,2024-11-12
Finland,1000.25,Returning,FI,0,Stores,2024-11-12
Finland,3198.31,New,FI,0,Ecom,2024-11-13
Finland,1871.33,New,FI,0,Stores,2024-11-13
Finland,451.48,Returning,FI,0,Ecom,2024-11-13
Finland,296.11,Returning,FI,0,Stores,2024-11-13
Finland,1182.15,New,FI,0,Ecom,2024-11-14
Finland,3341.06,New,FI,0,Stores,2024-11-14
Finland,511.47,Returning,FI,0,Ecom,2024-11-14
Finland,71.47,Returning,FI,0,Stores,2024-11-14
Finland,3653.19,New,FI,0,Ecom,2024-11-15
Finland,704.1,New,FI,0,Stores,2024-11-15
Finland,270.69,Returning,FI,0,Ecom,2024-11-15
Finland,154.89,Returning,FI,0,Stores,2024-11-15
Finland,2105.63,New,FI,0,Ecom,2024-11-16
Finland,2074.6,New,FI,0,Stores,2024-11-16
Finland,215.78,Returning,FI,0,Ecom,2024-11-16
Finland,577.71,Returning,FI,0,Stores,2024-11-16
Finland,1944.74,New,FI,0,Ecom,2024-11-17
Finland,1306.6,New,FI,0,Stores,2024-11-17
Finland,1697.77,Returning,FI,0,Ecom,2024-11-17
Finland,442.14,Returning,FI,0,Stores,2024-11-17
Finland,1129.43,New,FI,0,Ecom,2024-11-18
Finland,3633.24,New,FI,0,Stores,2024-11-18
Finland,453.43,Returning,FI,0,Ecom,2024-11-18
Finland,724.84,Returning,FI,0,Stores,2024-11-18
Finland,1229.03,New,FI,0,Ecom,2024-11-19
Finland,1393.96,New,FI,0,Stores,2024-11-19
Finland,3677.45,Returning,FI,0,Ecom,2024-11-19
Finland,270.88,Returning,FI,0,Stores,2024-11-19
Finland,4283.29,New,FI,0,Ecom,2024-11-20
Finland,642.41,New,FI,0,Stores,2024-11-20
Finland,245.22,Returning,FI,0,Ecom,2024-11-20
Finland,164.29,Returning,FI,0,Stores,2024-11-20
Finland,2004.62,New,FI,0,Ecom,2024-11-21
Finland,1327.09,New,FI,0,Stores,2024-11-21
Finland,1955.57,Returning,FI,0,Ecom,2024-11-21
Finland,154.9,Returning,FI,0,Stores,2024-11-21
Finland,677.35,New,FI,0,Ecom,2024-11-22
Finland,1112.54,New,FI,0,Stores,2024-11-22
Finland,818.61,Returning,FI,0,Ecom,2024-11-22
Finland,1998.31,Returning,FI,0,Stores,2024-11-22
Finland,1216.01,New,FI,0,Ecom,2024-11-23
Finland,2778.33,New,FI,0,Stores,2024-11-23
Finland,161.73,Returning,FI,0,Ecom,2024-11-23
Finland,852.89,Returning,FI,0,Stores,2024-11-23
Finland,1853.02,New,FI,0,Ecom,2024-11-24
Finland,737.05,New,FI,0,Stores,2024-11-24
Finland,1689.87,Returning,FI,0,Ecom,2024-11-24
Finland,328.06,Returning,FI,0,Stores,2024-11-24
Finland,2561.45,New,FI,0,Ecom,2024-11-25
Finland,792.39,New,FI,0,Stores,2024-11-25
Finland,1715.63,Returning,FI,0,Ecom,2024-11-25
Finland,111.24,Returning,FI,0,Stores,2024-11-25
Finland,3042.09,New,FI,0,Ecom,2024-11-26
Finland,960.55,New,FI,0,Stores,2024-11-26
Finland,783.98,Returning,FI,0,Ecom,2024-11-26
Finland,427.6,Returning,FI,0,Stores,2024-11-26
Finland,1958.32,New,FI,0,Ecom,2024-11-27
Finland,1101.1,New,FI,0,Stores,2024-11-27
Finland,1153.3,Returning,FI,0,Ecom,2024-11-27
Finland,282.91,Returning,FI,0,Stores,2024-11-27
Finland,2298.48,New,FI,0,Ecom,2024-11-28
Finland,1249.65,New,FI,0,Stores,2024-11-28
Finland,919.38,Returning,FI,0,Ecom,2024-11-28
Finland,139.81,Returning,FI,0,Stores,2024-11-28
Finland,1807.67,New,FI,0,Ecom,2024-11-29
Finland,615.01,New,FI,0,Stores,2024-11-29
Finland,1483.56,Returning,FI,0,Ecom,2024-11-29
Finland,283.39,Returning,FI,0,Stores,2024-11-29
Finland,2682.33,New,FI,0,Ecom,2024-11-30
Finland,420.28,New,FI,0,Stores,2024-11-30
Finland,1962.12,Returning,FI,0,Ecom,2024-11-30
Finland,201.96,Returning,FI,0,Stores,2024-11-30
Finland,2317.13,New,FI,0,Ecom,2024-12-01
Finland,644.24,New,FI,0,Stores,2024-12-01
Finland,1026.59,Returning,FI,0,Ecom,2024-12-01
Finland,1301.68,Returning,FI,0,Stores,2024-12-01
Finland,1474.19,New,FI,0,Ecom,2024-12-02
Finland,455.97,New,FI,0,Stores,2024-12-02
Finland,2393.65,Returning,FI,0,Ecom,2024-12-02
Finland,668.95,Returning,FI,0,Stores,2024-12-02
Finland,1740.44,New,FI,0,Ecom,2024-12-03
Finland,1619.59,New,FI,0,Stores,2024-12-03
Finland,1990.04,Returning,FI,0,Ecom,2024-12-03
Finland,452.39,Returning,FI,0,Stores,2024-12-03
Finland,1916.94,New,FI,0,Ecom,2024-12-04
Finland,1453.33,New,FI,0,Stores,2024-12-04
Finland,1349.18,Returning,FI,0,Ecom,2024-12-04
Finland,658.35,Returning,FI,0,Stores,2024-12-04
Finland,374.14,New,FI,0,Ecom,2024-12-05
Finland,511.61,New,FI,0,Stores,2024-12-05
Finland,3990.74,Returning,FI,0,Ecom,2024-12-05
Finland,141.57,Returning,FI,0,Stores,2024-12-05
Finland,1536.01,New,FI,0,Ecom,2024-12-06
Finland,417.21,New,FI,0,Stores,2024-12-06
Finland,1843.17,Returning,FI,0,Ecom,2024-12-06
Finland,1066.37,Returning,FI,0,Stores,2024-12-06
Finland,3013.3,New,FI,0,Ecom,2024-12-07
Finland,1262.74,New,FI,0,Stores,2024-12-07
Finland,232.02,Returning,FI,0,Ecom,2024-12-07
Finland,851.39,Returning,FI,0,Stores,2024-12-07
Finland,1408.57,New,FI,0,Ecom,2024-12-08
Finland,2227.95,New,FI,0,Stores,2024-12-08
Finland,621.16,Returning,FI,0,Ecom,2024-12-08
Finland,678.32,Returning,FI,0,Stores,2024-12-08
Finland,1471.71,New,FI,0,Ecom,2024-12-09
Finland,949.74,New,FI,0,Stores,2024-12-09
Finland,1242.28,Returning,FI,0,Ecom,2024-12-09
Finland,1760.43,Returning,FI,0,Stores,2024-12-09
Finland,2120.46,New,FI,0,Ecom,2024-12-10
Finland,818.06,New,FI,0,Stores,2024-12-10
Finland,774.08,Returning,FI,0,Ecom,2024-12-10
Finland,1291.64,Returning,FI,0,Stores,2024-12-10
Finland,1553.71,New,FI,0,Ecom,2024-12-11
Finland,961.38,New,FI,0,Stores,2024-12-11
Finland,2852.12,Returning,FI,0,Ecom,2024-12-11
Finland,271.78,Returning,FI,0,Stores,2024-12-11
Finland,2320.53,New,FI,0,Ecom,2024-12-12
Finland,670.2,New,FI,0,Stores,2024-12-12
Finland,1748.87,Returning,FI,0,Ecom,2024-12-12
Finland,364.57,Returning,FI,0,Stores,2024-12-12
Finland,3170.81,New,FI,0,Ecom,2024-12-13
Finland,713.76,New,FI,0,Stores,2024-12-13
Finland,523.06,Returning,FI,0,Ecom,2024-12-13
Finland,667.65,Returning,FI,0,Stores,2024-12-13
Finland,1827.03,New,FI,0,Ecom,2024-12-14
Finland,2209.98,New,FI,0,Stores,2024-12-14
Finland,261.58,Returning,FI,0,Ecom,2024-12-14
Finland,164.51,Returning,FI,0,Stores,2024-12-14
Finland,509.17,New,FI,0,Ecom,2024-12-15
Finland,1979.88,New,FI,0,Stores,2024-12-15
Finland,2255.09,Returning,FI,0,Ecom,2024-12-15
Finland,901.99,Returning,FI,0,Stores,2024-12-15
Finland,532.48,New,FI,0,Ecom,2024-12-16
Finland,2496.76,New,FI,0,Stores,2024-12-16
Finland,1589.29,Returning,FI,0,Ecom,2024-12-16
Finland,465.28,Returning,FI,0,Stores,2024-12-16
Finland,1529.37,New,FI,0,Ecom,2024-12-17
Finland,1466.88,New,FI,0,Stores,2024-12-17
Finland,1028.67,Returning,FI,0,Ecom,2024-12-17
Finland,622.46,Returning,FI,0,Stores,2024-12-17
Finland,2952.19,New,FI,0,Ecom,2024-12-18
Finland,1008.84,New,FI,0,Stores,2024-12-18
Finland,781.07,Returning,FI,0,Ecom,2024-12-18
Finland,190.06,Returning,FI,0,Stores,2024-12-18
Finland,2911.67,New,FI,0,Ecom,2024-12-19
Finland,1653.61,New,FI,0,Stores,2024-12-19
Finland,314.39,Returning,FI,0,Ecom,2024-12-19
Finland,460.12,Returning,FI,0,Stores,2024-12-19
Finland,2439.31,New,FI,0,Ecom,2024-12-20
Finland,488.72,New,FI,0,Stores,2024-12-20
Finland,1457.92,Returning,FI,0,Ecom,2024-12-20
Finland,746.93,Returning,FI,0,Stores,2024-12-20
Finland,2017.92,New,FI,0,Ecom,2024-12-21
Finland,1282.39,New,FI,0,Stores,2024-12-21
Finland,966.97,Returning,FI,0,Ecom,2024-12-21
Finland,1122.66,Returning,FI,0,Stores,2024-12-21
Finland,2367.24,New,FI,0,Ecom,2024-12-22
Finland,1296.01,New,FI,0,Stores,2024-12-22
Finland,1260.93,Returning,FI,0,Ecom,2024-12-22
Finland,181.86,Returning,FI,0,Stores,2024-12-22
Finland,3675.81,New,FI,0,Ecom,2024-12-23
Finland,950.34,New,FI,0,Stores,2024-12-23
Finland,890.63,Returning,FI,0,Ecom,2024-12-23
Finland,76.69,Returning,FI,0,Stores,2024-12-23
Finland,2083.16,New,FI,0,Ecom,2024-12-24
Finland,1794.0,New,FI,0,Stores,2024-12-24
Finland,521.36,Returning,FI,0,Ecom,2024-12-24
Finland,1729.16,Returning,FI,0,Stores,2024-12-24
Finland,2575.47,New,FI,0,Ecom,2024-12-25
Finland,1303.41,New,FI,0,Stores,2024-12-25
Finland,1179.59,Returning,FI,0,Ecom,2024-12-25
Finland,673.65,Returning,FI,0,Stores,2024-12-25
Finland,2472.11,New,FI,0,Ecom,2024-12-26
Finland,1242.39,New,FI,0,Stores,2024-12-26
Finland,694.52,Returning,FI,0,Ecom,2024-12-26
Finland,626.05,Returning,FI,0,Stores,2024-12-26
Finland,988.43,New,FI,0,Ecom,2024-12-27
Finland,708.21,New,FI,0,Stores,2024-12-27
Finland,2595.27,Returning,FI,0,Ecom,2024-12-27
Finland,1641.68,Returning,FI,0,Stores,2024-12-27
Finland,1554.74,New,FI,0,Ecom,2024-12-28
Finland,3276.62,New,FI,0,Stores,2024-12-28
Finland,299.73,Returning,FI,0,Ecom,2024-12-28
Finland,1057.11,Returning,FI,0,Stores,2024-12-28
Finland,2854.41,New,FI,0,Ecom,2024-12-29
Finland,867.7,New,FI,0,Stores,2024-12-29
Finland,1481.99,Returning,FI,0,Ecom,2024-12-29
Finland,594.49,Returning,FI,0,Stores,2024-12-29
Finland,1056.54,New,FI,0,Ecom,2024-12-30
Finland,759.6,New,FI,0,Stores,2024-12-30
Finland,1405.69,Returning,FI,0,Ecom,2024-12-30
Finland,1361.73,Returning,FI,0,Stores,2024-12-30
Finland,2075.69,New,FI,0,Ecom,2024-12-31
Finland,504.82,New,FI,0,Stores,2024-12-31
Finland,1895.0,Returning,FI,0,Ecom,2024-12-31
Finland,581.24,Returning,FI,0,Stores,2024-12-31
Finland,1679.56,New,FI,0,Ecom,2025-01-01
Finland,1697.19,New,FI,0,Stores,2025-01-01
Finland,905.27,Returning,FI,0,Ecom,2025-01-01
Finland,774.25,Returning,FI,0,Stores,2025-01-01
Finland,1940.62,New,FI,0,Ecom,2025-01-02
Finland,934.69,New,FI,0,Stores,2025-01-02
Finland,507.33,Returning,FI,0,Ecom,2025-01-02
Finland,1561.97,Returning,FI,0,Stores,2025-01-02
Finland,1048.42,New,FI,0,Ecom,2025-01-03
Finland,1820.31,New,FI,0,Stores,2025-01-03
Finland,1436.54,Returning,FI,0,Ecom,2025-01-03
Finland,763.56,Returning,FI,0,Stores,2025-01-03
Finland,991.45,New,FI,0,Ecom,2025-01-04
Finland,2502.17,New,FI,0,Stores,2025-01-04
Finland,892.6,Returning,FI,0,Ecom,2025-01-04
Finland,729.45,Returning,FI,0,Stores,2025-01-04
Finland,2860.23,New,FI,0,Ecom,2025-01-05
Finland,479.71,New,FI,0,Stores,2025-01-05
Finland,1299.59,Returning,FI,0,Ecom,2025-01-05
Finland,785.15,Returning,FI,0,Stores,2025-01-05
Finland,3164.02,New,FI,0,Ecom,2025-01-06
Finland,327.15,New,FI,0,Stores,2025-01-06
Finland,1335.16,Returning,FI,0,Ecom,2025-01-06
Finland,736.18,Returning,FI,0,Stores,2025-01-06
Finland,244.3,New,FI,0,Ecom,2025-01-07
Finland,3152.79,New,FI,0,Stores,2025-01-07
Finland,505.85,Returning,FI,0,Ecom,2025-01-07
Finland,1376.81,Returning,FI,0,Stores,2025-01-07
Finland,4084.37,New,FI,0,Ecom,2025-01-08
Finland,1465.81,New,FI,0,Stores,2025-01-08
Finland,110.28,Returning,FI,0,Ecom,2025-01-08
Finland,42.35,Returning,FI,0,Stores,2025-01-08
Finland,2707.5,New,FI,0,Ecom,2025-01-09
Finland,500.95,New,FI,0,Stores,2025-01-09
Finland,979.95,Returning,FI,0,Ecom,2025-01-09
Finland,2246.94,Returning,FI,0,Stores,2025-01-09
Finland,2223.02,New,FI,0,Ecom,2025-01-10
Finland,358.93,New,FI,0,Stores,2025-01-10
Finland,2682.82,Returning,FI,0,Ecom,2025-01-10
Finland,552.17,Returning,FI,0,Stores,2025-01-10
Finland,2669.45,New,FI,0,Ecom,2025-01-11
Finland,1040.29,New,FI,0,Stores,2025-01-11
Finland,1056.95,Returning,FI,0,Ecom,2025-01-11
Finland,1498.3,Returning,FI,0,Stores,2025-01-11
Finland,685.83,New,FI,0,Ecom,2025-01-12
Finland,2229.64,New,FI,0,Stores,2025-01-12
Finland,2584.57,Returning,FI,0,Ecom,2025-01-12
Finland,727.02,Returning,FI,0,Stores,2025-01-12
Finland,1610.1,New,FI,0,Ecom,2025-01-13
Finland,819.14,New,FI,0,Stores,2025-01-13
Finland,1884.87,Returning,FI,0,Ecom,2025-01-13
Finland,412.04,Returning,FI,0,Stores,2025-01-13
Finland,1286.12,New,FI,0,Ecom,2025-01-14
Finland,2539.97,New,FI,0,Stores,2025-01-14
Finland,1668.47,Returning,FI,0,Ecom,2025-01-14
Finland,145.29,Returning,FI,0,Stores,2025-01-14
Finland,2480.77,New,FI,0,Ecom,2025-01-15
Finland,1036.34,New,FI,0,Stores,2025-01-15
Finland,1028.23,Returning,FI,0,Ecom,2025-01-15
Finland,1085.44,Returning,FI,0,Stores,2025-01-15
Finland,1421.08,New,FI,0,Ecom,2025-01-16
Finland,2126.92,New,FI,0,Stores,2025-01-16
Finland,1217.24,Returning,FI,0,Ecom,2025-01-16
Finland,562.49,Returning,FI,0,Stores,2025-01-16
Finland,3416.03,New,FI,0,Ecom,2025-01-17
Finland,118.48,New,FI,0,Stores,2025-01-17
Finland,1612.06,Returning,FI,0,Ecom,2025-01-17
Finland,928.36,Returning,FI,0,Stores,2025-01-17
Finland,1280.4,New,FI,0,Ecom,2025-01-18
Finland,1645.07,New,FI,0,Stores,2025-01-18
Finland,1879.38,Returning,FI,0,Ecom,2025-01-18
Finland,672.72,Returning,FI,0,Stores,2025-01-18
Finland,2493.59,New,FI,0,Ecom,2025-01-19
Finland,1323.26,New,FI,0,Stores,2025-01-19
Finland,1337.94,Returning,FI,0,Ecom,2025-01-19
Finland,565.09,Returning,FI,0,Stores,2025-01-19
Finland,1441.16,New,FI,0,Ecom,2025-01-20
Finland,2452.62,New,FI,0,Stores,2025-01-20
Finland,1316.44,Returning,FI,0,Ecom,2025-01-20
Finland,250.76,Returning,FI,0,Stores,2025-01-20
Finland,2136.98,New,FI,0,Ecom,2025-01-21
Finland,1315.31,New,FI,0,Stores,2025-01-21
Finland,2161.57,Returning,FI,0,Ecom,2025-01-21
Finland,25.55,Returning,FI,0,Stores,2025-01-21
Finland,928.52,New,FI,0,Ecom,2025-01-22
Finland,2363.8,New,FI,0,Stores,2025-01-22
Finland,829.15,Returning,FI,0,Ecom,2025-01-22
Finland,349.4,Returning,FI,0,Stores,2025-01-22
Finland,1873.92,New,FI,0,Ecom,2025-01-23
Finland,304.52,New,FI,0,Stores,2025-01-23
Finland,715.68,Returning,FI,0,Ecom,2025-01-23
Finland,2451.97,Returning,FI,0,Stores,2025-01-23
Finland,2863.47,New,FI,0,Ecom,2025-01-24
Finland,179.76,New,FI,0,Stores,2025-01-24
Finland,1897.74,Returning,FI,0,Ecom,2025-01-24
Finland,1054.44,Returning,FI,0,Stores,2025-01-24
Finland,711.59,New,FI,0,Ecom,2025-01-25
Finland,1968.73,New,FI,0,Stores,2025-01-25
Finland,1169.77,Returning,FI,0,Ecom,2025-01-25
Finland,750.32,Returning,FI,0,Stores,2025-01-25
Finland,1392.68,New,FI,0,Ecom,2025-01-26
Finland,2250.86,New,FI,0,Stores,2025-01-26
Finland,842.5,Returning,FI,0,Ecom,2025-01-26
Finland,632.54,Returning,FI,0,Stores,2025-01-26
Finland,997.14,New,FI,0,Ecom,2025-01-27
Finland,871.87,New,FI,0,Stores,2025-01-27
Finland,3137.02,Returning,FI,0,Ecom,2025-01-27
Finland,555.86,Returning,FI,0,Stores,2025-01-27
Finland,2608.39,New,FI,0,Ecom,2025-01-28
Finland,500.14,New,FI,0,Stores,2025-01-28
Finland,1822.27,Returning,FI,0,Ecom,2025-01-28
Finland,458.47,Returning,FI,0,Stores,2025-01-28
Finland,850.56,New,FI,0,Ecom,2025-01-29
Finland,358.26,New,FI,0,Stores,2025-01-29
Finland,3573.03,Returning,FI,0,Ecom,2025-01-29
Finland,285.1,Returning,FI,0,Stores,2025-01-29
Finland,2718.4,New,FI,0,Ecom,2025-01-30
Finland,1647.91,New,FI,0,Stores,2025-01-30
Finland,763.61,Returning,FI,0,Ecom,2025-01-30
Finland,584.44,Returning,FI,0,Stores,2025-01-30
Finland,1169.62,New,FI,0,Ecom,2025-01-31
Finland,914.54,New,FI,0,Stores,2025-01-31
Finland,2417.44,Returning,FI,0,Ecom,2025-01-31
Finland,421.28,Returning,FI,0,Stores,2025-01-31
Finland,2631.77,New,FI,0,Ecom,2025-02-01
Finland,1712.99,New,FI,0,Stores,2025-02-01
Finland,1347.0,Returning,FI,0,Ecom,2025-02-01
Finland,353.45,Returning,FI,0,Stores,2025-02-01
Finland,3360.65,New,FI,0,Ecom,2025-02-02
Finland,1145.98,New,FI,0,Stores,2025-02-02
Finland,998.39,Returning,FI,0,Ecom,2025-02-02
Finland,138.61,Returning,FI,0,Stores,2025-02-02
Finland,3050.99,New,FI,0,Ecom,2025-02-03
Finland,1586.64,New,FI,0,Stores,2025-02-03
Finland,921.29,Returning,FI,0,Ecom,2025-02-03
Finland,168.75,Returning,FI,0,Stores,2025-02-03
Finland,1914.44,New,FI,0,Ecom,2025-02-04
Finland,281.7,New,FI,0,Stores,2025-02-04
Finland,2167.22,Returning,FI,0,Ecom,2025-02-04
Finland,1013.76,Returning,FI,0,Stores,2025-02-04
Finland,1691.34,New,FI,0,Ecom,2025-02-05
Finland,1949.03,New,FI,0,Stores,2025-02-05
Finland,1641.73,Returning,FI,0,Ecom,2025-02-05
Finland,791.45,Returning,FI,0,Stores,2025-02-05
Finland,2366.07,New,FI,0,Ecom,2025-02-06
Finland,477.81,New,FI,0,Stores,2025-02-06
Finland,1465.74,Returning,FI,0,Ecom,2025-02-06
Finland,947.03,Returning,FI,0,Stores,2025-02-06
Finland,3094.41,New,FI,0,Ecom,2025-02-07
Finland,1793.71,New,FI,0,Stores,2025-02-07
Finland,925.43,Returning,FI,0,Ecom,2025-02-07
Finland,267.94,Returning,FI,0,Stores,2025-02-07
Finland,5264.73,New,FI,0,Ecom,2025-02-08
Finland,116.57,New,FI,0,Stores,2025-02-08
Finland,391.08,Returning,FI,0,Ecom,2025-02-08
Finland,9.12,Returning,FI,0,Stores,2025-02-08
Finland,2595.56,New,FI,0,Ecom,2025-02-09
Finland,977.15,New,FI,0,Stores,2025-02-09
Finland,1869.02,Returning,FI,0,Ecom,2025-02-09
Finland,268.35,Returning,FI,0,Stores,2025-02-09
Finland,1524.51,New,FI,0,Ecom,2025-02-10
Finland,1029.11,New,FI,0,Stores,2025-02-10
Finland,2176.76,Returning,FI,0,Ecom,2025-02-10
Finland,935.99,Returning,FI,0,Stores,2025-02-10
Finland,1232.87,New,FI,0,Ecom,2025-02-11
Finland,3255.13,New,FI,0,Stores,2025-02-11
Finland,1042.74,Returning,FI,0,Ecom,2025-02-11
Finland,129.42,Returning,FI,0,Stores,2025-02-11
Finland,2006.71,New,FI,0,Ecom,2025-02-12
Finland,299.46,New,FI,0,Stores,2025-02-12
Finland,2357.15,Returning,FI,0,Ecom,2025-02-12
Finland,843.36,Returning,FI,0,Stores,2025-02-12
Finland,2153.57,New,FI,0,Ecom,2025-02-13
Finland,997.7,New,FI,0,Stores,2025-02-13
Finland,1754.98,Returning,FI,0,Ecom,2025-02-13
Finland,339.32,Returning,FI,0,Stores,2025-02-13
Finland,2822.97,New,FI,0,Ecom,2025-02-14
Finland,1184.25,New,FI,0,Stores,2025-02-14
Finland,831.58,Returning,FI,0,Ecom,2025-02-14
Finland,367.05,Returning,FI,0,Stores,2025-02-14
Finland,3130.44,New,FI,0,Ecom,2025-02-15
Finland,1590.76,New,FI,0,Stores,2025-02-15
Finland,995.93,Returning,FI,0,Ecom,2025-02-15
Finland,348.73,Returning,FI,0,Stores,2025-02-15
Finland,4878.7,New,FI,0,Ecom,2025-02-16
Finland,607.72,New,FI,0,Stores,2025-02-16
Finland,297.69,Returning,FI,0,Ecom,2025-02-16
Finland,86.14,Returning,FI,0,Stores,2025-02-16
Finland,2285.81,New,FI,0,Ecom,2025-02-17
Finland,988.54,New,FI,0,Stores,2025-02-17
Finland,2063.16,Returning,FI,0,Ecom,2025-02-17
Finland,372.43,Returning,FI,0,Stores,2025-02-17
Finland,2031.34,New,FI,0,Ecom,2025-02-18
Finland,383.17,New,FI,0,Stores,2025-02-18
Finland,1060.47,Returning,FI,0,Ecom,2025-02-18
Finland,1463.83,Returning,FI,0,Stores,2025-02-18
Finland,556.56,New,FI,0,Ecom,2025-02-19
Finland,1477.0,New,FI,0,Stores,2025-02-19
Finland,1753.08,Returning,FI,0,Ecom,2025-02-19
Finland,810.24,Returning,FI,0,Stores,2025-02-19
Finland,1450.72,New,FI,0,Ecom,2025-02-20
Finland,1036.58,New,FI,0,Stores,2025-02-20
Finland,2878.54,Returning,FI,0,Ecom,2025-02-20
Finland,79.83,Returning,FI,0,Stores,2025-02-20
Finland,1997.7,New,FI,0,Ecom,2025-02-21
Finland,1592.98,New,FI,0,Stores,2025-02-21
Finland,291.97,Returning,FI,0,Ecom,2025-02-21
Finland,1372.42,Returning,FI,0,Stores,2025-02-21
Finland,966.8,New,FI,0,Ecom,2025-02-22
Finland,1737.86,New,FI,0,Stores,2025-02-22
Finland,2162.06,Returning,FI,0,Ecom,2025-02-22
Finland,27.45,Returning,FI,0,Stores,2025-02-22
Finland,1134.47,New,FI,0,Ecom,2025-02-23
Finland,1355.71,New,FI,0,Stores,2025-02-23
Finland,2244.4,Returning,FI,0,Ecom,2025-02-23
Finland,630.66,Returning,FI,0,Stores,2025-02-23
Finland,1518.36,New,FI,0,Ecom,2025-02-24
Finland,179.95,New,FI,0,Stores,2025-02-24
Finland,2493.65,Returning,FI,0,Ecom,2025-02-24
Finland,642.01,Returning,FI,0,Stores,2025-02-24
Finland,2898.88,New,FI,0,Ecom,2025-02-25
Finland,588.59,New,FI,0,Stores,2025-02-25
Finland,914.91,Returning,FI,0,Ecom,2025-02-25
Finland,592.64,Returning,FI,0,Stores,2025-02-25
Finland,2043.41,New,FI,0,Ecom,2025-02-26
Finland,451.17,New,FI,0,Stores,2025-02-26
Finland,1215.7,Returning,FI,0,Ecom,2025-02-26
Finland,954.52,Returning,FI,0,Stores,2025-02-26
Finland,939.38,New,FI,0,Ecom,2025-02-27
Finland,2103.59,New,FI,0,Stores,2025-02-27
Finland,979.77,Returning,FI,0,Ecom,2025-02-27
Finland,1127.53,Returning,FI,0,Stores,2025-02-27
Finland,3219.14,New,FI,0,Ecom,2025-02-28
Finland,1754.9,New,FI,0,Stores,2025-02-28
Finland,476.33,Returning,FI,0,Ecom,2025-02-28
Finland,154.9,Returning,FI,0,Stores,2025-02-28
Finland,1305.35,New,FI,0,Ecom,2025-03-01
Finland,1057.23,New,FI,0,Stores,2025-03-01
Finland,2266.39,Returning,FI,0,Ecom,2025-03-01
Finland,836.46,Returning,FI,0,Stores,2025-03-01
Finland,2744.61,New,FI,0,Ecom,2025-03-02
Finland,887.35,New,FI,0,Stores,2025-03-02
Finland,1390.85,Returning,FI,0,Ecom,2025-03-02
Finland,95.0,Returning,FI,0,Stores,2025-03-02
Finland,1820.32,New,FI,0,Ecom,2025-03-03
Finland,1391.77,New,FI,0,Stores,2025-03-03
Finland,1517.6,Returning,FI,0,Ecom,2025-03-03
Finland,359.15,Returning,FI,0,Stores,2025-03-03
Finland,3023.2,New,FI,0,Ecom,2025-03-04
Finland,1931.04,New,FI,0,Stores,2025-03-04
Finland,257.76,Returning,FI,0,Ecom,2025-03-04
Finland,51.76,Returning,FI,0,Stores,2025-03-04
Finland,3992.64,New,FI,0,Ecom,2025-03-05
Finland,298.68,New,FI,0,Stores,2025-03-05
Finland,288.05,Returning,FI,0,Ecom,2025-03-05
Finland,105.62,Returning,FI,0,Stores,2025-03-05
Finland,1491.34,New,FI,0,Ecom,2025-03-06
Finland,1306.15,New,FI,0,Stores,2025-03-06
Finland,1644.83,Returning,FI,0,Ecom,2025-03-06
Finland,929.44,Returning,FI,0,Stores,2025-03-06
Finland,2089.74,New,FI,0,Ecom,2025-03-07
Finland,2181.74,New,FI,0,Stores,2025-03-07
Finland,804.74,Returning,FI,0,Ecom,2025-03-07
Finland,157.34,Returning,FI,0,Stores,2025-03-07
Finland,1464.22,New,FI,0,Ecom,2025-03-08
Finland,1339.29,New,FI,0,Stores,2025-03-08
Finland,1331.07,Returning,FI,0,Ecom,2025-03-08
Finland,225.84,Returning,FI,0,Stores,2025-03-08
Finland,2238.84,New,FI,0,Ecom,2025-03-09
Finland,2053.2,New,FI,0,Stores,2025-03-09
Finland,254.18,Returning,FI,0,Ecom,2025-03-09
Finland,447.96,Returning,FI,0,Stores,2025-03-09
Finland,1492.25,New,FI,0,Ecom,2025-03-10
Finland,1481.6,New,FI,0,Stores,2025-03-10
Finland,2174.25,Returning,FI,0,Ecom,2025-03-10
Finland,138.76,Returning,FI,0,Stores,2025-03-10
Finland,1252.36,New,FI,0,Ecom,2025-03-11
Finland,1042.56,New,FI,0,Stores,2025-03-11
Finland,1244.95,Returning,FI,0,Ecom,2025-03-11
Finland,1257.78,Returning,FI,0,Stores,2025-03-11
Finland,2626.52,New,FI,0,Ecom,2025-03-12
Finland,626.76,New,FI,0,Stores,2025-03-12
Finland,1902.14,Returning,FI,0,Ecom,2025-03-12
Finland,213.38,Returning,FI,0,Stores,2025-03-12
Finland,1769.45,New,FI,0,Ecom,2025-03-13
Finland,635.11,New,FI,0,Stores,2025-03-13
Finland,2306.68,Returning,FI,0,Ecom,2025-03-13
Finland,360.27,Returning,FI,0,Stores,2025-03-13
Finland,2360.48,New,FI,0,Ecom,2025-03-14
Finland,1270.74,New,FI,0,Stores,2025-03-14
Finland,1202.38,Returning,FI,0,Ecom,2025-03-14
Finland,616.45,Returning,FI,0,Stores,2025-03-14
Finland,2311.57,New,FI,0,Ecom,2025-03-15
Finland,1468.45,New,FI,0,Stores,2025-03-15
Finland,722.73,Returning,FI,0,Ecom,2025-03-15
Finland,573.47,Returning,FI,0,Stores,2025-03-15
Finland,1956.68,New,FI,0,Ecom,2025-03-16
Finland,1168.13,New,FI,0,Stores,2025-03-16
Finland,1627.32,Returning,FI,0,Ecom,2025-03-16
Finland,515.83,Returning,FI,0,Stores,2025-03-16
Finland,3435.89,New,FI,0,Ecom,2025-03-17
Finland,708.38,New,FI,0,Stores,2025-03-17
Finland,1169.17,Returning,FI,0,Ecom,2025-03-17
Finland,21.58,Returning,FI,0,Stores,2025-03-17
Finland,2796.08,New,FI,0,Ecom,2025-03-18
Finland,1028.35,New,FI,0,Stores,2025-03-18
Finland,1217.96,Returning,FI,0,Ecom,2025-03-18
Finland,11.37,Returning,FI,0,Stores,2025-03-18
Finland,1936.9,New,FI,0,Ecom,2025-03-19
Finland,1714.49,New,FI,0,Stores,2025-03-19
Finland,905.86,Returning,FI,0,Ecom,2025-03-19
Finland,509.06,Returning,FI,0,Stores,2025-03-19
Finland,1695.09,New,FI,0,Ecom,2025-03-20
Finland,1445.0,New,FI,0,Stores,2025-03-20
Finland,1673.2,Returning,FI,0,Ecom,2025-03-20
Finland,84.58,Returning,FI,0,Stores,2025-03-20
Finland,1873.58,New,FI,0,Ecom,2025-03-21
Finland,689.27,New,FI,0,Stores,2025-03-21
Finland,1054.38,Returning,FI,0,Ecom,2025-03-21
Finland,1520.73,Returning,FI,0,Stores,2025-03-21
Finland,3396.36,New,FI,0,Ecom,2025-03-22
Finland,1089.44,New,FI,0,Stores,2025-03-22
Finland,1461.13,Returning,FI,0,Ecom,2025-03-22
Finland,392.53,Returning,FI,0,Stores,2025-03-22
Finland,2915.02,New,FI,0,Ecom,2025-03-23
Finland,157.19,New,FI,0,Stores,2025-03-23
Finland,595.99,Returning,FI,0,Ecom,2025-03-23
Finland,1707.62,Returning,FI,0,Stores,2025-03-23
Finland,3869.24,New,FI,0,Ecom,2025-03-24
Finland,707.42,New,FI,0,Stores,2025-03-24
Finland,409.48,Returning,FI,0,Ecom,2025-03-24
Finland,16.86,Returning,FI,0,Stores,2025-03-24
Finland,4483.59,New,FI,0,Ecom,2025-03-25
Finland,748.49,New,FI,0,Stores,2025-03-25
Finland,142.35,Returning,FI,0,Ecom,2025-03-25
Finland,814.58,Returning,FI,0,Stores,2025-03-25
Finland,855.59,New,FI,0,Ecom,2025-03-26
Finland,736.41,New,FI,0,Stores,2025-03-26
Finland,2133.69,Returning,FI,0,Ecom,2025-03-26
Finland,1001.79,Returning,FI,0,Stores,2025-03-26
Finland,894.3,New,FI,0,Ecom,2025-03-27
Finland,1929.49,New,FI,0,Stores,2025-03-27
Finland,2339.63,Returning,FI,0,Ecom,2025-03-27
Finland,223.63,Returning,FI,0,Stores,2025-03-27
Finland,858.46,New,FI,0,Ecom,2025-03-28
Finland,1580.51,New,FI,0,Stores,2025-03-28
Finland,1987.01,Returning,FI,0,Ecom,2025-03-28
Finland,25.94,Returning,FI,0,Stores,2025-03-28
Finland,886.03,New,FI,0,Ecom,2025-03-29
Finland,862.63,New,FI,0,Stores,2025-03-29
Finland,1583.6,Returning,FI,0,Ecom,2025-03-29
Finland,814.18,Returning,FI,0,Stores,2025-03-29
Finland,2669.97,New,FI,0,Ecom,2025-03-30
Finland,956.41,New,FI,0,Stores,2025-03-30
Finland,1366.02,Returning,FI,0,Ecom,2025-03-30
Finland,860.07,Returning,FI,0,Stores,2025-03-30
Finland,2952.43,New,FI,0,Ecom,2025-03-31
Finland,1712.04,New,FI,0,Stores,2025-03-31
Finland,295.97,Returning,FI,0,Ecom,2025-03-31
Finland,448.18,Returning,FI,0,Stores,2025-03-31
Finland,1303.04,New,FI,0,Ecom,2025-04-01
Finland,1298.66,New,FI,0,Stores,2025-04-01
Finland,2272.16,Returning,FI,0,Ecom,2025-04-01
Finland,387.68,Returning,FI,0,Stores,2025-04-01
Finland,2800.07,New,FI,0,Ecom,2025-04-02
Finland,1013.41,New,FI,0,Stores,2025-04-02
Finland,2196.93,Returning,FI,0,Ecom,2025-04-02
Finland,14.42,Returning,FI,0,Stores,2025-04-02
Finland,2390.98,New,FI,0,Ecom,2025-04-03
Finland,625.98,New,FI,0,Stores,2025-04-03
Finland,1374.47,Returning,FI,0,Ecom,2025-04-03
Finland,604.27,Returning,FI,0,Stores,2025-04-03
Finland,2315.31,New,FI,0,Ecom,2025-04-04
Finland,351.37,New,FI,0,Stores,2025-04-04
Finland,1816.78,Returning,FI,0,Ecom,2025-04-04
Finland,431.76,Returning,FI,0,Stores,2025-04-04
Finland,3737.83,New,FI,0,Ecom,2025-04-05
Finland,909.56,New,FI,0,Stores,2025-04-05
Finland,510.36,Returning,FI,0,Ecom,2025-04-05
Finland,490.17,Returning,FI,0,Stores,2025-04-05
Finland,2578.54,New,FI,0,Ecom,2025-04-06
Finland,323.12,New,FI,0,Stores,2025-04-06
Finland,1284.93,Returning,FI,0,Ecom,2025-04-06
Finland,1782.62,Returning,FI,0,Stores,2025-04-06
Finland,1574.53,New,FI,0,Ecom,2025-04-07
Finland,1517.3,New,FI,0,Stores,2025-04-07
Finland,1649.34,Returning,FI,0,Ecom,2025-04-07
Finland,102.84,Returning,FI,0,Stores,2025-04-07
Finland,1975.51,New,FI,0,Ecom,2025-04-08
Finland,1281.48,New,FI,0,Stores,2025-04-08
Finland,412.45,Returning,FI,0,Ecom,2025-04-08
Finland,2089.69,Returning,FI,0,Stores,2025-04-08
Finland,2974.34,New,FI,0,Ecom,2025-04-09
Finland,128.25,New,FI,0,Stores,2025-04-09
Finland,1643.57,Returning,FI,0,Ecom,2025-04-09
Finland,5.92,Returning,FI,0,Stores,2025-04-09
Finland,2588.11,New,FI,0,Ecom,2025-04-10
Finland,993.5,New,FI,0,Stores,2025-04-10
Finland,1543.44,Returning,FI,0,Ecom,2025-04-10
Finland,835.41,Returning,FI,0,Stores,2025-04-10
Finland,1165.06,New,FI,0,Ecom,2025-04-11
Finland,1299.15,New,FI,0,Stores,2025-04-11
Finland,2914.34,Returning,FI,0,Ecom,2025-04-11
Finland,7.71,Returning,FI,0,Stores,2025-04-11
Finland,2101.6,New,FI,0,Ecom,2025-04-12
Finland,2561.11,New,FI,0,Stores,2025-04-12
Finland,877.83,Returning,FI,0,Ecom,2025-04-12
Finland,0.96,Returning,FI,0,Stores,2025-04-12
Finland,1544.51,New,FI,0,Ecom,2025-04-13
Finland,914.75,New,FI,0,Stores,2025-04-13
Finland,2029.3,Returning,FI,0,Ecom,2025-04-13
Finland,374.45,Returning,FI,0,Stores,2025-04-13
Finland,1335.85,New,FI,0,Ecom,2025-04-14
Finland,1638.33,New,FI,0,Stores,2025-04-14
Finland,1949.69,Returning,FI,0,Ecom,2025-04-14
Finland,212.92,Returning,FI,0,Stores,2025-04-14
Finland,1360.77,New,FI,0,Ecom,2025-04-15
Finland,608.32,New,FI,0,Stores,2025-04-15
Finland,3153.0,Returning,FI,0,Ecom,2025-04-15
Finland,861.6,Returning,FI,0,Stores,2025-04-15
Finland,2457.52,New,FI,0,Ecom,2025-04-16
Finland,1012.57,New,FI,0,Stores,2025-04-16
Finland,1715.63,Returning,FI,0,Ecom,2025-04-16
Finland,901.1,Returning,FI,0,Stores,2025-04-16
Finland,1988.5,New,FI,0,Ecom,2025-04-17
Finland,889.3,New,FI,0,Stores,2025-04-17
Finland,3183.64,Returning,FI,0,Ecom,2025-04-17
Finland,596.44,Returning,FI,0,Stores,2025-04-17
Finland,3211.22,New,FI,0,Ecom,2025-04-18
Finland,1327.25,New,FI,0,Stores,2025-04-18
Finland,880.18,Returning,FI,0,Ecom,2025-04-18
Finland,1919.22,Returning,FI,0,Stores,2025-04-18
Finland,3543.88,New,FI,0,Ecom,2025-04-19
Finland,468.15,New,FI,0,Stores,2025-04-19
Finland,895.11,Returning,FI,0,Ecom,2025-04-19
Finland,934.1,Returning,FI,0,Stores,2025-04-19
Finland,1568.36,New,FI,0,Ecom,2025-04-20
Finland,605.6,New,FI,0,Stores,2025-04-20
Finland,1849.34,Returning,FI,0,Ecom,2025-04-20
Finland,2068.07,Returning,FI,0,Stores,2025-04-20
Finland,3139.35,New,FI,0,Ecom,2025-04-21
Finland,1648.95,New,FI,0,Stores,2025-04-21
Finland,541.66,Returning,FI,0,Ecom,2025-04-21
Finland,152.2,Returning,FI,0,Stores,2025-04-21
Finland,2631.8,New,FI,0,Ecom,2025-04-22
Finland,1365.55,New,FI,0,Stores,2025-04-22
Finland,1302.64,Returning,FI,0,Ecom,2025-04-22
Finland,195.58,Returning,FI,0,Stores,2025-04-22
Finland,908.18,New,FI,0,Ecom,2025-04-23
Finland,2408.77,New,FI,0,Stores,2025-04-23
Finland,705.52,Returning,FI,0,Ecom,2025-04-23
Finland,1298.26,Returning,FI,0,Stores,2025-04-23
Finland,1271.8,New,FI,0,Ecom,2025-04-24
Finland,2225.42,New,FI,0,Stores,2025-04-24
Finland,2021.19,Returning,FI,0,Ecom,2025-04-24
Finland,917.08,Returning,FI,0,Stores,2025-04-24
Finland,543.07,New,FI,0,Ecom,2025-04-25
Finland,2931.17,New,FI,0,Stores,2025-04-25
Finland,344.17,Returning,FI,0,Ecom,2025-04-25
Finland,1583.78,Returning,FI,0,Stores,2025-04-25
Finland,1930.41,New,FI,0,Ecom,2025-04-26
Finland,1255.66,New,FI,0,Stores,2025-04-26
Finland,1324.76,Returning,FI,0,Ecom,2025-04-26
Finland,365.81,Returning,FI,0,Stores,2025-04-26
Finland,2130.32,New,FI,0,Ecom,2025-04-27
Finland,1270.11,New,FI,0,Stores,2025-04-27
Finland,1997.23,Returning,FI,0,Ecom,2025-04-27
Finland,6.16,Returning,FI,0,Stores,2025-04-27
Finland,3050.6,New,FI,0,Ecom,2025-04-28
Finland,607.74,New,FI,0,Stores,2025-04-28
Finland,1728.81,Returning,FI,0,Ecom,2025-04-28
Finland,179.56,Returning,FI,0,Stores,2025-04-28
Finland,2638.83,New,FI,0,Ecom,2025-04-29
Finland,1483.5,New,FI,0,Stores,2025-04-29
Finland,959.07,Returning,FI,0,Ecom,2025-04-29
Finland,148.3,Returning,FI,0,Stores,2025-04-29
Finland,1712.96,New,FI,0,Ecom,2025-04-30
Finland,559.28,New,FI,0,Stores,2025-04-30
Finland,2091.53,Returning,FI,0,Ecom,2025-04-30
Finland,1492.85,Returning,FI,0,Stores,2025-04-30
Finland,1221.59,New,FI,0,Ecom,2025-05-01
Finland,2999.65,New,FI,0,Stores,2025-05-01
Finland,837.99,Returning,FI,0,Ecom,2025-05-01
Finland,501.95,Returning,FI,0,Stores,2025-05-01
Finland,1389.76,New,FI,0,Ecom,2025-05-02
Finland,2077.52,New,FI,0,Stores,2025-05-02
Finland,1119.86,Returning,FI,0,Ecom,2025-05-02
Finland,947.09,Returning,FI,0,Stores,2025-05-02
Finland,486.01,New,FI,0,Ecom,2025-05-03
Finland,944.2,New,FI,0,Stores,2025-05-03
Finland,2846.45,Returning,FI,0,Ecom,2025-05-03
Finland,998.8,Returning,FI,0,Stores,2025-05-03
Finland,1370.07,New,FI,0,Ecom,2025-05-04
Finland,1012.66,New,FI,0,Stores,2025-05-04
Finland,2106.89,Returning,FI,0,Ecom,2025-05-04
Finland,747.2,Returning,FI,0,Stores,2025-05-04
Finland,1155.87,New,FI,0,Ecom,2025-05-05
Finland,1762.68,New,FI,0,Stores,2025-05-05
Finland,2087.86,Returning,FI,0,Ecom,2025-05-05
Finland,82.49,Returning,FI,0,Stores,2025-05-05
Finland,893.96,New,FI,0,Ecom,2025-05-06
Finland,2275.05,New,FI,0,Stores,2025-05-06
Finland,963.75,Returning,FI,0,Ecom,2025-05-06
Finland,1751.02,Returning,FI,0,Stores,2025-05-06
Finland,1439.15,New,FI,0,Ecom,2025-05-07
Finland,267.73,New,FI,0,Stores,2025-05-07
Finland,1636.9,Returning,FI,0,Ecom,2025-05-07
Finland,867.75,Returning,FI,0,Stores,2025-05-07
Finland,1705.64,New,FI,0,Ecom,2025-05-08
Finland,719.95,New,FI,0,Stores,2025-05-08
Finland,2272.64,Returning,FI,0,Ecom,2025-05-08
Finland,535.56,Returning,FI,0,Stores,2025-05-08
Finland,573.25,New,FI,0,Ecom,2025-05-09
Finland,1729.09,New,FI,0,Stores,2025-05-09
Finland,2549.84,Returning,FI,0,Ecom,2025-05-09
Finland,391.85,Returning,FI,0,Stores,2025-05-09
Finland,2464.8,New,FI,0,Ecom,2025-05-10
Finland,522.13,New,FI,0,Stores,2025-05-10
Finland,1703.08,Returning,FI,0,Ecom,2025-05-10
Finland,122.17,Returning,FI,0,Stores,2025-05-10
Finland,1908.73,New,FI,0,Ecom,2025-05-11
Finland,1165.98,New,FI,0,Stores,2025-05-11
Finland,1717.77,Returning,FI,0,Ecom,2025-05-11
Finland,341.23,Returning,FI,0,Stores,2025-05-11
Finland,2296.24,New,FI,0,Ecom,2025-05-12
Finland,2152.85,New,FI,0,Stores,2025-05-12
Finland,1167.35,Returning,FI,0,Ecom,2025-05-12
Finland,603.99,Returning,FI,0,Stores,2025-05-12
Finland,1531.99,New,FI,0,Ecom,2025-05-13
Finland,2581.85,New,FI,0,Stores,2025-05-13
Finland,547.85,Returning,FI,0,Ecom,2025-05-13
Finland,479.1,Returning,FI,0,Stores,2025-05-13
Finland,1938.75,New,FI,0,Ecom,2025-05-14
Finland,1342.15,New,FI,0,Stores,2025-05-14
Finland,1789.22,Returning,FI,0,Ecom,2025-05-14
Finland,155.35,Returning,FI,0,Stores,2025-05-14
Finland,2910.95,New,FI,0,Ecom,2025-05-15
Finland,523.01,New,FI,0,Stores,2025-05-15
Finland,1473.64,Returning,FI,0,Ecom,2025-05-15
Finland,410.81,Returning,FI,0,Stores,2025-05-15
Finland,3647.77,New,FI,0,Ecom,2025-05-16
Finland,485.84,New,FI,0,Stores,2025-05-16
Finland,1127.7,Returning,FI,0,Ecom,2025-05-16
Finland,342.64,Returning,FI,0,Stores,2025-05-16
Finland,2292.17,New,FI,0,Ecom,2025-05-17
Finland,492.02,New,FI,0,Stores,2025-05-17
Finland,2696.16,Returning,FI,0,Ecom,2025-05-17
Finland,480.66,Returning,FI,0,Stores,2025-05-17
Finland,3174.66,New,FI,0,Ecom,2025-05-18
Finland,1312.81,New,FI,0,Stores,2025-05-18
Finland,1148.02,Returning,FI,0,Ecom,2025-05-18
Finland,46.46,Returning,FI,0,Stores,2025-05-18
Finland,1977.72,New,FI,0,Ecom,2025-05-19
Finland,1101.62,New,FI,0,Stores,2025-05-19
Finland,1911.47,Returning,FI,0,Ecom,2025-05-19
Finland,12.07,Returning,FI,0,Stores,2025-05-19
Finland,1866.74,New,FI,0,Ecom,2025-05-20
Finland,2513.11,New,FI,0,Stores,2025-05-20
Finland,827.39,Returning,FI,0,Ecom,2025-05-20
Finland,789.24,Returning,FI,0,Stores,2025-05-20
Finland,2084.73,New,FI,0,Ecom,2025-05-21
Finland,3236.82,New,FI,0,Stores,2025-05-21
Finland,570.63,Returning,FI,0,Ecom,2025-05-21
Finland,139.28,Returning,FI,0,Stores,2025-05-21
Finland,1974.07,New,FI,0,Ecom,2025-05-22
Finland,626.69,New,FI,0,Stores,2025-05-22
Finland,1728.66,Returning,FI,0,Ecom,2025-05-22
Finland,691.39,Returning,FI,0,Stores,2025-05-22
Finland,924.62,New,FI,0,Ecom,2025-05-23
Finland,1002.15,New,FI,0,Stores,2025-05-23
Finland,1343.41,Returning,FI,0,Ecom,2025-05-23
Finland,1643.56,Returning,FI,0,Stores,2025-05-23
Finland,4894.24,New,FI,0,Ecom,2025-05-24
Finland,193.21,New,FI,0,Stores,2025-05-24
Finland,924.05,Returning,FI,0,Ecom,2025-05-24
Finland,73.35,Returning,FI,0,Stores,2025-05-24
Finland,2906.72,New,FI,0,Ecom,2025-05-25
Finland,956.0,New,FI,0,Stores,2025-05-25
Finland,270.03,Returning,FI,0,Ecom,2025-05-25
Finland,705.26,Returning,FI,0,Stores,2025-05-25
Finland,1709.62,New,FI,0,Ecom,2025-05-26
Finland,1784.61,New,FI,0,Stores,2025-05-26
Finland,1518.38,Returning,FI,0,Ecom,2025-05-26
Finland,129.45,Returning,FI,0,Stores,2025-05-26
Finland,706.54,New,FI,0,Ecom,2025-05-27
Finland,289.02,New,FI,0,Stores,2025-05-27
Finland,502.68,Returning,FI,0,Ecom,2025-05-27
Finland,3573.24,Returning,FI,0,Stores,2025-05-27
Finland,2327.28,New,FI,0,Ecom,2025-05-28
Finland,1707.81,New,FI,0,Stores,2025-05-28
Finland,815.21,Returning,FI,0,Ecom,2025-05-28
Finland,40.14,Returning,FI,0,Stores,2025-05-28
Finland,2133.81,New,FI,0,Ecom,2025-05-29
Finland,1580.03,New,FI,0,Stores,2025-05-29
Finland,590.98,Returning,FI,0,Ecom,2025-05-29
Finland,1107.65,Returning,FI,0,Stores,2025-05-29
Finland,2548.42,New,FI,0,Ecom,2025-05-30
Finland,2422.71,New,FI,0,Stores,2025-05-30
Finland,634.25,Returning,FI,0,Ecom,2025-05-30
Finland,91.49,Returning,FI,0,Stores,2025-05-30
Finland,2079.92,New,FI,0,Ecom,2025-05-31
Finland,1413.06,New,FI,0,Stores,2025-05-31
Finland,758.95,Returning,FI,0,Ecom,2025-05-31
Finland,795.05,Returning,FI,0,Stores,2025-05-31
Finland,2714.13,New,FI,0,Ecom,2025-06-01
Finland,1347.33,New,FI,0,Stores,2025-06-01
Finland,474.96,Returning,FI,0,Ecom,2025-06-01
Finland,652.07,Returning,FI,0,Stores,2025-06-01
Finland,696.98,New,FI,0,Ecom,2025-06-02
Finland,3350.33,New,FI,0,Stores,2025-06-02
Finland,805.48,Returning,FI,0,Ecom,2025-06-02
Finland,1025.54,Returning,FI,0,Stores,2025-06-02
Finland,1221.85,New,FI,0,Ecom,2025-06-03
Finland,299.24,New,FI,0,Stores,2025-06-03
Finland,1613.7,Returning,FI,0,Ecom,2025-06-03
Finland,1901.35,Returning,FI,0,Stores,2025-06-03
Finland,3307.25,New,FI,0,Ecom,2025-06-04
Finland,831.16,New,FI,0,Stores,2025-06-04
Finland,768.13,Returning,FI,0,Ecom,2025-06-04
Finland,136.97,Returning,FI,0,Stores,2025-06-04
Finland,3366.01,New,FI,0,Ecom,2025-06-05
Finland,602.87,New,FI,0,Stores,2025-06-05
Finland,1521.13,Returning,FI,0,Ecom,2025-06-05
Finland,882.36,Returning,FI,0,Stores,2025-06-05
Finland,2061.24,New,FI,0,Ecom,2025-06-06
Finland,439.28,New,FI,0,Stores,2025-06-06
Finland,1135.28,Returning,FI,0,Ecom,2025-06-06
Finland,1187.1,Returning,FI,0,Stores,2025-06-06
Finland,2161.47,New,FI,0,Ecom,2025-06-07
Finland,2018.59,New,FI,0,Stores,2025-06-07
Finland,1152.32,Returning,FI,0,Ecom,2025-06-07
Finland,227.61,Returning,FI,0,Stores,2025-06-07
Finland,3578.22,New,FI,0,Ecom,2025-06-08
Finland,1533.51,New,FI,0,Stores,2025-06-08
Finland,1266.64,Returning,FI,0,Ecom,2025-06-08
Finland,1.72,Returning,FI,0,Stores,2025-06-08
Finland,1806.82,New,FI,0,Ecom,2025-06-09
Finland,1089.84,New,FI,0,Stores,2025-06-09
Finland,364.75,Returning,FI,0,Ecom,2025-06-09
Finland,2624.16,Returning,FI,0,Stores,2025-06-09
Finland,2364.26,New,FI,0,Ecom,2025-06-10
Finland,1086.51,New,FI,0,Stores,2025-06-10
Finland,905.38,Returning,FI,0,Ecom,2025-06-10
Finland,1788.6,Returning,FI,0,Stores,2025-06-10
Finland,666.64,New,FI,0,Ecom,2025-06-11
Finland,1687.1,New,FI,0,Stores,2025-06-11
Finland,3292.24,Returning,FI,0,Ecom,2025-06-11
Finland,231.47,Returning,FI,0,Stores,2025-06-11
Finland,1988.26,New,FI,0,Ecom,2025-06-12
Finland,702.4,New,FI,0,Stores,2025-06-12
Finland,1889.98,Returning,FI,0,Ecom,2025-06-12
Finland,668.52,Returning,FI,0,Stores,2025-06-12
Finland,1010.1,New,FI,0,Ecom,2025-06-13
Finland,2386.41,New,FI,0,Stores,2025-06-13
Finland,1216.26,Returning,FI,0,Ecom,2025-06-13
Finland,870.49,Returning,FI,0,Stores,2025-06-13
Finland,577.36,New,FI,0,Ecom,2025-06-14
Finland,1490.16,New,FI,0,Stores,2025-06-14
Finland,2927.35,Returning,FI,0,Ecom,2025-06-14
Finland,184.06,Returning,FI,0,Stores,2025-06-14
Finland,1437.76,New,FI,0,Ecom,2025-06-15
Finland,1198.83,New,FI,0,Stores,2025-06-15
Finland,683.83,Returning,FI,0,Ecom,2025-06-15
Finland,2440.42,Returning,FI,0,Stores,2025-06-15
Finland,2592.77,New,FI,0,Ecom,2025-06-16
Finland,1989.64,New,FI,0,Stores,2025-06-16
Finland,1312.92,Returning,FI,0,Ecom,2025-06-16
Finland,125.76,Returning,FI,0,Stores,2025-06-16
Finland,3382.66,New,FI,0,Ecom,2025-06-17
Finland,365.26,New,FI,0,Stores,2025-06-17
Finland,763.48,Returning,FI,0,Ecom,2025-06-17
Finland,1257.99,Returning,FI,0,Stores,2025-06-17
Finland,981.48,New,FI,0,Ecom,2025-06-18
Finland,1275.62,New,FI,0,Stores,2025-06-18
Finland,2480.08,Returning,FI,0,Ecom,2025-06-18
Finland,169.66,Returning,FI,0,Stores,2025-06-18
Finland,2163.02,New,FI,0,Ecom,2025-06-19
Finland,2790.54,New,FI,0,Stores,2025-06-19
Finland,1068.15,Returning,FI,0,Ecom,2025-06-19
Finland,545.1,Returning,FI,0,Stores,2025-06-19
Finland,605.39,New,FI,0,Ecom,2025-06-20
Finland,3972.75,New,FI,0,Stores,2025-06-20
Finland,1083.83,Returning,FI,0,Ecom,2025-06-20
Finland,404.04,Returning,FI,0,Stores,2025-06-20
Finland,671.08,New,FI,0,Ecom,2025-06-21
Finland,2787.5,New,FI,0,Stores,2025-06-21
Finland,471.87,Returning,FI,0,Ecom,2025-06-21
Finland,1048.59,Returning,FI,0,Stores,2025-06-21
Finland,1217.14,New,FI,0,Ecom,2025-06-22
Finland,3690.17,New,FI,0,Stores,2025-06-22
Finland,1065.59,Returning,FI,0,Ecom,2025-06-22
Finland,277.33,Returning,FI,0,Stores,2025-06-22
Finland,3303.75,New,FI,0,Ecom,2025-06-23
Finland,645.76,New,FI,0,Stores,2025-06-23
Finland,1483.5,Returning,FI,0,Ecom,2025-06-23
Finland,99.06,Returning,FI,0,Stores,2025-06-23
Finland,2136.9,New,FI,0,Ecom,2025-06-24
Finland,2982.22,New,FI,0,Stores,2025-06-24
Finland,116.31,Returning,FI,0,Ecom,2025-06-24
Finland,5.08,Returning,FI,0,Stores,2025-06-24
Finland,1811.51,New,FI,0,Ecom,2025-06-25
Finland,2305.66,New,FI,0,Stores,2025-06-25
Finland,1372.55,Returning,FI,0,Ecom,2025-06-25
Finland,111.99,Returning,FI,0,Stores,2025-06-25
Finland,1216.14,New,FI,0,Ecom,2025-06-26
Finland,2452.44,New,FI,0,Stores,2025-06-26
Finland,1439.33,Returning,FI,0,Ecom,2025-06-26
Finland,810.53,Returning,FI,0,Stores,2025-06-26
Finland,1247.91,New,FI,0,Ecom,2025-06-27
Finland,2910.44,New,FI,0,Stores,2025-06-27
Finland,388.51,Returning,FI,0,Ecom,2025-06-27
Finland,416.73,Returning,FI,0,Stores,2025-06-27
Finland,2717.58,New,FI,0,Ecom,2025-06-28
Finland,2106.22,New,FI,0,Stores,2025-06-28
Finland,690.66,Returning,FI,0,Ecom,2025-06-28
Finland,568.44,Returning,FI,0,Stores,2025-06-28
Finland,2263.35,New,FI,0,Ecom,2025-06-29
Finland,2054.82,New,FI,0,Stores,2025-06-29
Finland,380.47,Returning,FI,0,Ecom,2025-06-29
Finland,1877.25,Returning,FI,0,Stores,2025-06-29
Finland,2133.95,New,FI,0,Ecom,2025-06-30
Finland,708.33,New,FI,0,Stores,2025-06-30
Finland,1236.7,Returning,FI,0,Ecom,2025-06-30
Finland,1854.36,Returning,FI,0,Stores,2025-06-30
Finland,4094.78,New,FI,0,Ecom,2025-07-01
Finland,496.24,New,FI,0,Stores,2025-07-01
Finland,1326.65,Returning,FI,0,Ecom,2025-07-01
Finland,262.15,Returning,FI,0,Stores,2025-07-01
Finland,1440.44,New,FI,0,Ecom,2025-07-02
Finland,1745.66,New,FI,0,Stores,2025-07-02
Finland,1538.55,Returning,FI,0,Ecom,2025-07-02
Finland,1482.89,Returning,FI,0,Stores,2025-07-02
Finland,1328.2,New,FI,0,Ecom,2025-07-03
Finland,617.27,New,FI,0,Stores,2025-07-03
Finland,2066.62,Returning,FI,0,Ecom,2025-07-03
Finland,1751.29,Returning,FI,0,Stores,2025-07-03
Finland,2061.56,New,FI,0,Ecom,2025-07-04
Finland,1662.85,New,FI,0,Stores,2025-07-04
Finland,1778.81,Returning,FI,0,Ecom,2025-07-04
Finland,530.67,Returning,FI,0,Stores,2025-07-04
Finland,4094.29,New,FI,0,Ecom,2025-07-05
Finland,200.19,New,FI,0,Stores,2025-07-05
Finland,1072.3,Returning,FI,0,Ecom,2025-07-05
Finland,456.77,Returning,FI,0,Stores,2025-07-05
Finland,3158.31,New,FI,0,Ecom,2025-07-06
Finland,1139.14,New,FI,0,Stores,2025-07-06
Finland,983.44,Returning,FI,0,Ecom,2025-07-06
Finland,629.83,Returning,FI,0,Stores,2025-07-06
Finland,2120.33,New,FI,0,Ecom,2025-07-07
Finland,541.68,New,FI,0,Stores,2025-07-07
Finland,3189.58,Returning,FI,0,Ecom,2025-07-07
Finland,38.23,Returning,FI,0,Stores,2025-07-07
Finland,3320.92,New,FI,0,Ecom,2025-07-08
Finland,602.21,New,FI,0,Stores,2025-07-08
Finland,1188.32,Returning,FI,0,Ecom,2025-07-08
Finland,214.34,Returning,FI,0,Stores,2025-07-08
Finland,2344.54,New,FI,0,Ecom,2025-07-09
Finland,1769.25,New,FI,0,Stores,2025-07-09
Finland,263.85,Returning,FI,0,Ecom,2025-07-09
Finland,808.11,Returning,FI,0,Stores,2025-07-09
Finland,2087.69,New,FI,0,Ecom,2025-07-10
Finland,2644.73,New,FI,0,Stores,2025-07-10
Finland,588.1,Returning,FI,0,Ecom,2025-07-10
Finland,536.63,Returning,FI,0,Stores,2025-07-10
Finland,3394.72,New,FI,0,Ecom,2025-07-11
Finland,2356.23,New,FI,0,Stores,2025-07-11
Finland,2.84,Returning,FI,0,Ecom,2025-07-11
Finland,146.32,Returning,FI,0,Stores,2025-07-11
Finland,408.58,New,FI,0,Ecom,2025-07-12
Finland,974.35,New,FI,0,Stores,2025-07-12
Finland,4207.04,Returning,FI,0,Ecom,2025-07-12
Finland,420.28,Returning,FI,0,Stores,2025-07-12
Finland,2356.65,New,FI,0,Ecom,2025-07-13
Finland,2206.88,New,FI,0,Stores,2025-07-13
Finland,1093.27,Returning,FI,0,Ecom,2025-07-13
Finland,120.23,Returning,FI,0,Stores,2025-07-13
Finland,3686.68,New,FI,0,Ecom,2025-07-14
Finland,276.06,New,FI,0,Stores,2025-07-14
Finland,713.62,Returning,FI,0,Ecom,2025-07-14
Finland,1115.98,Returning,FI,0,Stores,2025-07-14
Finland,4535.33,New,FI,0,Ecom,2025-07-15
Finland,446.05,New,FI,0,Stores,2025-07-15
Finland,146.78,Returning,FI,0,Ecom,2025-07-15
Finland,490.35,Returning,FI,0,Stores,2025-07-15
Finland,1218.33,New,FI,0,Ecom,2025-07-16
Finland,1046.23,New,FI,0,Stores,2025-07-16
Finland,1722.94,Returning,FI,0,Ecom,2025-07-16
Finland,1511.19,Returning,FI,0,Stores,2025-07-16
Finland,3657.32,New,FI,0,Ecom,2025-07-17
Finland,827.48,New,FI,0,Stores,2025-07-17
Finland,1468.54,Returning,FI,0,Ecom,2025-07-17
Finland,480.85,Returning,FI,0,Stores,2025-07-17
Finland,1036.56,New,FI,0,Ecom,2025-07-18
Finland,2113.04,New,FI,0,Stores,2025-07-18
Finland,657.39,Returning,FI,0,Ecom,2025-07-18
Finland,2049.66,Returning,FI,0,Stores,2025-07-18
Finland,2135.86,New,FI,0,Ecom,2025-07-19
Finland,1654.46,New,FI,0,Stores,2025-07-19
Finland,864.42,Returning,FI,0,Ecom,2025-07-19
Finland,222.08,Returning,FI,0,Stores,2025-07-19
Finland,2779.39,New,FI,0,Ecom,2025-07-20
Finland,772.33,New,FI,0,Stores,2025-07-20
Finland,1717.99,Returning,FI,0,Ecom,2025-07-20
Finland,1117.79,Returning,FI,0,Stores,2025-07-20
Finland,3160.69,New,FI,0,Ecom,2025-07-21
Finland,1354.49,New,FI,0,Stores,2025-07-21
Finland,1476.54,Returning,FI,0,Ecom,2025-07-21
Finland,836.22,Returning,FI,0,Stores,2025-07-21
Finland,1099.65,New,FI,0,Ecom,2025-07-22
Finland,1176.65,New,FI,0,Stores,2025-07-22
Finland,3052.76,Returning,FI,0,Ecom,2025-07-22
Finland,252.29,Returning,FI,0,Stores,2025-07-22
Finland,3698.55,New,FI,0,Ecom,2025-07-23
Finland,392.96,New,FI,0,Stores,2025-07-23
Finland,199.92,Returning,FI,0,Ecom,2025-07-23
Finland,1707.72,Returning,FI,0,Stores,2025-07-23
Finland,2195.73,New,FI,0,Ecom,2025-07-24
Finland,2171.39,New,FI,0,Stores,2025-07-24
Finland,580.73,Returning,FI,0,Ecom,2025-07-24
Finland,96.63,Returning,FI,0,Stores,2025-07-24
Finland,2401.9,New,FI,0,Ecom,2025-07-25
Finland,1800.36,New,FI,0,Stores,2025-07-25
Finland,1730.49,Returning,FI,0,Ecom,2025-07-25
Finland,148.29,Returning,FI,0,Stores,2025-07-25
Finland,782.74,New,FI,0,Ecom,2025-07-26
Finland,294.27,New,FI,0,Stores,2025-07-26
Finland,4305.53,Returning,FI,0,Ecom,2025-07-26
Finland,411.13,Returning,FI,0,Stores,2025-07-26
Finland,2021.04,New,FI,0,Ecom,2025-07-27
Finland,1121.21,New,FI,0,Stores,2025-07-27
Finland,2261.64,Returning,FI,0,Ecom,2025-07-27
Finland,842.24,Returning,FI,0,Stores,2025-07-27
Finland,2428.14,New,FI,0,Ecom,2025-07-28
Finland,943.2,New,FI,0,Stores,2025-07-28
Finland,933.65,Returning,FI,0,Ecom,2025-07-28
Finland,1328.85,Returning,FI,0,Stores,2025-07-28
Finland,2237.69,New,FI,0,Ecom,2025-07-29
Finland,288.36,New,FI,0,Stores,2025-07-29
Finland,2734.41,Returning,FI,0,Ecom,2025-07-29
Finland,314.33,Returning,FI,0,Stores,2025-07-29
Finland,1595.84,New,FI,0,Ecom,2025-07-30
Finland,1519.96,New,FI,0,Stores,2025-07-30
Finland,2132.55,Returning,FI,0,Ecom,2025-07-30
Finland,56.49,Returning,FI,0,Stores,2025-07-30
Finland,1713.18,New,FI,0,Ecom,2025-07-31
Finland,1593.12,New,FI,0,Stores,2025-07-31
Finland,616.03,Returning,FI,0,Ecom,2025-07-31
Finland,1439.41,Returning,FI,0,Stores,2025-07-31
Finland,3393.36,New,FI,0,Ecom,2025-08-01
Finland,1003.08,New,FI,0,Stores,2025-08-01
Finland,707.72,Returning,FI,0,Ecom,2025-08-01
Finland,143.45,Returning,FI,0,Stores,2025-08-01
Finland,858.03,New,FI,0,Ecom,2025-08-02
Finland,2590.55,New,FI,0,Stores,2025-08-02
Finland,1027.04,Returning,FI,0,Ecom,2025-08-02
Finland,1378.47,Returning,FI,0,Stores,2025-08-02
Finland,3310.63,New,FI,0,Ecom,2025-08-03
Finland,2142.78,New,FI,0,Stores,2025-08-03
Finland,579.11,Returning,FI,0,Ecom,2025-08-03
Finland,11.4,Returning,FI,0,Stores,2025-08-03
Finland,2224.95,New,FI,0,Ecom,2025-08-04
Finland,632.38,New,FI,0,Stores,2025-08-04
Finland,1383.34,Returning,FI,0,Ecom,2025-08-04
Finland,2204.59,Returning,FI,0,Stores,2025-08-04
Finland,1235.73,New,FI,0,Ecom,2025-08-05
Finland,663.77,New,FI,0,Stores,2025-08-05
Finland,3813.54,Returning,FI,0,Ecom,2025-08-05
Finland,285.87,Returning,FI,0,Stores,2025-08-05
Finland,2435.11,New,FI,0,Ecom,2025-08-06
Finland,1489.8,New,FI,0,Stores,2025-08-06
Finland,2687.15,Returning,FI,0,Ecom,2025-08-06
Finland,798.11,Returning,FI,0,Stores,2025-08-06
Finland,1967.98,New,FI,0,Ecom,2025-08-07
Finland,3149.46,New,FI,0,Stores,2025-08-07
Finland,586.66,Returning,FI,0,Ecom,2025-08-07
Finland,544.85,Returning,FI,0,Stores,2025-08-07
Finland,2467.18,New,FI,0,Ecom,2025-08-08
Finland,1775.94,New,FI,0,Stores,2025-08-08
Finland,1223.46,Returning,FI,0,Ecom,2025-08-08
Finland,225.88,Returning,FI,0,Stores,2025-08-08
Finland,3348.0,New,FI,0,Ecom,2025-08-09
Finland,434.18,New,FI,0,Stores,2025-08-09
Finland,1397.46,Returning,FI,0,Ecom,2025-08-09
Finland,1474.07,Returning,FI,0,Stores,2025-08-09
Finland,2420.36,New,FI,0,Ecom,2025-08-10
Finland,3530.35,New,FI,0,Stores,2025-08-10
Finland,246.01,Returning,FI,0,Ecom,2025-08-10
Finland,259.54,Returning,FI,0,Stores,2025-08-10
Finland,2785.32,New,FI,0,Ecom,2025-08-11
Finland,955.29,New,FI,0,Stores,2025-08-11
Finland,1726.72,Returning,FI,0,Ecom,2025-08-11
Finland,260.48,Returning,FI,0,Stores,2025-08-11
Finland,1523.38,New,FI,0,Ecom,2025-08-12
Finland,2971.36,New,FI,0,Stores,2025-08-12
Finland,1466.83,Returning,FI,0,Ecom,2025-08-12
Finland,572.89,Returning,FI,0,Stores,2025-08-12
Finland,1842.47,New,FI,0,Ecom,2025-08-13
Finland,2478.59,New,FI,0,Stores,2025-08-13
Finland,1545.5,Returning,FI,0,Ecom,2025-08-13
Finland,44.75,Returning,FI,0,Stores,2025-08-13
Finland,2136.92,New,FI,0,Ecom,2025-08-14
Finland,1604.45,New,FI,0,Stores,2025-08-14
Finland,2315.39,Returning,FI,0,Ecom,2025-08-14
Finland,510.18,Returning,FI,0,Stores,2025-08-14
Finland,2383.53,New,FI,0,Ecom,2025-08-15
Finland,2378.05,New,FI,0,Stores,2025-08-15
Finland,2178.47,Returning,FI,0,Ecom,2025-08-15
Finland,259.16,Returning,FI,0,Stores,2025-08-15
Finland,2529.45,New,FI,0,Ecom,2025-08-16
Finland,1427.7,New,FI,0,Stores,2025-08-16
Finland,2069.71,Returning,FI,0,Ecom,2025-08-16
Finland,663.56,Returning,FI,0,Stores,2025-08-16
Finland,3103.38,New,FI,0,Ecom,2025-08-17
Finland,924.7,New,FI,0,Stores,2025-08-17
Finland,1390.41,Returning,FI,0,Ecom,2025-08-17
Finland,346.37,Returning,FI,0,Stores,2025-08-17
Finland,1927.14,New,FI,0,Ecom,2025-08-18
Finland,937.49,New,FI,0,Stores,2025-08-18
Finland,1337.18,Returning,FI,0,Ecom,2025-08-18
Finland,1322.07,Returning,FI,0,Stores,2025-08-18
Finland,1281.95,New,FI,0,Ecom,2025-08-19
Finland,475.29,New,FI,0,Stores,2025-08-19
Finland,3288.05,Returning,FI,0,Ecom,2025-08-19
Finland,557.77,Returning,FI,0,Stores,2025-08-19
Finland,940.11,New,FI,0,Ecom,2025-08-20
Finland,3457.9,New,FI,0,Stores,2025-08-20
Finland,981.91,Returning,FI,0,Ecom,2025-08-20
Finland,724.26,Returning,FI,0,Stores,2025-08-20
Finland,903.23,New,FI,0,Ecom,2025-08-21
Finland,3365.52,New,FI,0,Stores,2025-08-21
Finland,465.24,Returning,FI,0,Ecom,2025-08-21
Finland,823.04,Returning,FI,0,Stores,2025-08-21
Finland,2341.02,New,FI,0,Ecom,2025-08-22
Finland,1592.93,New,FI,0,Stores,2025-08-22
Finland,1072.45,Returning,FI,0,Ecom,2025-08-22
Finland,771.23,Returning,FI,0,Stores,2025-08-22
Finland,3135.3,New,FI,0,Ecom,2025-08-23
Finland,237.34,New,FI,0,Stores,2025-08-23
Finland,1183.0,Returning,FI,0,Ecom,2025-08-23
Finland,2337.65,Returning,FI,0,Stores,2025-08-23
Finland,1769.19,New,FI,0,Ecom,2025-08-24
Finland,1995.06,New,FI,0,Stores,2025-08-24
Finland,600.4,Returning,FI,0,Ecom,2025-08-24
Finland,1780.87,Returning,FI,0,Stores,2025-08-24
Finland,3417.2,New,FI,0,Ecom,2025-08-25
Finland,616.99,New,FI,0,Stores,2025-08-25
Finland,1919.57,Returning,FI,0,Ecom,2025-08-25
Finland,393.56,Returning,FI,0,Stores,2025-08-25
Finland,3192.29,New,FI,0,Ecom,2025-08-26
Finland,193.48,New,FI,0,Stores,2025-08-26
Finland,877.89,Returning,FI,0,Ecom,2025-08-26
Finland,1241.81,Returning,FI,0,Stores,2025-08-26
Finland,1699.92,New,FI,0,Ecom,2025-08-27
Finland,863.0,New,FI,0,Stores,2025-08-27
Finland,1673.58,Returning,FI,0,Ecom,2025-08-27
Finland,1402.3,Returning,FI,0,Stores,2025-08-27
Finland,2113.81,New,FI,0,Ecom,2025-08-28
Finland,2557.72,New,FI,0,Stores,2025-08-28
Finland,1008.26,Returning,FI,0,Ecom,2025-08-28
Finland,104.42,Returning,FI,0,Stores,2025-08-28
Finland,3834.94,New,FI,0,Ecom,2025-08-29
Finland,70.09,New,FI,0,Stores,2025-08-29
Finland,938.96,Returning,FI,0,Ecom,2025-08-29
Finland,273.28,Returning,FI,0,Stores,2025-08-29
Finland,1236.91,New,FI,0,Ecom,2025-08-30
Finland,926.92,New,FI,0,Stores,2025-08-30
Finland,3750.79,Returning,FI,0,Ecom,2025-08-30
Finland,682.78,Returning,FI,0,Stores,2025-08-30
Finland,1953.88,New,FI,0,Ecom,2025-08-31
Finland,2483.35,New,FI,0,Stores,2025-08-31
Finland,1222.82,Returning,FI,0,Ecom,2025-08-31
Finland,501.83,Returning,FI,0,Stores,2025-08-31
Finland,1560.44,New,FI,0,Ecom,2025-09-01
Finland,2560.46,New,FI,0,Stores,2025-09-01
Finland,2084.34,Returning,FI,0,Ecom,2025-09-01
Finland,204.52,Returning,FI,0,Stores,2025-09-01
Finland,2580.28,New,FI,0,Ecom,2025-09-02
Finland,680.09,New,FI,0,Stores,2025-09-02
Finland,2408.49,Returning,FI,0,Ecom,2025-09-02
Finland,135.15,Returning,FI,0,Stores,2025-09-02
Finland,4642.16,New,FI,0,Ecom,2025-09-03
Finland,381.19,New,FI,0,Stores,2025-09-03
Finland,334.81,Returning,FI,0,Ecom,2025-09-03
Finland,798.52,Returning,FI,0,Stores,2025-09-03
Finland,954.55,New,FI,0,Ecom,2025-09-04
Finland,324.31,New,FI,0,Stores,2025-09-04
Finland,3099.09,Returning,FI,0,Ecom,2025-09-04
Finland,817.54,Returning,FI,0,Stores,2025-09-04
Finland,3167.22,New,FI,0,Ecom,2025-09-05
Finland,337.17,New,FI,0,Stores,2025-09-05
Finland,1654.41,Returning,FI,0,Ecom,2025-09-05
Finland,42.86,Returning,FI,0,Stores,2025-09-05
Finland,1357.1,New,FI,0,Ecom,2025-09-06
Finland,2312.68,New,FI,0,Stores,2025-09-06
Finland,1531.2,Returning,FI,0,Ecom,2025-09-06
Finland,758.05,Returning,FI,0,Stores,2025-09-06
Finland,1536.71,New,FI,0,Ecom,2025-09-07
Finland,2474.78,New,FI,0,Stores,2025-09-07
Finland,1627.0,Returning,FI,0,Ecom,2025-09-07
Finland,1090.35,Returning,FI,0,Stores,2025-09-07
Finland,1465.06,New,FI,0,Ecom,2025-09-08
Finland,736.88,New,FI,0,Stores,2025-09-08
Finland,799.59,Returning,FI,0,Ecom,2025-09-08
Finland,2712.0,Returning,FI,0,Stores,2025-09-08
Finland,4056.83,New,FI,0,Ecom,2025-09-09
Finland,776.25,New,FI,0,Stores,2025-09-09
Finland,243.97,Returning,FI,0,Ecom,2025-09-09
Finland,1240.86,Returning,FI,0,Stores,2025-09-09
Finland,3293.12,New,FI,0,Ecom,2025-09-10
Finland,691.11,New,FI,0,Stores,2025-09-10
Finland,982.63,Returning,FI,0,Ecom,2025-09-10
Finland,1106.18,Returning,FI,0,Stores,2025-09-10
Finland,3266.15,New,FI,0,Ecom,2025-09-11
Finland,757.99,New,FI,0,Stores,2025-09-11
Finland,2408.45,Returning,FI,0,Ecom,2025-09-11
Finland,301.59,Returning,FI,0,Stores,2025-09-11
Finland,1423.66,New,FI,0,Ecom,2025-09-12
Finland,2028.86,New,FI,0,Stores,2025-09-12
Finland,1792.46,Returning,FI,0,Ecom,2025-09-12
Finland,711.85,Returning,FI,0,Stores,2025-09-12
Finland,2179.82,New,FI,0,Ecom,2025-09-13
Finland,615.9,New,FI,0,Stores,2025-09-13
Finland,1633.82,Returning,FI,0,Ecom,2025-09-13
Finland,1370.54,Returning,FI,0,Stores,2025-09-13
Finland,2016.92,New,FI,0,Ecom,2025-09-14
Finland,877.07,New,FI,0,Stores,2025-09-14
Finland,3040.55,Returning,FI,0,Ecom,2025-09-14
Finland,494.56,Returning,FI,0,Stores,2025-09-14
Finland,2936.34,New,FI,0,Ecom,2025-09-15
Finland,325.75,New,FI,0,Stores,2025-09-15
Finland,2658.92,Returning,FI,0,Ecom,2025-09-15
Finland,118.73,Returning,FI,0,Stores,2025-09-15
Finland,2131.65,New,FI,0,Ecom,2025-09-16
Finland,1298.32,New,FI,0,Stores,2025-09-16
Finland,2614.28,Returning,FI,0,Ecom,2025-09-16
Finland,187.63,Returning,FI,0,Stores,2025-09-16
Finland,1253.91,New,FI,0,Ecom,2025-09-17
Finland,1474.76,New,FI,0,Stores,2025-09-17
Finland,1664.66,Returning,FI,0,Ecom,2025-09-17
Finland,1167.87,Returning,FI,0,Stores,2025-09-17
Finland,2428.96,New,FI,0,Ecom,2025-09-18
Finland,734.29,New,FI,0,Stores,2025-09-18
Finland,2032.07,Returning,FI,0,Ecom,2025-09-18
Finland,407.09,Returning,FI,0,Stores,2025-09-18
Finland,2692.71,New,FI,0,Ecom,2025-09-19
Finland,627.45,New,FI,0,Stores,2025-09-19
Finland,1075.16,Returning,FI,0,Ecom,2025-09-19
Finland,1574.35,Returning,FI,0,Stores,2025-09-19
Finland,2369.67,New,FI,0,Ecom,2025-09-20
Finland,992.6,New,FI,0,Stores,2025-09-20
Finland,1901.89,Returning,FI,0,Ecom,2025-09-20
Finland,736.34,Returning,FI,0,Stores,2025-09-20
Finland,2661.83,New,FI,0,Ecom,2025-09-21
Finland,926.2,New,FI,0,Stores,2025-09-21
Finland,2101.66,Returning,FI,0,Ecom,2025-09-21
Finland,227.33,Returning,FI,0,Stores,2025-09-21
Finland,973.96,New,FI,0,Ecom,2025-09-22
Finland,1318.31,New,FI,0,Stores,2025-09-22
Finland,2873.41,Returning,FI,0,Ecom,2025-09-22
Finland,546.14,Returning,FI,0,Stores,2025-09-22
Finland,1689.52,New,FI,0,Ecom,2025-09-23
Finland,2295.34,New,FI,0,Stores,2025-09-23
Finland,1716.29,Returning,FI,0,Ecom,2025-09-23
Finland,839.49,Returning,FI,0,Stores,2025-09-23
Finland,998.42,New,FI,0,Ecom,2025-09-24
Finland,1668.89,New,FI,0,Stores,2025-09-24
Finland,2501.76,Returning,FI,0,Ecom,2025-09-24
Finland,893.86,Returning,FI,0,Stores,2025-09-24
Finland,898.27,New,FI,0,Ecom,2025-09-25
Finland,652.07,New,FI,0,Stores,2025-09-25
Finland,3757.91,Returning,FI,0,Ecom,2025-09-25
Finland,112.45,Returning,FI,0,Stores,2025-09-25
Finland,2986.6,New,FI,0,Ecom,2025-09-26
Finland,229.7,New,FI,0,Stores,2025-09-26
Finland,2112.47,Returning,FI,0,Ecom,2025-09-26
Finland,348.86,Returning,FI,0,Stores,2025-09-26
Finland,1027.36,New,FI,0,Ecom,2025-09-27
Finland,1575.26,New,FI,0,Stores,2025-09-27
Finland,2154.28,Returning,FI,0,Ecom,2025-09-27
Finland,736.28,Returning,FI,0,Stores,2025-09-27
Finland,2678.93,New,FI,0,Ecom,2025-09-28
Finland,308.81,New,FI,0,Stores,2025-09-28
Finland,821.22,Returning,FI,0,Ecom,2025-09-28
Finland,1349.89,Returning,FI,0,Stores,2025-09-28
Finland,2210.63,New,FI,0,Ecom,2025-09-29
Finland,1069.2,New,FI,0,Stores,2025-09-29
Finland,1835.54,Returning,FI,0,Ecom,2025-09-29
Finland,433.33,Returning,FI,0,Stores,2025-09-29
Finland,2418.05,New,FI,0,Ecom,2025-09-30
Finland,1624.9,New,FI,0,Stores,2025-09-30
Finland,1289.59,Returning,FI,0,Ecom,2025-09-30
Finland,452.54,Returning,FI,0,Stores,2025-09-30
Finland,2878.79,New,FI,0,Ecom,2025-10-01
Finland,2030.28,New,FI,0,Stores,2025-10-01
Finland,1978.45,Returning,FI,0,Ecom,2025-10-01
Finland,134.34,Returning,FI,0,Stores,2025-10-01
Finland,2922.6,New,FI,0,Ecom,2025-10-02
Finland,1449.33,New,FI,0,Stores,2025-10-02
Finland,1693.79,Returning,FI,0,Ecom,2025-10-02
Finland,443.87,Returning,FI,0,Stores,2025-10-02
Finland,3606.79,New,FI,0,Ecom,2025-10-03
Finland,677.54,New,FI,0,Stores,2025-10-03
Finland,1024.19,Returning,FI,0,Ecom,2025-10-03
Finland,2371.18,Returning,FI,0,Stores,2025-10-03
Finland,2837.99,New,FI,0,Ecom,2025-10-04
Finland,1980.22,New,FI,0,Stores,2025-10-04
Finland,228.34,Returning,FI,0,Ecom,2025-10-04
Finland,1071.7,Returning,FI,0,Stores,2025-10-04
Finland,3542.06,New,FI,0,Ecom,2025-10-05
Finland,162.33,New,FI,0,Stores,2025-10-05
Finland,720.7,Returning,FI,0,Ecom,2025-10-05
Finland,1689.31,Returning,FI,0,Stores,2025-10-05
Finland,2016.24,New,FI,0,Ecom,2025-10-06
Finland,902.18,New,FI,0,Stores,2025-10-06
Finland,2162.36,Returning,FI,0,Ecom,2025-10-06
Finland,273.48,Returning,FI,0,Stores,2025-10-06
Finland,986.78,New,FI,0,Ecom,2025-10-07
Finland,1584.81,New,FI,0,Stores,2025-10-07
Finland,1680.75,Returning,FI,0,Ecom,2025-10-07
Finland,1140.73,Returning,FI,0,Stores,2025-10-07
Finland,3145.39,New,FI,0,Ecom,2025-10-08
Finland,787.28,New,FI,0,Stores,2025-10-08
Finland,2218.92,Returning,FI,0,Ecom,2025-10-08
Finland,586.05,Returning,FI,0,Stores,2025-10-08
Finland,3856.01,New,FI,0,Ecom,2025-10-09
Finland,905.43,New,FI,0,Stores,2025-10-09
Finland,655.14,Returning,FI,0,Ecom,2025-10-09
Finland,100.89,Returning,FI,0,Stores,2025-10-09
Finland,881.89,New,FI,0,Ecom,2025-10-10
Finland,2769.94,New,FI,0,Stores,2025-10-10
Finland,1308.12,Returning,FI,0,Ecom,2025-10-10
Finland,400.4,Returning,FI,0,Stores,2025-10-10
Finland,1696.78,New,FI,0,Ecom,2025-10-11
Finland,4098.2,New,FI,0,Stores,2025-10-11
Finland,445.27,Returning,FI,0,Ecom,2025-10-11
Finland,21.0,Returning,FI,0,Stores,2025-10-11
Finland,1908.22,New,FI,0,Ecom,2025-10-12
Finland,2195.45,New,FI,0,Stores,2025-10-12
Finland,573.77,Returning,FI,0,Ecom,2025-10-12
Finland,1801.81,Returning,FI,0,Stores,2025-10-12
Finland,3378.64,New,FI,0,Ecom,2025-10-13
Finland,355.39,New,FI,0,Stores,2025-10-13
Finland,1466.45,Returning,FI,0,Ecom,2025-10-13
Finland,543.96,Returning,FI,0,Stores,2025-10-13
Finland,2200.53,New,FI,0,Ecom,2025-10-14
Finland,68.97,New,FI,0,Stores,2025-10-14
Finland,1906.45,Returning,FI,0,Ecom,2025-10-14
Finland,1698.65,Returning,FI,0,Stores,2025-10-14
Finland,4264.15,New,FI,0,Ecom,2025-10-15
Finland,1199.27,New,FI,0,Stores,2025-10-15
Finland,1001.29,Returning,FI,0,Ecom,2025-10-15
Finland,481.79,Returning,FI,0,Stores,2025-10-15
Finland,597.8,New,FI,0,Ecom,2025-10-16
Finland,1205.09,New,FI,0,Stores,2025-10-16
Finland,3371.89,Returning,FI,0,Ecom,2025-10-16
Finland,331.89,Returning,FI,0,Stores,2025-10-16
Finland,1353.85,New,FI,0,Ecom,2025-10-17
Finland,2003.86,New,FI,0,Stores,2025-10-17
Finland,1948.26,Returning,FI,0,Ecom,2025-10-17
Finland,1185.48,Returning,FI,0,Stores,2025-10-17
Finland,1592.2,New,FI,0,Ecom,2025-10-18
Finland,1359.24,New,FI,0,Stores,2025-10-18
Finland,2073.44,Returning,FI,0,Ecom,2025-10-18
Finland,1137.1,Returning,FI,0,Stores,2025-10-18
Finland,2984.02,New,FI,0,Ecom,2025-10-19
Finland,1282.87,New,FI,0,Stores,2025-10-19
Finland,2226.73,Returning,FI,0,Ecom,2025-10-19
Finland,176.61,Returning,FI,0,Stores,2025-10-19
Finland,3691.33,New,FI,0,Ecom,2025-10-20
Finland,501.28,New,FI,0,Stores,2025-10-20
Finland,1532.65,Returning,FI,0,Ecom,2025-10-20
Finland,11.84,Returning,FI,0,Stores,2025-10-20
Finland,4324.86,New,FI,0,Ecom,2025-10-21
Finland,792.19,New,FI,0,Stores,2025-10-21
Finland,617.4,Returning,FI,0,Ecom,2025-10-21
Finland,1604.38,Returning,FI,0,Stores,2025-10-21
Finland,2142.33,New,FI,0,Ecom,2025-10-22
Finland,1592.63,New,FI,0,Stores,2025-10-22
Finland,1592.05,Returning,FI,0,Ecom,2025-10-22
Finland,368.66,Returning,FI,0,Stores,2025-10-22
Finland,1392.89,New,FI,0,Ecom,2025-10-23
Finland,1980.42,New,FI,0,Stores,2025-10-23
Finland,2192.05,Returning,FI,0,Ecom,2025-10-23
Finland,71.84,Returning,FI,0,Stores,2025-10-23
Finland,2952.8,New,FI,0,Ecom,2025-10-24
Finland,975.43,New,FI,0,Stores,2025-10-24
Finland,1694.47,Returning,FI,0,Ecom,2025-10-24
Finland,959.19,Returning,FI,0,Stores,2025-10-24
Finland,2058.42,New,FI,0,Ecom,2025-10-25
Finland,1420.28,New,FI,0,Stores,2025-10-25
Finland,1593.65,Returning,FI,0,Ecom,2025-10-25
Finland,149.02,Returning,FI,0,Stores,2025-10-25
Finland,3683.62,New,FI,0,Ecom,2025-10-26
Finland,981.44,New,FI,0,Stores,2025-10-26
Finland,716.25,Returning,FI,0,Ecom,2025-10-26
Finland,673.37,Returning,FI,0,Stores,2025-10-26
Finland,1171.1,New,FI,0,Ecom,2025-10-27
Finland,1963.42,New,FI,0,Stores,2025-10-27
Finland,2068.0,Returning,FI,0,Ecom,2025-10-27
Finland,1392.75,Returning,FI,0,Stores,2025-10-27
Finland,1961.66,New,FI,0,Ecom,2025-10-28
Finland,2254.87,New,FI,0,Stores,2025-10-28
Finland,1567.88,Returning,FI,0,Ecom,2025-10-28
Finland,70.67,Returning,FI,0,Stores,2025-10-28
Finland,2077.48,New,FI,0,Ecom,2025-10-29
Finland,912.08,New,FI,0,Stores,2025-10-29
Finland,2557.41,Returning,FI,0,Ecom,2025-10-29
Finland,99.75,Returning,FI,0,Stores,2025-10-29
Finland,1496.91,New,FI,0,Ecom,2025-10-30
Finland,764.32,New,FI,0,Stores,2025-10-30
Finland,836.16,Returning,FI,0,Ecom,2025-10-30
Finland,2713.35,Returning,FI,0,Stores,2025-10-30
Finland,1607.26,New,FI,0,Ecom,2025-10-31
Finland,1118.56,New,FI,0,Stores,2025-10-31
Finland,2583.53,Returning,FI,0,Ecom,2025-10-31
Finland,744.9,Returning,FI,0,Stores,2025-10-31
Finland,1321.88,New,FI,0,Ecom,2025-11-01
Finland,771.4,New,FI,0,Stores,2025-11-01
Finland,3365.16,Returning,FI,0,Ecom,2025-11-01
Finland,926.11,Returning,FI,0,Stores,2025-11-01
Finland,692.07,New,FI,0,Ecom,2025-11-02
Finland,3981.74,New,FI,0,Stores,2025-11-02
Finland,2146.35,Returning,FI,0,Ecom,2025-11-02
Finland,409.48,Returning,FI,0,Stores,2025-11-02
Finland,1511.83,New,FI,0,Ecom,2025-11-03
Finland,2185.25,New,FI,0,Stores,2025-11-03
Finland,730.4,Returning,FI,0,Ecom,2025-11-03
Finland,1320.49,Returning,FI,0,Stores,2025-11-03
Finland,1936.43,New,FI,0,Ecom,2025-11-04
Finland,1121.96,New,FI,0,Stores,2025-11-04
Finland,1276.89,Returning,FI,0,Ecom,2025-11-04
Finland,2162.73,Returning,FI,0,Stores,2025-11-04
Finland,3327.09,New,FI,0,Ecom,2025-11-05
Finland,989.84,New,FI,0,Stores,2025-11-05
Finland,1173.74,Returning,FI,0,Ecom,2025-11-05
Finland,430.69,Returning,FI,0,Stores,2025-11-05
Finland,3375.72,New,FI,0,Ecom,2025-11-06
Finland,575.63,New,FI,0,Stores,2025-11-06
Finland,820.02,Returning,FI,0,Ecom,2025-11-06
Finland,1208.11,Returning,FI,0,Stores,2025-11-06
Finland,1143.13,New,FI,0,Ecom,2025-11-07
Finland,1542.31,New,FI,0,Stores,2025-11-07
Finland,2695.96,Returning,FI,0,Ecom,2025-11-07
Finland,68.73,Returning,FI,0,Stores,2025-11-07
Finland,1123.57,New,FI,0,Ecom,2025-11-08
Finland,874.39,New,FI,0,Stores,2025-11-08
Finland,3594.23,Returning,FI,0,Ecom,2025-11-08
Finland,649.37,Returning,FI,0,Stores,2025-11-08
Finland,2375.39,New,FI,0,Ecom,2025-11-09
Finland,1602.27,New,FI,0,Stores,2025-11-09
Finland,1968.81,Returning,FI,0,Ecom,2025-11-09
Finland,24.59,Returning,FI,0,Stores,2025-11-09
Finland,2390.75,New,FI,0,Ecom,2025-11-10
Finland,217.43,New,FI,0,Stores,2025-11-10
Finland,782.54,Returning,FI,0,Ecom,2025-11-10
Finland,2409.61,Returning,FI,0,Stores,2025-11-10
Finland,1679.16,New,FI,0,Ecom,2025-11-11
Finland,2023.01,New,FI,0,Stores,2025-11-11
Finland,1126.57,Returning,FI,0,Ecom,2025-11-11
Finland,892.26,Returning,FI,0,Stores,2025-11-11
Finland,2193.28,New,FI,0,Ecom,2025-11-12
Finland,3006.27,New,FI,0,Stores,2025-11-12
Finland,461.68,Returning,FI,0,Ecom,2025-11-12
Finland,684.46,Returning,FI,0,Stores,2025-11-12
Finland,3536.76,New,FI,0,Ecom,2025-11-13
Finland,369.18,New,FI,0,Stores,2025-11-13
Finland,1698.48,Returning,FI,0,Ecom,2025-11-13
Finland,258.35,Returning,FI,0,Stores,2025-11-13
Finland,1427.43,New,FI,0,Ecom,2025-11-14
Finland,1877.85,New,FI,0,Stores,2025-11-14
Finland,2716.55,Returning,FI,0,Ecom,2025-11-14
Finland,81.93,Returning,FI,0,Stores,2025-11-14
Finland,1600.03,New,FI,0,Ecom,2025-11-15
Finland,1547.75,New,FI,0,Stores,2025-11-15
Finland,2376.7,Returning,FI,0,Ecom,2025-11-15
Finland,549.29,Returning,FI,0,Stores,2025-11-15
Finland,3461.08,New,FI,0,Ecom,2025-11-16
Finland,1298.07,New,FI,0,Stores,2025-11-16
Finland,864.77,Returning,FI,0,Ecom,2025-11-16
Finland,290.03,Returning,FI,0,Stores,2025-11-16
Finland,3730.95,New,FI,0,Ecom,2025-11-17
Finland,1608.78,New,FI,0,Stores,2025-11-17
Finland,318.84,Returning,FI,0,Ecom,2025-11-17
Finland,249.53,Returning,FI,0,Stores,2025-11-17
Finland,3164.49,New,FI,0,Ecom,2025-11-18
Finland,1319.27,New,FI,0,Stores,2025-11-18
Finland,1720.01,Returning,FI,0,Ecom,2025-11-18
Finland,45.69,Returning,FI,0,Stores,2025-11-18
Finland,860.54,New,FI,0,Ecom,2025-11-19
Finland,2609.59,New,FI,0,Stores,2025-11-19
Finland,894.81,Returning,FI,0,Ecom,2025-11-19
Finland,1318.7,Returning,FI,0,Stores,2025-11-19
Finland,2032.73,New,FI,0,Ecom,2025-11-20
Finland,1403.37,New,FI,0,Stores,2025-11-20
Finland,2155.54,Returning,FI,0,Ecom,2025-11-20
Finland,178.02,Returning,FI,0,Stores,2025-11-20
Finland,3158.36,New,FI,0,Ecom,2025-11-21
Finland,824.97,New,FI,0,Stores,2025-11-21
Finland,568.97,Returning,FI,0,Ecom,2025-11-21
Finland,1436.81,Returning,FI,0,Stores,2025-11-21
Finland,1928.7,New,FI,0,Ecom,2025-11-22
Finland,2674.45,New,FI,0,Stores,2025-11-22
Finland,967.2,Returning,FI,0,Ecom,2025-11-22
Finland,174.15,Returning,FI,0,Stores,2025-11-22
Finland,2372.01,New,FI,0,Ecom,2025-11-23
Finland,456.67,New,FI,0,Stores,2025-11-23
Finland,2095.83,Returning,FI,0,Ecom,2025-11-23
Finland,1038.04,Returning,FI,0,Stores,2025-11-23
Finland,3718.3,New,FI,0,Ecom,2025-11-24
Finland,999.57,New,FI,0,Stores,2025-11-24
Finland,850.89,Returning,FI,0,Ecom,2025-11-24
Finland,477.93,Returning,FI,0,Stores,2025-11-24
Finland,3444.93,New,FI,0,Ecom,2025-11-25
Finland,555.1,New,FI,0,Stores,2025-11-25
Finland,1526.54,Returning,FI,0,Ecom,2025-11-25
Finland,158.07,Returning,FI,0,Stores,2025-11-25
Finland,2476.27,New,FI,0,Ecom,2025-11-26
Finland,1388.65,New,FI,0,Stores,2025-11-26
Finland,1736.82,Returning,FI,0,Ecom,2025-11-26
Finland,75.03,Returning,FI,0,Stores,2025-11-26
Finland,2815.15,New,FI,0,Ecom,2025-11-27
Finland,1814.75,New,FI,0,Stores,2025-11-27
Finland,643.96,Returning,FI,0,Ecom,2025-11-27
Finland,29.63,Returning,FI,0,Stores,2025-11-27
Finland,3582.56,New,FI,0,Ecom,2025-11-28
Finland,570.49,New,FI,0,Stores,2025-11-28
Finland,2016.74,Returning,FI,0,Ecom,2025-11-28
Finland,136.37,Returning,FI,0,Stores,2025-11-28
Finland,1107.38,New,FI,0,Ecom,2025-11-29
Finland,2691.75,New,FI,0,Stores,2025-11-29
Finland,2350.69,Returning,FI,0,Ecom,2025-11-29
Finland,285.97,Returning,FI,0,Stores,2025-11-29
Finland,4022.01,New,FI,0,Ecom,2025-11-30
Finland,939.3,New,FI,0,Stores,2025-11-30
Finland,266.95,Returning,FI,0,Ecom,2025-11-30
Finland,939.51,Returning,FI,0,Stores,2025-11-30
Finland,1864.85,New,FI,0,Ecom,2025-12-01
Finland,1241.86,New,FI,0,Stores,2025-12-01
Finland,1455.98,Returning,FI,0,Ecom,2025-12-01
Finland,1302.37,Returning,FI,0,Stores,2025-12-01
Finland,1738.77,New,FI,0,Ecom,2025-12-02
Finland,2672.79,New,FI,0,Stores,2025-12-02
Finland,190.79,Returning,FI,0,Ecom,2025-12-02
Finland,893.75,Returning,FI,0,Stores,2025-12-02
Finland,1061.02,New,FI,0,Ecom,2025-12-03
Finland,3497.05,New,FI,0,Stores,2025-12-03
Finland,1167.95,Returning,FI,0,Ecom,2025-12-03
Finland,571.48,Returning,FI,0,Stores,2025-12-03
Finland,3052.22,New,FI,0,Ecom,2025-12-04
Finland,268.9,New,FI,0,Stores,2025-12-04
Finland,303.97,Returning,FI,0,Ecom,2025-12-04
Finland,2731.98,Returning,FI,0,Stores,2025-12-04
Finland,1608.2,New,FI,0,Ecom,2025-12-05
Finland,1334.84,New,FI,0,Stores,2025-12-05
Finland,582.15,Returning,FI,0,Ecom,2025-12-05
Finland,2686.69,Returning,FI,0,Stores,2025-12-05
Finland,4421.35,New,FI,0,Ecom,2025-12-06
Finland,1348.1,New,FI,0,Stores,2025-12-06
Finland,342.63,Returning,FI,0,Ecom,2025-12-06
Finland,88.24,Returning,FI,0,Stores,2025-12-06
Finland,3302.33,New,FI,0,Ecom,2025-12-07
Finland,779.33,New,FI,0,Stores,2025-12-07
Finland,1025.53,Returning,FI,0,Ecom,2025-12-07
Finland,140.12,Returning,FI,0,Stores,2025-12-07
Finland,3635.66,New,FI,0,Ecom,2025-12-08
Finland,883.02,New,FI,0,Stores,2025-12-08
Finland,1195.01,Returning,FI,0,Ecom,2025-12-08
Finland,766.62,Returning,FI,0,Stores,2025-12-08
Finland,936.64,New,FI,0,Ecom,2025-12-09
Finland,2349.77,New,FI,0,Stores,2025-12-09
Finland,724.58,Returning,FI,0,Ecom,2025-12-09
Finland,2064.29,Returning,FI,0,Stores,2025-12-09
Finland,1383.01,New,FI,0,Ecom,2025-12-10
Finland,2573.81,New,FI,0,Stores,2025-12-10
Finland,1004.03,Returning,FI,0,Ecom,2025-12-10
Finland,907.28,Returning,FI,0,Stores,2025-12-10
Finland,1632.54,New,FI,0,Ecom,2025-12-11
Finland,2432.99,New,FI,0,Stores,2025-12-11
Finland,1814.94,Returning,FI,0,Ecom,2025-12-11
Finland,703.94,Returning,FI,0,Stores,2025-12-11
Finland,4786.59,New,FI,0,Ecom,2025-12-12
Finland,501.94,New,FI,0,Stores,2025-12-12
Finland,107.8,Returning,FI,0,Ecom,2025-12-12
Finland,1148.74,Returning,FI,0,Stores,2025-12-12
Finland,1978.95,New,FI,0,Ecom,2025-12-13
Finland,443.88,New,FI,0,Stores,2025-12-13
Finland,3323.12,Returning,FI,0,Ecom,2025-12-13
Finland,124.44,Returning,FI,0,Stores,2025-12-13
Finland,1106.18,New,FI,0,Ecom,2025-12-14
Finland,5359.71,New,FI,0,Stores,2025-12-14
Finland,140.97,Returning,FI,0,Ecom,2025-12-14
Finland,484.74,Returning,FI,0,Stores,2025-12-14
Finland,2199.09,New,FI,0,Ecom,2025-12-15
Finland,1533.7,New,FI,0,Stores,2025-12-15
Finland,844.75,Returning,FI,0,Ecom,2025-12-15
Finland,1576.04,Returning,FI,0,Stores,2025-12-15
Finland,2441.67,New,FI,0,Ecom,2025-12-16
Finland,2198.12,New,FI,0,Stores,2025-12-16
Finland,1941.23,Returning,FI,0,Ecom,2025-12-16
Finland,250.28,Returning,FI,0,Stores,2025-12-16
Finland,2584.1,New,FI,0,Ecom,2025-12-17
Finland,3621.83,New,FI,0,Stores,2025-12-17
Finland,314.94,Returning,FI,0,Ecom,2025-12-17
Finland,51.62,Returning,FI,0,Stores,2025-12-17
Finland,3879.94,New,FI,0,Ecom,2025-12-18
Finland,1355.52,New,FI,0,Stores,2025-12-18
Finland,996.9,Returning,FI,0,Ecom,2025-12-18
Finland,199.79,Returning,FI,0,Stores,2025-12-18
Finland,4135.33,New,FI,0,Ecom,2025-12-19
Finland,641.2,New,FI,0,Stores,2025-12-19
Finland,784.2,Returning,FI,0,Ecom,2025-12-19
Finland,44.64,Returning,FI,0,Stores,2025-12-19
Finland,2197.53,New,FI,0,Ecom,2025-12-20
Finland,538.42,New,FI,0,Stores,2025-12-20
Finland,3358.54,Returning,FI,0,Ecom,2025-12-20
Finland,283.45,Returning,FI,0,Stores,2025-12-20
Finland,4260.12,New,FI,0,Ecom,2025-12-21
Finland,225.63,New,FI,0,Stores,2025-12-21
Finland,1164.8,Returning,FI,0,Ecom,2025-12-21
Finland,1103.35,Returning,FI,0,Stores,2025-12-21
Finland,1807.94,New,FI,0,Ecom,2025-12-22
Finland,2456.93,New,FI,0,Stores,2025-12-22
Finland,1384.87,Returning,FI,0,Ecom,2025-12-22
Finland,294.8,Returning,FI,0,Stores,2025-12-22
Finland,1304.58,New,FI,0,Ecom,2025-12-23
Finland,1135.6,New,FI,0,Stores,2025-12-23
Finland,3466.65,Returning,FI,0,Ecom,2025-12-23
Finland,3.01,Returning,FI,0,Stores,2025-12-23
Finland,1295.94,New,FI,0,Ecom,2025-12-24
Finland,2426.56,New,FI,0,Stores,2025-12-24
Finland,960.2,Returning,FI,0,Ecom,2025-12-24
Finland,1014.33,Returning,FI,0,Stores,2025-12-24
Finland,2372.23,New,FI,0,Ecom,2025-12-25
Finland,2047.93,New,FI,0,Stores,2025-12-25
Finland,756.76,Returning,FI,0,Ecom,2025-12-25
Finland,666.97,Returning,FI,0,Stores,2025-12-25
Finland,2868.78,New,FI,0,Ecom,2025-12-26
Finland,573.74,New,FI,0,Stores,2025-12-26
Finland,1581.99,Returning,FI,0,Ecom,2025-12-26
Finland,594.4,Returning,FI,0,Stores,2025-12-26
Finland,1205.67,New,FI,0,Ecom,2025-12-27
Finland,1978.16,New,FI,0,Stores,2025-12-27
Finland,2194.81,Returning,FI,0,Ecom,2025-12-27
Finland,89.73,Returning,FI,0,Stores,2025-12-27
Finland,3556.68,New,FI,0,Ecom,2025-12-28
Finland,851.19,New,FI,0,Stores,2025-12-28
Finland,1223.98,Returning,FI,0,Ecom,2025-12-28
Finland,1031.23,Returning,FI,0,Stores,2025-12-28
Finland,3127.73,New,FI,0,Ecom,2025-12-29
Finland,1127.85,New,FI,0,Stores,2025-12-29
Finland,330.76,Returning,FI,0,Ecom,2025-12-29
Finland,1135.59,Returning,FI,0,Stores,2025-12-29
Finland,932.78,New,FI,0,Ecom,2025-12-30
Finland,2058.43,New,FI,0,Stores,2025-12-30
Finland,2223.59,Returning,FI,0,Ecom,2025-12-30
Finland,663.7,Returning,FI,0,Stores,2025-12-30
United States,4006.55,New,US,0,Ecom,2024-01-01
United States,7764.5,New,US,0,Stores,2024-01-01
United States,11585.41,Returning,US,0,Ecom,2024-01-01
United States,3476.53,Returning,US,0,Stores,2024-01-01
United States,10857.57,New,US,0,Ecom,2024-01-02
United States,9987.72,New,US,0,Stores,2024-01-02
United States,3104.77,Returning,US,0,Ecom,2024-01-02
United States,7427.58,Returning,US,0,Stores,2024-01-02
United States,13890.77,New,US,0,Ecom,2024-01-03
United States,1326.16,New,US,0,Stores,2024-01-03
United States,4783.39,Returning,US,0,Ecom,2024-01-03
United States,8385.52,Returning,US,0,Stores,2024-01-03
United States,6848.6,New,US,0,Ecom,2024-01-04
United States,12373.94,New,US,0,Stores,2024-01-04
United States,8722.84,Returning,US,0,Ecom,2024-01-04
United States,2482.33,Returning,US,0,Stores,2024-01-04
United States,3946.92,New,US,0,Ecom,2024-01-05
United States,5444.66,New,US,0,Stores,2024-01-05
United States,11417.59,Returning,US,0,Ecom,2024-01-05
United States,1101.53,Returning,US,0,Stores,2024-01-05
United States,13663.02,New,US,0,Ecom,2024-01-06
United States,7007.34,New,US,0,Stores,2024-01-06
United States,6633.39,Returning,US,0,Ecom,2024-01-06
United States,1439.58,Returning,US,0,Stores,2024-01-06
United States,15525.91,New,US,0,Ecom,2024-01-07
United States,4586.16,New,US,0,Stores,2024-01-07
United States,2423.85,Returning,US,0,Ecom,2024-01-07
United States,4626.31,Returning,US,0,Stores,2024-01-07
United States,11314.46,New,US,0,Ecom,2024-01-08
United States,6916.77,New,US,0,Stores,2024-01-08
United States,6432.92,Returning,US,0,Ecom,2024-01-08
United States,1036.86,Returning,US,0,Stores,2024-01-08
United States,5187.55,New,US,0,Ecom,2024-01-09
United States,9445.35,New,US,0,Stores,2024-01-09
United States,4477.61,Returning,US,0,Ecom,2024-01-09
United States,6403.5,Returning,US,0,Stores,2024-01-09
United States,10967.64,New,US,0,Ecom,2024-01-10
United States,7287.13,New,US,0,Stores,2024-01-10
United States,10217.39,Returning,US,0,Ecom,2024-01-10
United States,3444.08,Returning,US,0,Stores,2024-01-10
United States,7142.58,New,US,0,Ecom,2024-01-11
United States,9210.57,New,US,0,Stores,2024-01-11
United States,7677.81,Returning,US,0,Ecom,2024-01-11
United States,3086.68,Returning,US,0,Stores,2024-01-11
United States,5400.03,New,US,0,Ecom,2024-01-12
United States,7347.35,New,US,0,Stores,2024-01-12
United States,4867.29,Returning,US,0,Ecom,2024-01-12
United States,6949.93,Returning,US,0,Stores,2024-01-12
United States,7373.74,New,US,0,Ecom,2024-01-13
United States,10153.97,New,US,0,Stores,2024-01-13
United States,761.54,Returning,US,0,Ecom,2024-01-13
United States,9923.81,Returning,US,0,Stores,2024-01-13
United States,13916.67,New,US,0,Ecom,2024-01-14
United States,6384.08,New,US,0,Stores,2024-01-14
United States,3473.32,Returning,US,0,Ecom,2024-01-14
United States,4221.84,Returning,US,0,Stores,2024-01-14
United States,11806.65,New,US,0,Ecom,2024-01-15
United States,3078.97,New,US,0,Stores,2024-01-15
United States,9244.45,Returning,US,0,Ecom,2024-01-15
United States,3819.08,Returning,US,0,Stores,2024-01-15
United States,12384.13,New,US,0,Ecom,2024-01-16
United States,4738.04,New,US,0,Stores,2024-01-16
United States,6585.13,Returning,US,0,Ecom,2024-01-16
United States,4557.73,Returning,US,0,Stores,2024-01-16
United States,11596.64,New,US,0,Ecom,2024-01-17
United States,9108.98,New,US,0,Stores,2024-01-17
United States,5779.09,Returning,US,0,Ecom,2024-01-17
United States,3358.02,Returning,US,0,Stores,2024-01-17
United States,16102.59,New,US,0,Ecom,2024-01-18
United States,3370.77,New,US,0,Stores,2024-01-18
United States,5238.96,Returning,US,0,Ecom,2024-01-18
United States,2592.74,Returning,US,0,Stores,2024-01-18
United States,11473.42,New,US,0,Ecom,2024-01-19
United States,6910.57,New,US,0,Stores,2024-01-19
United States,6011.68,Returning,US,0,Ecom,2024-01-19
United States,511.67,Returning,US,0,Stores,2024-01-19
United States,12034.18,New,US,0,Ecom,2024-01-20
United States,5523.86,New,US,0,Stores,2024-01-20
United States,2822.06,Returning,US,0,Ecom,2024-01-20
United States,7103.48,Returning,US,0,Stores,2024-01-20
United States,3982.55,New,US,0,Ecom,2024-01-21
United States,4417.19,New,US,0,Stores,2024-01-21
United States,8967.06,Returning,US,0,Ecom,2024-01-21
United States,8488.19,Returning,US,0,Stores,2024-01-21
United States,6370.36,New,US,0,Ecom,2024-01-22
United States,6265.39,New,US,0,Stores,2024-01-22
United States,6289.29,Returning,US,0,Ecom,2024-01-22
United States,6324.26,Returning,US,0,Stores,2024-01-22
United States,16365.75,New,US,0,Ecom,2024-01-23
United States,2535.25,New,US,0,Stores,2024-01-23
United States,2604.09,Returning,US,0,Ecom,2024-01-23
United States,2351.0,Returning,US,0,Stores,2024-01-23
United States,11976.34,New,US,0,Ecom,2024-01-24
United States,8490.79,New,US,0,Stores,2024-01-24
United States,4026.22,Returning,US,0,Ecom,2024-01-24
United States,838.69,Returning,US,0,Stores,2024-01-24
United States,6875.81,New,US,0,Ecom,2024-01-25
United States,6018.3,New,US,0,Stores,2024-01-25
United States,4048.91,Returning,US,0,Ecom,2024-01-25
United States,4914.24,Returning,US,0,Stores,2024-01-25
United States,10315.45,New,US,0,Ecom,2024-01-26
United States,6706.82,New,US,0,Stores,2024-01-26
United States,2499.82,Returning,US,0,Ecom,2024-01-26
United States,5623.76,Returning,US,0,Stores,2024-01-26
United States,16067.96,New,US,0,Ecom,2024-01-27
United States,2233.67,New,US,0,Stores,2024-01-27
United States,3646.47,Returning,US,0,Ecom,2024-01-27
United States,4081.53,Returning,US,0,Stores,2024-01-27
United States,8285.83,New,US,0,Ecom,2024-01-28
United States,5520.27,New,US,0,Stores,2024-01-28
United States,7051.42,Returning,US,0,Ecom,2024-01-28
United States,4330.28,Returning,US,0,Stores,2024-01-28
United States,7972.32,New,US,0,Ecom,2024-01-29
United States,10707.57,New,US,0,Stores,2024-01-29
United States,7384.03,Returning,US,0,Ecom,2024-01-29
United States,1364.69,Returning,US,0,Stores,2024-01-29
United States,7908.28,New,US,0,Ecom,2024-01-30
United States,5461.53,New,US,0,Stores,2024-01-30
United States,7613.67,Returning,US,0,Ecom,2024-01-30
United States,7652.95,Returning,US,0,Stores,2024-01-30
United States,22212.01,New,US,0,Ecom,2024-01-31
United States,9059.56,New,US,0,Stores,2024-01-31
United States,2551.51,Returning,US,0,Ecom,2024-01-31
United States,904.88,Returning,US,0,Stores,2024-01-31
United States,14478.38,New,US,0,Ecom,2024-02-01
United States,6084.54,New,US,0,Stores,2024-02-01
United States,1251.31,Returning,US,0,Ecom,2024-02-01
United States,6904.01,Returning,US,0,Stores,2024-02-01
United States,13537.48,New,US,0,Ecom,2024-02-02
United States,5572.28,New,US,0,Stores,2024-02-02
United States,5628.85,Returning,US,0,Ecom,2024-02-02
United States,5584.86,Returning,US,0,Stores,2024-02-02
United States,14162.07,New,US,0,Ecom,2024-02-03
United States,5643.11,New,US,0,Stores,2024-02-03
United States,1754.2,Returning,US,0,Ecom,2024-02-03
United States,6581.46,Returning,US,0,Stores,2024-02-03
United States,7250.71,New,US,0,Ecom,2024-02-04
United States,10211.63,New,US,0,Stores,2024-02-04
United States,3609.57,Returning,US,0,Ecom,2024-02-04
United States,10182.16,Returning,US,0,Stores,2024-02-04
United States,10656.62,New,US,0,Ecom,2024-02-05
United States,6372.87,New,US,0,Stores,2024-02-05
United States,1966.52,Returning,US,0,Ecom,2024-02-05
United States,10435.92,Returning,US,0,Stores,2024-02-05
United States,10942.6,New,US,0,Ecom,2024-02-06
United States,1203.85,New,US,0,Stores,2024-02-06
United States,12388.37,Returning,US,0,Ecom,2024-02-06
United States,4240.55,Returning,US,0,Stores,2024-02-06
United States,12908.29,New,US,0,Ecom,2024-02-07
United States,3867.57,New,US,0,Stores,2024-02-07
United States,9498.83,Returning,US,0,Ecom,2024-02-07
United States,20.26,Returning,US,0,Stores,2024-02-07
United States,4101.53,New,US,0,Ecom,2024-02-08
United States,15068.46,New,US,0,Stores,2024-02-08
United States,5872.94,Returning,US,0,Ecom,2024-02-08
United States,3319.19,Returning,US,0,Stores,2024-02-08
United States,2653.43,New,US,0,Ecom,2024-02-09
United States,3274.87,New,US,0,Stores,2024-02-09
United States,18582.65,Returning,US,0,Ecom,2024-02-09
United States,1470.42,Returning,US,0,Stores,2024-02-09
United States,4445.81,New,US,0,Ecom,2024-02-10
United States,4702.72,New,US,0,Stores,2024-02-10
United States,16008.34,Returning,US,0,Ecom,2024-02-10
United States,924.67,Returning,US,0,Stores,2024-02-10
United States,12006.76,New,US,0,Ecom,2024-02-11
United States,1966.21,New,US,0,Stores,2024-02-11
United States,16015.71,Returning,US,0,Ecom,2024-02-11
United States,879.32,Returning,US,0,Stores,2024-02-11
United States,12122.26,New,US,0,Ecom,2024-02-12
United States,8119.09,New,US,0,Stores,2024-02-12
United States,13870.56,Returning,US,0,Ecom,2024-02-12
United States,85.17,Returning,US,0,Stores,2024-02-12
United States,5745.24,New,US,0,Ecom,2024-02-13
United States,5309.33,New,US,0,Stores,2024-02-13
United States,12157.19,Returning,US,0,Ecom,2024-02-13
United States,11105.24,Returning,US,0,Stores,2024-02-13
United States,11769.94,New,US,0,Ecom,2024-02-14
United States,6619.84,New,US,0,Stores,2024-02-14
United States,4092.11,Returning,US,0,Ecom,2024-02-14
United States,5772.93,Returning,US,0,Stores,2024-02-14
United States,11471.23,New,US,0,Ecom,2024-02-15
United States,6955.86,New,US,0,Stores,2024-02-15
United States,4210.7,Returning,US,0,Ecom,2024-02-15
United States,3515.59,Returning,US,0,Stores,2024-02-15
United States,7215.94,New,US,0,Ecom,2024-02-16
United States,3843.57,New,US,0,Stores,2024-02-16
United States,17071.62,Returning,US,0,Ecom,2024-02-16
United States,1933.29,Returning,US,0,Stores,2024-02-16
United States,18027.39,New,US,0,Ecom,2024-02-17
United States,4899.39,New,US,0,Stores,2024-02-17
United States,5286.29,Returning,US,0,Ecom,2024-02-17
United States,227.99,Returning,US,0,Stores,2024-02-17
United States,8768.01,New,US,0,Ecom,2024-02-18
United States,8099.39,New,US,0,Stores,2024-02-18
United States,8849.42,Returning,US,0,Ecom,2024-02-18
United States,7480.27,Returning,US,0,Stores,2024-02-18
United States,5018.38,New,US,0,Ecom,2024-02-19
United States,11342.21,New,US,0,Stores,2024-02-19
United States,10342.81,Returning,US,0,Ecom,2024-02-19
United States,2245.14,Returning,US,0,Stores,2024-02-19
United States,8246.94,New,US,0,Ecom,2024-02-20
United States,11328.07,New,US,0,Stores,2024-02-20
United States,6226.41,Returning,US,0,Ecom,2024-02-20
United States,4626.95,Returning,US,0,Stores,2024-02-20
United States,6167.23,New,US,0,Ecom,2024-02-21
United States,10461.15,New,US,0,Stores,2024-02-21
United States,15354.24,Returning,US,0,Ecom,2024-02-21
United States,1235.45,Returning,US,0,Stores,2024-02-21
United States,25619.07,New,US,0,Ecom,2024-02-22
United States,264.38,New,US,0,Stores,2024-02-22
United States,4015.7,Returning,US,0,Ecom,2024-02-22
United States,377.67,Returning,US,0,Stores,2024-02-22
United States,7409.66,New,US,0,Ecom,2024-02-23
United States,14713.63,New,US,0,Stores,2024-02-23
United States,6569.56,Returning,US,0,Ecom,2024-02-23
United States,41.21,Returning,US,0,Stores,2024-02-23
United States,16051.14,New,US,0,Ecom,2024-02-24
United States,3461.87,New,US,0,Stores,2024-02-24
United States,3074.24,Returning,US,0,Ecom,2024-02-24
United States,3975.34,Returning,US,0,Stores,2024-02-24
United States,16275.1,New,US,0,Ecom,2024-02-25
United States,2130.28,New,US,0,Stores,2024-02-25
United States,2842.45,Returning,US,0,Ecom,2024-02-25
United States,5591.05,Returning,US,0,Stores,2024-02-25
United States,10330.48,New,US,0,Ecom,2024-02-26
United States,9860.46,New,US,0,Stores,2024-02-26
United States,8278.38,Returning,US,0,Ecom,2024-02-26
United States,1907.39,Returning,US,0,Stores,2024-02-26
United States,11285.16,New,US,0,Ecom,2024-02-27
United States,3150.27,New,US,0,Stores,2024-02-27
United States,10084.51,Returning,US,0,Ecom,2024-02-27
United States,6864.54,Returning,US,0,Stores,2024-02-27
United States,14082.14,New,US,0,Ecom,2024-02-28
United States,3325.82,New,US,0,Stores,2024-02-28
United States,3895.12,Returning,US,0,Ecom,2024-02-28
United States,7862.61,Returning,US,0,Stores,2024-02-28
United States,24813.19,New,US,0,Ecom,2024-02-29
United States,4066.63,New,US,0,Stores,2024-02-29
United States,4882.97,Returning,US,0,Ecom,2024-02-29
United States,1251.74,Returning,US,0,Stores,2024-02-29
United States,16556.19,New,US,0,Ecom,2024-03-01
United States,4768.9,New,US,0,Stores,2024-03-01
United States,5717.43,Returning,US,0,Ecom,2024-03-01
United States,660.95,Returning,US,0,Stores,2024-03-01
United States,5677.81,New,US,0,Ecom,2024-03-02
United States,15073.78,New,US,0,Stores,2024-03-02
United States,2687.15,Returning,US,0,Ecom,2024-03-02
United States,3665.26,Returning,US,0,Stores,2024-03-02
United States,13699.18,New,US,0,Ecom,2024-03-03
United States,8472.78,New,US,0,Stores,2024-03-03
United States,3512.19,Returning,US,0,Ecom,2024-03-03
United States,434.18,Returning,US,0,Stores,2024-03-03
United States,12209.94,New,US,0,Ecom,2024-03-04
United States,8986.83,New,US,0,Stores,2024-03-04
United States,2812.63,Returning,US,0,Ecom,2024-03-04
United States,519.39,Returning,US,0,Stores,2024-03-04
United States,9974.15,New,US,0,Ecom,2024-03-05
United States,3476.58,New,US,0,Stores,2024-03-05
United States,13942.98,Returning,US,0,Ecom,2024-03-05
United States,2002.11,Returning,US,0,Stores,2024-03-05
United States,10807.78,New,US,0,Ecom,2024-03-06
United States,8399.17,New,US,0,Stores,2024-03-06
United States,3804.22,Returning,US,0,Ecom,2024-03-06
United States,6929.39,Returning,US,0,Stores,2024-03-06
United States,11191.54,New,US,0,Ecom,2024-03-07
United States,4143.17,New,US,0,Stores,2024-03-07
United States,7220.33,Returning,US,0,Ecom,2024-03-07
United States,1694.53,Returning,US,0,Stores,2024-03-07
United States,6141.2,New,US,0,Ecom,2024-03-08
United States,8801.63,New,US,0,Stores,2024-03-08
United States,8401.52,Returning,US,0,Ecom,2024-03-08
United States,4946.82,Returning,US,0,Stores,2024-03-08
United States,9091.99,New,US,0,Ecom,2024-03-09
United States,2143.11,New,US,0,Stores,2024-03-09
United States,6128.07,Returning,US,0,Ecom,2024-03-09
United States,17395.07,Returning,US,0,Stores,2024-03-09
United States,4857.75,New,US,0,Ecom,2024-03-10
United States,9180.16,New,US,0,Stores,2024-03-10
United States,11382.59,Returning,US,0,Ecom,2024-03-10
United States,5151.22,Returning,US,0,Stores,2024-03-10
United States,17853.24,New,US,0,Ecom,2024-03-11
United States,4004.37,New,US,0,Stores,2024-03-11
United States,2421.44,Returning,US,0,Ecom,2024-03-11
United States,9646.28,Returning,US,0,Stores,2024-03-11
United States,7448.39,New,US,0,Ecom,2024-03-12
United States,2293.71,New,US,0,Stores,2024-03-12
United States,8796.66,Returning,US,0,Ecom,2024-03-12
United States,6490.45,Returning,US,0,Stores,2024-03-12
United States,7785.03,New,US,0,Ecom,2024-03-13
United States,2065.27,New,US,0,Stores,2024-03-13
United States,10368.21,Returning,US,0,Ecom,2024-03-13
United States,8064.36,Returning,US,0,Stores,2024-03-13
United States,8605.36,New,US,0,Ecom,2024-03-14
United States,8829.03,New,US,0,Stores,2024-03-14
United States,8002.21,Returning,US,0,Ecom,2024-03-14
United States,807.65,Returning,US,0,Stores,2024-03-14
United States,9726.52,New,US,0,Ecom,2024-03-15
United States,8316.83,New,US,0,Stores,2024-03-15
United States,7317.27,Returning,US,0,Ecom,2024-03-15
United States,3683.42,Returning,US,0,Stores,2024-03-15
United States,3697.72,New,US,0,Ecom,2024-03-16
United States,17340.02,New,US,0,Stores,2024-03-16
United States,5597.1,Returning,US,0,Ecom,2024-03-16
United States,911.46,Returning,US,0,Stores,2024-03-16
United States,4377.13,New,US,0,Ecom,2024-03-17
United States,9932.75,New,US,0,Stores,2024-03-17
United States,11403.97,Returning,US,0,Ecom,2024-03-17
United States,2408.73,Returning,US,0,Stores,2024-03-17
United States,8480.84,New,US,0,Ecom,2024-03-18
United States,5240.36,New,US,0,Stores,2024-03-18
United States,15942.54,Returning,US,0,Ecom,2024-03-18
United States,5025.37,Returning,US,0,Stores,2024-03-18
United States,20833.4,New,US,0,Ecom,2024-03-19
United States,5484.67,New,US,0,Stores,2024-03-19
United States,988.92,Returning,US,0,Ecom,2024-03-19
United States,822.84,Returning,US,0,Stores,2024-03-19
United States,4143.01,New,US,0,Ecom,2024-03-20
United States,10850.04,New,US,0,Stores,2024-03-20
United States,13612.81,Returning,US,0,Ecom,2024-03-20
United States,4269.55,Returning,US,0,Stores,2024-03-20
United States,6337.53,New,US,0,Ecom,2024-03-21
United States,4361.12,New,US,0,Stores,2024-03-21
United States,19123.99,Returning,US,0,Ecom,2024-03-21
United States,296.42,Returning,US,0,Stores,2024-03-21
United States,8395.17,New,US,0,Ecom,2024-03-22
United States,9713.83,New,US,0,Stores,2024-03-22
United States,7572.05,Returning,US,0,Ecom,2024-03-22
United States,4290.15,Returning,US,0,Stores,2024-03-22
United States,9484.61,New,US,0,Ecom,2024-03-23
United States,17437.15,New,US,0,Stores,2024-03-23
United States,3286.94,Returning,US,0,Ecom,2024-03-23
United States,961.51,Returning,US,0,Stores,2024-03-23
United States,17595.39,New,US,0,Ecom,2024-03-24
United States,11180.05,New,US,0,Stores,2024-03-24
United States,4946.07,Returning,US,0,Ecom,2024-03-24
United States,1150.75,Returning,US,0,Stores,2024-03-24
United States,11217.64,New,US,0,Ecom,2024-03-25
United States,9827.0,New,US,0,Stores,2024-03-25
United States,4596.96,Returning,US,0,Ecom,2024-03-25
United States,4562.5,Returning,US,0,Stores,2024-03-25
United States,16945.74,New,US,0,Ecom,2024-03-26
United States,1146.54,New,US,0,Stores,2024-03-26
United States,7860.96,Returning,US,0,Ecom,2024-03-26
United States,7844.2,Returning,US,0,Stores,2024-03-26
United States,8847.4,New,US,0,Ecom,2024-03-27
United States,10752.66,New,US,0,Stores,2024-03-27
United States,9433.02,Returning,US,0,Ecom,2024-03-27
United States,2608.39,Returning,US,0,Stores,2024-03-27
United States,14384.79,New,US,0,Ecom,2024-03-28
United States,6915.71,New,US,0,Stores,2024-03-28
United States,5042.95,Returning,US,0,Ecom,2024-03-28
United States,170.6,Returning,US,0,Stores,2024-03-28
United States,9536.26,New,US,0,Ecom,2024-03-29
United States,321.93,New,US,0,Stores,2024-03-29
United States,8424.67,Returning,US,0,Ecom,2024-03-29
United States,6705.32,Returning,US,0,Stores,2024-03-29
United States,8933.5,New,US,0,Ecom,2024-03-30
United States,4016.25,New,US,0,Stores,2024-03-30
United States,22853.34,Returning,US,0,Ecom,2024-03-30
United States,1095.51,Returning,US,0,Stores,2024-03-30
United States,12754.35,New,US,0,Ecom,2024-03-31
United States,6347.82,New,US,0,Stores,2024-03-31
United States,5216.2,Returning,US,0,Ecom,2024-03-31
United States,5572.64,Returning,US,0,Stores,2024-03-31
United States,16077.82,New,US,0,Ecom,2024-04-01
United States,6842.56,New,US,0,Stores,2024-04-01
United States,1884.79,Returning,US,0,Ecom,2024-04-01
United States,3660.53,Returning,US,0,Stores,2024-04-01
United States,8465.99,New,US,0,Ecom,2024-04-02
United States,1279.45,New,US,0,Stores,2024-04-02
United States,8544.17,Returning,US,0,Ecom,2024-04-02
United States,7968.57,Returning,US,0,Stores,2024-04-02
United States,13658.51,New,US,0,Ecom,2024-04-03
United States,4372.74,New,US,0,Stores,2024-04-03
United States,9826.57,Returning,US,0,Ecom,2024-04-03
United States,669.66,Returning,US,0,Stores,2024-04-03
United States,10882.79,New,US,0,Ecom,2024-04-04
United States,10332.1,New,US,0,Stores,2024-04-04
United States,8185.65,Returning,US,0,Ecom,2024-04-04
United States,1489.19,Returning,US,0,Stores,2024-04-04
United States,26070.2,New,US,0,Ecom,2024-04-05
United States,2690.16,New,US,0,Stores,2024-04-05
United States,7000.99,Returning,US,0,Ecom,2024-04-05
United States,323.56,Returning,US,0,Stores,2024-04-05
United States,7064.44,New,US,0,Ecom,2024-04-06
United States,6590.81,New,US,0,Stores,2024-04-06
United States,8511.61,Returning,US,0,Ecom,2024-04-06
United States,11316.44,Returning,US,0,Stores,2024-04-06
United States,6908.16,New,US,0,Ecom,2024-04-07
United States,13953.05,New,US,0,Stores,2024-04-07
United States,8048.3,Returning,US,0,Ecom,2024-04-07
United States,3420.9,Returning,US,0,Stores,2024-04-07
United States,20955.81,New,US,0,Ecom,2024-04-08
United States,8503.18,New,US,0,Stores,2024-04-08
United States,97.48,Returning,US,0,Ecom,2024-04-08
United States,410.47,Returning,US,0,Stores,2024-04-08
United States,8234.41,New,US,0,Ecom,2024-04-09
United States,4397.92,New,US,0,Stores,2024-04-09
United States,15393.69,Returning,US,0,Ecom,2024-04-09
United States,260.25,Returning,US,0,Stores,2024-04-09
United States,11494.89,New,US,0,Ecom,2024-04-10
United States,11706.08,New,US,0,Stores,2024-04-10
United States,2855.83,Returning,US,0,Ecom,2024-04-10
United States,7.42,Returning,US,0,Stores,2024-04-10
United States,3061.32,New,US,0,Ecom,2024-04-11
United States,11861.13,New,US,0,Stores,2024-04-11
United States,2080.79,Returning,US,0,Ecom,2024-04-11
United States,8252.64,Returning,US,0,Stores,2024-04-11
United States,9307.69,New,US,0,Ecom,2024-04-12
United States,12125.32,New,US,0,Stores,2024-04-12
United States,3491.06,Returning,US,0,Ecom,2024-04-12
United States,8310.9,Returning,US,0,Stores,2024-04-12
United States,8898.53,New,US,0,Ecom,2024-04-13
United States,11014.28,New,US,0,Stores,2024-04-13
United States,3611.44,Returning,US,0,Ecom,2024-04-13
United States,9083.96,Returning,US,0,Stores,2024-04-13
United States,3517.43,New,US,0,Ecom,2024-04-14
United States,6843.15,New,US,0,Stores,2024-04-14
United States,16416.9,Returning,US,0,Ecom,2024-04-14
United States,3695.51,Returning,US,0,Stores,2024-04-14
United States,12375.05,New,US,0,Ecom,2024-04-15
United States,6159.99,New,US,0,Stores,2024-04-15
United States,5777.23,Returning,US,0,Ecom,2024-04-15
United States,7402.86,Returning,US,0,Stores,2024-04-15
United States,6218.3,New,US,0,Ecom,2024-04-16
United States,2456.76,New,US,0,Stores,2024-04-16
United States,9089.18,Returning,US,0,Ecom,2024-04-16
United States,13909.48,Returning,US,0,Stores,2024-04-16
United States,8192.88,New,US,0,Ecom,2024-04-17
United States,11361.67,New,US,0,Stores,2024-04-17
United States,6700.53,Returning,US,0,Ecom,2024-04-17
United States,5489.02,Returning,US,0,Stores,2024-04-17
United States,12087.17,New,US,0,Ecom,2024-04-18
United States,5355.83,New,US,0,Stores,2024-04-18
United States,10789.17,Returning,US,0,Ecom,2024-04-18
United States,5164.39,Returning,US,0,Stores,2024-04-18
United States,3257.35,New,US,0,Ecom,2024-04-19
United States,8479.38,New,US,0,Stores,2024-04-19
United States,9478.45,Returning,US,0,Ecom,2024-04-19
United States,6315.74,Returning,US,0,Stores,2024-04-19
United States,21485.69,New,US,0,Ecom,2024-04-20
United States,2276.73,New,US,0,Stores,2024-04-20
United States,3685.71,Returning,US,0,Ecom,2024-04-20
United States,994.01,Returning,US,0,Stores,2024-04-20
United States,7389.07,New,US,0,Ecom,2024-04-21
United States,8642.75,New,US,0,Stores,2024-04-21
United States,8352.07,Returning,US,0,Ecom,2024-04-21
United States,4692.22,Returning,US,0,Stores,2024-04-21
United States,8760.02,New,US,0,Ecom,2024-04-22
United States,4723.75,New,US,0,Stores,2024-04-22
United States,10216.39,Returning,US,0,Ecom,2024-04-22
United States,6243.74,Returning,US,0,Stores,2024-04-22
United States,7944.8,New,US,0,Ecom,2024-04-23
United States,5283.27,New,US,0,Stores,2024-04-23
United States,5368.98,Returning,US,0,Ecom,2024-04-23
United States,12124.72,Returning,US,0,Stores,2024-04-23
United States,14255.41,New,US,0,Ecom,2024-04-24
United States,8771.56,New,US,0,Stores,2024-04-24
United States,2668.55,Returning,US,0,Ecom,2024-04-24
United States,593.92,Returning,US,0,Stores,2024-04-24
United States,3886.38,New,US,0,Ecom,2024-04-25
United States,1846.94,New,US,0,Stores,2024-04-25
United States,13933.66,Returning,US,0,Ecom,2024-04-25
United States,8942.61,Returning,US,0,Stores,2024-04-25
United States,18490.81,New,US,0,Ecom,2024-04-26
United States,10410.64,New,US,0,Stores,2024-04-26
United States,9055.01,Returning,US,0,Ecom,2024-04-26
United States,443.83,Returning,US,0,Stores,2024-04-26
United States,14916.43,New,US,0,Ecom,2024-04-27
United States,8863.94,New,US,0,Stores,2024-04-27
United States,1487.24,Returning,US,0,Ecom,2024-04-27
United States,6102.76,Returning,US,0,Stores,2024-04-27
United States,7716.46,New,US,0,Ecom,2024-04-28
United States,11506.19,New,US,0,Stores,2024-04-28
United States,2176.03,Returning,US,0,Ecom,2024-04-28
United States,5833.67,Returning,US,0,Stores,2024-04-28
United States,7750.08,New,US,0,Ecom,2024-04-29
United States,8340.13,New,US,0,Stores,2024-04-29
United States,14111.1,Returning,US,0,Ecom,2024-04-29
United States,279.17,Returning,US,0,Stores,2024-04-29
United States,20988.16,New,US,0,Ecom,2024-04-30
United States,5695.58,New,US,0,Stores,2024-04-30
United States,4824.72,Returning,US,0,Ecom,2024-04-30
United States,1.3,Returning,US,0,Stores,2024-04-30
United States,9743.31,New,US,0,Ecom,2024-05-01
United States,10539.53,New,US,0,Stores,2024-05-01
United States,3745.58,Returning,US,0,Ecom,2024-05-01
United States,5418.28,Returning,US,0,Stores,2024-05-01
United States,8276.93,New,US,0,Ecom,2024-05-02
United States,13472.23,New,US,0,Stores,2024-05-02
United States,7311.62,Returning,US,0,Ecom,2024-05-02
United States,1490.68,Returning,US,0,Stores,2024-05-02
United States,10887.77,New,US,0,Ecom,2024-05-03
United States,3673.64,New,US,0,Stores,2024-05-03
United States,9615.49,Returning,US,0,Ecom,2024-05-03
United States,2066.06,Returning,US,0,Stores,2024-05-03
United States,5933.76,New,US,0,Ecom,2024-05-04
United States,17554.15,New,US,0,Stores,2024-05-04
United States,4371.77,Returning,US,0,Ecom,2024-05-04
United States,554.28,Returning,US,0,Stores,2024-05-04
United States,15644.38,New,US,0,Ecom,2024-05-05
United States,8399.1,New,US,0,Stores,2024-05-05
United States,5285.58,Returning,US,0,Ecom,2024-05-05
United States,3613.79,Returning,US,0,Stores,2024-05-05
United States,13926.52,New,US,0,Ecom,2024-05-06
United States,6460.54,New,US,0,Stores,2024-05-06
United States,3161.96,Returning,US,0,Ecom,2024-05-06
United States,3082.41,Returning,US,0,Stores,2024-05-06
United States,13522.24,New,US,0,Ecom,2024-05-07
United States,13554.74,New,US,0,Stores,2024-05-07
United States,2922.0,Returning,US,0,Ecom,2024-05-07
United States,667.2,Returning,US,0,Stores,2024-05-07
United States,9618.2,New,US,0,Ecom,2024-05-08
United States,9950.93,New,US,0,Stores,2024-05-08
United States,6889.79,Returning,US,0,Ecom,2024-05-08
United States,3482.73,Returning,US,0,Stores,2024-05-08
United States,12517.02,New,US,0,Ecom,2024-05-09
United States,3126.43,New,US,0,Stores,2024-05-09
United States,11911.03,Returning,US,0,Ecom,2024-05-09
United States,1671.04,Returning,US,0,Stores,2024-05-09
United States,14457.29,New,US,0,Ecom,2024-05-10
United States,6158.98,New,US,0,Stores,2024-05-10
United States,7699.66,Returning,US,0,Ecom,2024-05-10
United States,967.33,Returning,US,0,Stores,2024-05-10
United States,7293.67,New,US,0,Ecom,2024-05-11
United States,911.57,New,US,0,Stores,2024-05-11
United States,12575.79,Returning,US,0,Ecom,2024-05-11
United States,11021.74,Returning,US,0,Stores,2024-05-11
United States,3921.59,New,US,0,Ecom,2024-05-12
United States,9090.04,New,US,0,Stores,2024-05-12
United States,6394.46,Returning,US,0,Ecom,2024-05-12
United States,6229.19,Returning,US,0,Stores,2024-05-12
United States,16131.52,New,US,0,Ecom,2024-05-13
United States,6307.79,New,US,0,Stores,2024-05-13
United States,5208.6,Returning,US,0,Ecom,2024-05-13
United States,2103.06,Returning,US,0,Stores,2024-05-13
United States,5776.01,New,US,0,Ecom,2024-05-14
United States,11921.86,New,US,0,Stores,2024-05-14
United States,8442.39,Returning,US,0,Ecom,2024-05-14
United States,2422.36,Returning,US,0,Stores,2024-05-14
United States,9280.03,New,US,0,Ecom,2024-05-15
United States,8553.76,New,US,0,Stores,2024-05-15
United States,9532.91,Returning,US,0,Ecom,2024-05-15
United States,382.46,Returning,US,0,Stores,2024-05-15
United States,7178.69,New,US,0,Ecom,2024-05-16
United States,6445.07,New,US,0,Stores,2024-05-16
United States,16582.37,Returning,US,0,Ecom,2024-05-16
United States,1874.68,Returning,US,0,Stores,2024-05-16
United States,4941.43,New,US,0,Ecom,2024-05-17
United States,14290.52,New,US,0,Stores,2024-05-17
United States,6939.43,Returning,US,0,Ecom,2024-05-17
United States,3560.31,Returning,US,0,Stores,2024-05-17
United States,6185.45,New,US,0,Ecom,2024-05-18
United States,9350.01,New,US,0,Stores,2024-05-18
United States,9773.81,Returning,US,0,Ecom,2024-05-18
United States,5250.67,Returning,US,0,Stores,2024-05-18
United States,11134.4,New,US,0,Ecom,2024-05-19
United States,12676.03,New,US,0,Stores,2024-05-19
United States,1312.11,Returning,US,0,Ecom,2024-05-19
United States,526.42,Returning,US,0,Stores,2024-05-19
United States,7231.78,New,US,0,Ecom,2024-05-20
United States,18720.09,New,US,0,Stores,2024-05-20
United States,7207.9,Returning,US,0,Ecom,2024-05-20
United States,633.72,Returning,US,0,Stores,2024-05-20
United States,11696.19,New,US,0,Ecom,2024-05-21
United States,11795.41,New,US,0,Stores,2024-05-21
United States,7106.53,Returning,US,0,Ecom,2024-05-21
United States,322.88,Returning,US,0,Stores,2024-05-21
United States,6066.82,New,US,0,Ecom,2024-05-22
United States,4960.84,New,US,0,Stores,2024-05-22
United States,14133.47,Returning,US,0,Ecom,2024-05-22
United States,5060.57,Returning,US,0,Stores,2024-05-22
United States,12018.84,New,US,0,Ecom,2024-05-23
United States,1238.69,New,US,0,Stores,2024-05-23
United States,12193.8,Returning,US,0,Ecom,2024-05-23
United States,2663.12,Returning,US,0,Stores,2024-05-23
United States,7530.48,New,US,0,Ecom,2024-05-24
United States,10476.88,New,US,0,Stores,2024-05-24
United States,9998.14,Returning,US,0,Ecom,2024-05-24
United States,2654.93,Returning,US,0,Stores,2024-05-24
United States,7809.61,New,US,0,Ecom,2024-05-25
United States,8663.57,New,US,0,Stores,2024-05-25
United States,10711.15,Returning,US,0,Ecom,2024-05-25
United States,1634.83,Returning,US,0,Stores,2024-05-25
United States,8800.99,New,US,0,Ecom,2024-05-26
United States,3985.76,New,US,0,Stores,2024-05-26
United States,10246.77,Returning,US,0,Ecom,2024-05-26
United States,4567.43,Returning,US,0,Stores,2024-05-26
United States,6781.75,New,US,0,Ecom,2024-05-27
United States,15398.87,New,US,0,Stores,2024-05-27
United States,6800.81,Returning,US,0,Ecom,2024-05-27
United States,57.96,Returning,US,0,Stores,2024-05-27
United States,8166.86,New,US,0,Ecom,2024-05-28
United States,11822.33,New,US,0,Stores,2024-05-28
United States,2843.53,Returning,US,0,Ecom,2024-05-28
United States,6604.59,Returning,US,0,Stores,2024-05-28
United States,10333.65,New,US,0,Ecom,2024-05-29
United States,15747.28,New,US,0,Stores,2024-05-29
United States,6826.35,Returning,US,0,Ecom,2024-05-29
United States,2702.65,Returning,US,0,Stores,2024-05-29
United States,3206.24,New,US,0,Ecom,2024-05-30
United States,14286.38,New,US,0,Stores,2024-05-30
United States,8404.69,Returning,US,0,Ecom,2024-05-30
United States,2066.0,Returning,US,0,Stores,2024-05-30
United States,6117.33,New,US,0,Ecom,2024-05-31
United States,17407.63,New,US,0,Stores,2024-05-31
United States,3645.79,Returning,US,0,Ecom,2024-05-31
United States,3836.36,Returning,US,0,Stores,2024-05-31
United States,8327.03,New,US,0,Ecom,2024-06-01
United States,10607.13,New,US,0,Stores,2024-06-01
United States,12203.32,Returning,US,0,Ecom,2024-06-01
United States,643.49,Returning,US,0,Stores,2024-06-01
United States,1949.63,New,US,0,Ecom,2024-06-02
United States,22041.04,New,US,0,Stores,2024-06-02
United States,7043.22,Returning,US,0,Ecom,2024-06-02
United States,381.82,Returning,US,0,Stores,2024-06-02
United States,17786.27,New,US,0,Ecom,2024-06-03
United States,3614.95,New,US,0,Stores,2024-06-03
United States,6706.34,Returning,US,0,Ecom,2024-06-03
United States,4505.91,Returning,US,0,Stores,2024-06-03
United States,5885.79,New,US,0,Ecom,2024-06-04
United States,7799.72,New,US,0,Stores,2024-06-04
United States,13222.41,Returning,US,0,Ecom,2024-06-04
United States,5415.84,Returning,US,0,Stores,2024-06-04
United States,14010.93,New,US,0,Ecom,2024-06-05
United States,11714.27,New,US,0,Stores,2024-06-05
United States,1223.82,Returning,US,0,Ecom,2024-06-05
United States,1601.47,Returning,US,0,Stores,2024-06-05
United States,10318.99,New,US,0,Ecom,2024-06-06
United States,6137.71,New,US,0,Stores,2024-06-06
United States,5605.56,Returning,US,0,Ecom,2024-06-06
United States,12309.96,Returning,US,0,Stores,2024-06-06
United States,5643.2,New,US,0,Ecom,2024-06-07
United States,5539.89,New,US,0,Stores,2024-06-07
United States,10808.85,Returning,US,0,Ecom,2024-06-07
United States,6994.92,Returning,US,0,Stores,2024-06-07
United States,12628.85,New,US,0,Ecom,2024-06-08
United States,4074.36,New,US,0,Stores,2024-06-08
United States,16695.25,Returning,US,0,Ecom,2024-06-08
United States,515.95,Returning,US,0,Stores,2024-06-08
United States,12618.41,New,US,0,Ecom,2024-06-09
United States,1825.47,New,US,0,Stores,2024-06-09
United States,13602.4,Returning,US,0,Ecom,2024-06-09
United States,3616.1,Returning,US,0,Stores,2024-06-09
United States,10294.89,New,US,0,Ecom,2024-06-10
United States,8789.79,New,US,0,Stores,2024-06-10
United States,12710.65,Returning,US,0,Ecom,2024-06-10
United States,2714.51,Returning,US,0,Stores,2024-06-10
United States,10272.72,New,US,0,Ecom,2024-06-11
United States,4962.35,New,US,0,Stores,2024-06-11
United States,9503.41,Returning,US,0,Ecom,2024-06-11
United States,1139.66,Returning,US,0,Stores,2024-06-11
United States,12028.19,New,US,0,Ecom,2024-06-12
United States,2963.93,New,US,0,Stores,2024-06-12
United States,8614.27,Returning,US,0,Ecom,2024-06-12
United States,3514.47,Returning,US,0,Stores,2024-06-12
United States,11932.63,New,US,0,Ecom,2024-06-13
United States,7343.74,New,US,0,Stores,2024-06-13
United States,4625.42,Returning,US,0,Ecom,2024-06-13
United States,5720.77,Returning,US,0,Stores,2024-06-13
United States,27098.38,New,US,0,Ecom,2024-06-14
United States,1131.79,New,US,0,Stores,2024-06-14
United States,2740.5,Returning,US,0,Ecom,2024-06-14
United States,422.29,Returning,US,0,Stores,2024-06-14
United States,19858.22,New,US,0,Ecom,2024-06-15
United States,7828.34,New,US,0,Stores,2024-06-15
United States,3267.17,Returning,US,0,Ecom,2024-06-15
United States,2999.01,Returning,US,0,Stores,2024-06-15
United States,7629.08,New,US,0,Ecom,2024-06-16
United States,5586.82,New,US,0,Stores,2024-06-16
United States,5159.91,Returning,US,0,Ecom,2024-06-16
United States,10123.58,Returning,US,0,Stores,2024-06-16
United States,13201.99,New,US,0,Ecom,2024-06-17
United States,3274.53,New,US,0,Stores,2024-06-17
United States,11109.33,Returning,US,0,Ecom,2024-06-17
United States,3766.02,Returning,US,0,Stores,2024-06-17
United States,7685.67,New,US,0,Ecom,2024-06-18
United States,13914.65,New,US,0,Stores,2024-06-18
United States,6381.17,Returning,US,0,Ecom,2024-06-18
United States,3642.06,Returning,US,0,Stores,2024-06-18
United States,15381.52,New,US,0,Ecom,2024-06-19
United States,9805.14,New,US,0,Stores,2024-06-19
United States,4911.74,Returning,US,0,Ecom,2024-06-19
United States,584.13,Returning,US,0,Stores,2024-06-19
United States,3883.23,New,US,0,Ecom,2024-06-20
United States,12032.38,New,US,0,Stores,2024-06-20
United States,7959.61,Returning,US,0,Ecom,2024-06-20
United States,7670.86,Returning,US,0,Stores,2024-06-20
United States,12419.01,New,US,0,Ecom,2024-06-21
United States,2034.76,New,US,0,Stores,2024-06-21
United States,13300.42,Returning,US,0,Ecom,2024-06-21
United States,3766.01,Returning,US,0,Stores,2024-06-21
United States,14084.92,New,US,0,Ecom,2024-06-22
United States,1427.32,New,US,0,Stores,2024-06-22
United States,16169.54,Returning,US,0,Ecom,2024-06-22
United States,1901.18,Returning,US,0,Stores,2024-06-22
United States,20071.73,New,US,0,Ecom,2024-06-23
United States,723.51,New,US,0,Stores,2024-06-23
United States,5986.71,Returning,US,0,Ecom,2024-06-23
United States,2950.13,Returning,US,0,Stores,2024-06-23
United States,14408.72,New,US,0,Ecom,2024-06-24
United States,6423.48,New,US,0,Stores,2024-06-24
United States,12361.3,Returning,US,0,Ecom,2024-06-24
United States,395.01,Returning,US,0,Stores,2024-06-24
United States,11159.44,New,US,0,Ecom,2024-06-25
United States,2744.88,New,US,0,Stores,2024-06-25
United States,16366.85,Returning,US,0,Ecom,2024-06-25
United States,2973.79,Returning,US,0,Stores,2024-06-25
United States,12662.88,New,US,0,Ecom,2024-06-26
United States,6948.68,New,US,0,Stores,2024-06-26
United States,10582.9,Returning,US,0,Ecom,2024-06-26
United States,3267.39,Returning,US,0,Stores,2024-06-26
United States,17777.52,New,US,0,Ecom,2024-06-27
United States,1026.18,New,US,0,Stores,2024-06-27
United States,3585.07,Returning,US,0,Ecom,2024-06-27
United States,8726.58,Returning,US,0,Stores,2024-06-27
United States,14087.36,New,US,0,Ecom,2024-06-28
United States,6869.03,New,US,0,Stores,2024-06-28
United States,328.64,Returning,US,0,Ecom,2024-06-28
United States,9113.95,Returning,US,0,Stores,2024-06-28
United States,5330.82,New,US,0,Ecom,2024-06-29
United States,9988.71,New,US,0,Stores,2024-06-29
United States,6598.7,Returning,US,0,Ecom,2024-06-29
United States,8166.07,Returning,US,0,Stores,2024-06-29
United States,1044.5,New,US,0,Ecom,2024-06-30
United States,8963.67,New,US,0,Stores,2024-06-30
United States,13579.03,Returning,US,0,Ecom,2024-06-30
United States,3898.33,Returning,US,0,Stores,2024-06-30
United States,9356.78,New,US,0,Ecom,2024-07-01
United States,11784.99,New,US,0,Stores,2024-07-01
United States,7300.21,Returning,US,0,Ecom,2024-07-01
United States,1987.71,Returning,US,0,Stores,2024-07-01
United States,2901.25,New,US,0,Ecom,2024-07-02
United States,7852.3,New,US,0,Stores,2024-07-02
United States,5659.25,Returning,US,0,Ecom,2024-07-02
United States,17554.98,Returning,US,0,Stores,2024-07-02
United States,15396.45,New,US,0,Ecom,2024-07-03
United States,11141.95,New,US,0,Stores,2024-07-03
United States,2340.37,Returning,US,0,Ecom,2024-07-03
United States,2278.62,Returning,US,0,Stores,2024-07-03
United States,16195.62,New,US,0,Ecom,2024-07-04
United States,9909.0,New,US,0,Stores,2024-07-04
United States,2535.43,Returning,US,0,Ecom,2024-07-04
United States,4147.14,Returning,US,0,Stores,2024-07-04
United States,20375.75,New,US,0,Ecom,2024-07-05
United States,5645.44,New,US,0,Stores,2024-07-05
United States,5277.89,Returning,US,0,Ecom,2024-07-05
United States,3541.87,Returning,US,0,Stores,2024-07-05
United States,19549.08,New,US,0,Ecom,2024-07-06
United States,767.06,New,US,0,Stores,2024-07-06
United States,7801.45,Returning,US,0,Ecom,2024-07-06
United States,1348.73,Returning,US,0,Stores,2024-07-06
United States,8323.61,New,US,0,Ecom,2024-07-07
United States,4905.37,New,US,0,Stores,2024-07-07
United States,7189.34,Returning,US,0,Ecom,2024-07-07
United States,10915.06,Returning,US,0,Stores,2024-07-07
United States,16926.83,New,US,0,Ecom,2024-07-08
United States,3187.4,New,US,0,Stores,2024-07-08
United States,6694.93,Returning,US,0,Ecom,2024-07-08
United States,553.65,Returning,US,0,Stores,2024-07-08
United States,15574.26,New,US,0,Ecom,2024-07-09
United States,7408.03,New,US,0,Stores,2024-07-09
United States,4515.92,Returning,US,0,Ecom,2024-07-09
United States,1809.9,Returning,US,0,Stores,2024-07-09
United States,13646.06,New,US,0,Ecom,2024-07-10
United States,3174.89,New,US,0,Stores,2024-07-10
United States,5881.13,Returning,US,0,Ecom,2024-07-10
United States,5056.32,Returning,US,0,Stores,2024-07-10
United States,13689.92,New,US,0,Ecom,2024-07-11
United States,3203.4,New,US,0,Stores,2024-07-11
United States,4884.6,Returning,US,0,Ecom,2024-07-11
United States,2720.61,Returning,US,0,Stores,2024-07-11
United States,7796.78,New,US,0,Ecom,2024-07-12
United States,1145.39,New,US,0,Stores,2024-07-12
United States,13896.14,Returning,US,0,Ecom,2024-07-12
United States,3354.58,Returning,US,0,Stores,2024-07-12
United States,5905.27,New,US,0,Ecom,2024-07-13
United States,5412.48,New,US,0,Stores,2024-07-13
United States,14992.38,Returning,US,0,Ecom,2024-07-13
United States,3133.63,Returning,US,0,Stores,2024-07-13
United States,12814.48,New,US,0,Ecom,2024-07-14
United States,3973.23,New,US,0,Stores,2024-07-14
United States,6319.85,Returning,US,0,Ecom,2024-07-14
United States,4641.21,Returning,US,0,Stores,2024-07-14
United States,5374.46,New,US,0,Ecom,2024-07-15
United States,26469.73,New,US,0,Stores,2024-07-15
United States,1677.87,Returning,US,0,Ecom,2024-07-15
United States,631.59,Returning,US,0,Stores,2024-07-15
United States,11650.31,New,US,0,Ecom,2024-07-16
United States,11692.67,New,US,0,Stores,2024-07-16
United States,3246.45,Returning,US,0,Ecom,2024-07-16
United States,2923.07,Returning,US,0,Stores,2024-07-16
United States,11417.06,New,US,0,Ecom,2024-07-17
United States,8891.07,New,US,0,Stores,2024-07-17
United States,6170.94,Returning,US,0,Ecom,2024-07-17
United States,4264.61,Returning,US,0,Stores,2024-07-17
United States,6347.37,New,US,0,Ecom,2024-07-18
United States,5464.08,New,US,0,Stores,2024-07-18
United States,18760.57,Returning,US,0,Ecom,2024-07-18
United States,5589.78,Returning,US,0,Stores,2024-07-18
United States,5273.26,New,US,0,Ecom,2024-07-19
United States,14878.85,New,US,0,Stores,2024-07-19
United States,7170.34,Returning,US,0,Ecom,2024-07-19
United States,2670.31,Returning,US,0,Stores,2024-07-19
United States,4357.29,New,US,0,Ecom,2024-07-20
United States,1347.84,New,US,0,Stores,2024-07-20
United States,15507.41,Returning,US,0,Ecom,2024-07-20
United States,8130.39,Returning,US,0,Stores,2024-07-20
United States,20589.09,New,US,0,Ecom,2024-07-21
United States,8185.2,New,US,0,Stores,2024-07-21
United States,6588.73,Returning,US,0,Ecom,2024-07-21
United States,2883.2,Returning,US,0,Stores,2024-07-21
United States,10522.49,New,US,0,Ecom,2024-07-22
United States,7377.49,New,US,0,Stores,2024-07-22
United States,7744.96,Returning,US,0,Ecom,2024-07-22
United States,7581.73,Returning,US,0,Stores,2024-07-22
United States,4848.88,New,US,0,Ecom,2024-07-23
United States,12112.25,New,US,0,Stores,2024-07-23
United States,10825.36,Returning,US,0,Ecom,2024-07-23
United States,1879.91,Returning,US,0,Stores,2024-07-23
United States,6889.81,New,US,0,Ecom,2024-07-24
United States,8841.7,New,US,0,Stores,2024-07-24
United States,11896.13,Returning,US,0,Ecom,2024-07-24
United States,1298.32,Returning,US,0,Stores,2024-07-24
United States,6700.57,New,US,0,Ecom,2024-07-25
United States,14810.14,New,US,0,Stores,2024-07-25
United States,8122.04,Returning,US,0,Ecom,2024-07-25
United States,4541.22,Returning,US,0,Stores,2024-07-25
United States,8541.09,New,US,0,Ecom,2024-07-26
United States,17400.99,New,US,0,Stores,2024-07-26
United States,1075.04,Returning,US,0,Ecom,2024-07-26
United States,1988.37,Returning,US,0,Stores,2024-07-26
United States,12606.28,New,US,0,Ecom,2024-07-27
United States,5431.64,New,US,0,Stores,2024-07-27
United States,9329.35,Returning,US,0,Ecom,2024-07-27
United States,2124.61,Returning,US,0,Stores,2024-07-27
United States,7188.25,New,US,0,Ecom,2024-07-28
United States,9072.21,New,US,0,Stores,2024-07-28
United States,3690.2,Returning,US,0,Ecom,2024-07-28
United States,10124.45,Returning,US,0,Stores,2024-07-28
United States,10501.68,New,US,0,Ecom,2024-07-29
United States,12483.73,New,US,0,Stores,2024-07-29
United States,3191.23,Returning,US,0,Ecom,2024-07-29
United States,4262.4,Returning,US,0,Stores,2024-07-29
United States,10582.27,New,US,0,Ecom,2024-07-30
United States,9894.19,New,US,0,Stores,2024-07-30
United States,6995.28,Returning,US,0,Ecom,2024-07-30
United States,2490.74,Returning,US,0,Stores,2024-07-30
United States,21212.21,New,US,0,Ecom,2024-07-31
United States,5401.62,New,US,0,Stores,2024-07-31
United States,1790.07,Returning,US,0,Ecom,2024-07-31
United States,1215.6,Returning,US,0,Stores,2024-07-31
United States,17565.52,New,US,0,Ecom,2024-08-01
United States,7924.06,New,US,0,Stores,2024-08-01
United States,8131.71,Returning,US,0,Ecom,2024-08-01
United States,1410.13,Returning,US,0,Stores,2024-08-01
United States,15885.68,New,US,0,Ecom,2024-08-02
United States,257.54,New,US,0,Stores,2024-08-02
United States,8679.05,Returning,US,0,Ecom,2024-08-02
United States,5979.55,Returning,US,0,Stores,2024-08-02
United States,5026.87,New,US,0,Ecom,2024-08-03
United States,17329.15,New,US,0,Stores,2024-08-03
United States,8963.43,Returning,US,0,Ecom,2024-08-03
United States,1186.42,Returning,US,0,Stores,2024-08-03
United States,5403.94,New,US,0,Ecom,2024-08-04
United States,1435.54,New,US,0,Stores,2024-08-04
United States,8632.21,Returning,US,0,Ecom,2024-08-04
United States,17960.81,Returning,US,0,Stores,2024-08-04
United States,4464.47,New,US,0,Ecom,2024-08-05
United States,6093.28,New,US,0,Stores,2024-08-05
United States,9734.51,Returning,US,0,Ecom,2024-08-05
United States,10863.26,Returning,US,0,Stores,2024-08-05
United States,15875.07,New,US,0,Ecom,2024-08-06
United States,6520.38,New,US,0,Stores,2024-08-06
United States,9741.32,Returning,US,0,Ecom,2024-08-06
United States,5194.95,Returning,US,0,Stores,2024-08-06
United States,14125.97,New,US,0,Ecom,2024-08-07
United States,12020.17,New,US,0,Stores,2024-08-07
United States,5865.03,Returning,US,0,Ecom,2024-08-07
United States,5176.68,Returning,US,0,Stores,2024-08-07
United States,16055.91,New,US,0,Ecom,2024-08-08
United States,7231.65,New,US,0,Stores,2024-08-08
United States,3157.7,Returning,US,0,Ecom,2024-08-08
United States,4287.95,Returning,US,0,Stores,2024-08-08
United States,9823.3,New,US,0,Ecom,2024-08-09
United States,8988.02,New,US,0,Stores,2024-08-09
United States,4904.26,Returning,US,0,Ecom,2024-08-09
United States,4815.8,Returning,US,0,Stores,2024-08-09
United States,9269.07,New,US,0,Ecom,2024-08-10
United States,12672.38,New,US,0,Stores,2024-08-10
United States,8661.42,Returning,US,0,Ecom,2024-08-10
United States,1181.08,Returning,US,0,Stores,2024-08-10
United States,5017.78,New,US,0,Ecom,2024-08-11
United States,3794.63,New,US,0,Stores,2024-08-11
United States,10236.9,Returning,US,0,Ecom,2024-08-11
United States,9102.14,Returning,US,0,Stores,2024-08-11
United States,7393.77,New,US,0,Ecom,2024-08-12
United States,8612.86,New,US,0,Stores,2024-08-12
United States,9290.05,Returning,US,0,Ecom,2024-08-12
United States,5622.13,Returning,US,0,Stores,2024-08-12
United States,7838.67,New,US,0,Ecom,2024-08-13
United States,7076.3,New,US,0,Stores,2024-08-13
United States,17109.34,Returning,US,0,Ecom,2024-08-13
United States,2922.76,Returning,US,0,Stores,2024-08-13
United States,19228.26,New,US,0,Ecom,2024-08-14
United States,3317.97,New,US,0,Stores,2024-08-14
United States,11414.86,Returning,US,0,Ecom,2024-08-14
United States,408.77,Returning,US,0,Stores,2024-08-14
United States,17884.89,New,US,0,Ecom,2024-08-15
United States,5568.33,New,US,0,Stores,2024-08-15
United States,9353.25,Returning,US,0,Ecom,2024-08-15
United States,600.63,Returning,US,0,Stores,2024-08-15
United States,8204.1,New,US,0,Ecom,2024-08-16
United States,9342.92,New,US,0,Stores,2024-08-16
United States,4639.69,Returning,US,0,Ecom,2024-08-16
United States,8769.88,Returning,US,0,Stores,2024-08-16
United States,6216.76,New,US,0,Ecom,2024-08-17
United States,6272.79,New,US,0,Stores,2024-08-17
United States,11011.57,Returning,US,0,Ecom,2024-08-17
United States,6359.86,Returning,US,0,Stores,2024-08-17
United States,13427.2,New,US,0,Ecom,2024-08-18
United States,8916.84,New,US,0,Stores,2024-08-18
United States,7686.46,Returning,US,0,Ecom,2024-08-18
United States,535.55,Returning,US,0,Stores,2024-08-18
United States,12551.85,New,US,0,Ecom,2024-08-19
United States,3441.41,New,US,0,Stores,2024-08-19
United States,12587.26,Returning,US,0,Ecom,2024-08-19
United States,3889.1,Returning,US,0,Stores,2024-08-19
United States,8436.27,New,US,0,Ecom,2024-08-20
United States,4577.39,New,US,0,Stores,2024-08-20
United States,10808.8,Returning,US,0,Ecom,2024-08-20
United States,5034.13,Returning,US,0,Stores,2024-08-20
United States,10346.24,New,US,0,Ecom,2024-08-21
United States,12529.67,New,US,0,Stores,2024-08-21
United States,1484.81,Returning,US,0,Ecom,2024-08-21
United States,5677.97,Returning,US,0,Stores,2024-08-21
United States,12244.25,New,US,0,Ecom,2024-08-22
United States,4703.28,New,US,0,Stores,2024-08-22
United States,8143.91,Returning,US,0,Ecom,2024-08-22
United States,2316.56,Returning,US,0,Stores,2024-08-22
United States,15378.17,New,US,0,Ecom,2024-08-23
United States,6361.58,New,US,0,Stores,2024-08-23
United States,6997.78,Returning,US,0,Ecom,2024-08-23
United States,1710.08,Returning,US,0,Stores,2024-08-23
United States,14498.47,New,US,0,Ecom,2024-08-24
United States,2466.48,New,US,0,Stores,2024-08-24
United States,11187.18,Returning,US,0,Ecom,2024-08-24
United States,2494.2,Returning,US,0,Stores,2024-08-24
United States,8775.28,New,US,0,Ecom,2024-08-25
United States,9757.09,New,US,0,Stores,2024-08-25
United States,9766.87,Returning,US,0,Ecom,2024-08-25
United States,2993.83,Returning,US,0,Stores,2024-08-25
United States,6983.19,New,US,0,Ecom,2024-08-26
United States,13286.32,New,US,0,Stores,2024-08-26
United States,2875.82,Returning,US,0,Ecom,2024-08-26
United States,7209.72,Returning,US,0,Stores,2024-08-26
United States,20811.85,New,US,0,Ecom,2024-08-27
United States,3757.67,New,US,0,Stores,2024-08-27
United States,5107.59,Returning,US,0,Ecom,2024-08-27
United States,4234.76,Returning,US,0,Stores,2024-08-27
United States,7729.29,New,US,0,Ecom,2024-08-28
United States,10637.12,New,US,0,Stores,2024-08-28
United States,7675.13,Returning,US,0,Ecom,2024-08-28
United States,5461.34,Returning,US,0,Stores,2024-08-28
United States,17455.28,New,US,0,Ecom,2024-08-29
United States,6665.77,New,US,0,Stores,2024-08-29
United States,9460.6,Returning,US,0,Ecom,2024-08-29
United States,1506.31,Returning,US,0,Stores,2024-08-29
United States,13087.53,New,US,0,Ecom,2024-08-30
United States,9211.04,New,US,0,Stores,2024-08-30
United States,8741.33,Returning,US,0,Ecom,2024-08-30
United States,2749.97,Returning,US,0,Stores,2024-08-30
United States,9404.76,New,US,0,Ecom,2024-08-31
United States,6085.96,New,US,0,Stores,2024-08-31
United States,16267.69,Returning,US,0,Ecom,2024-08-31
United States,1401.09,Returning,US,0,Stores,2024-08-31
United States,7662.17,New,US,0,Ecom,2024-09-01
United States,1903.37,New,US,0,Stores,2024-09-01
United States,16735.6,Returning,US,0,Ecom,2024-09-01
United States,1367.67,Returning,US,0,Stores,2024-09-01
United States,13420.87,New,US,0,Ecom,2024-09-02
United States,10739.09,New,US,0,Stores,2024-09-02
United States,6604.86,Returning,US,0,Ecom,2024-09-02
United States,677.15,Returning,US,0,Stores,2024-09-02
United States,3459.93,New,US,0,Ecom,2024-09-03
United States,22418.84,New,US,0,Stores,2024-09-03
United States,1015.54,Returning,US,0,Ecom,2024-09-03
United States,3066.77,Returning,US,0,Stores,2024-09-03
United States,12926.84,New,US,0,Ecom,2024-09-04
United States,12702.28,New,US,0,Stores,2024-09-04
United States,4368.26,Returning,US,0,Ecom,2024-09-04
United States,542.04,Returning,US,0,Stores,2024-09-04
United States,4322.01,New,US,0,Ecom,2024-09-05
United States,8409.05,New,US,0,Stores,2024-09-05
United States,11076.56,Returning,US,0,Ecom,2024-09-05
United States,2922.45,Returning,US,0,Stores,2024-09-05
United States,18121.77,New,US,0,Ecom,2024-09-06
United States,8253.87,New,US,0,Stores,2024-09-06
United States,6212.95,Returning,US,0,Ecom,2024-09-06
United States,496.11,Returning,US,0,Stores,2024-09-06
United States,8525.89,New,US,0,Ecom,2024-09-07
United States,1634.85,New,US,0,Stores,2024-09-07
United States,6292.98,Returning,US,0,Ecom,2024-09-07
United States,17428.86,Returning,US,0,Stores,2024-09-07
United States,18704.18,New,US,0,Ecom,2024-09-08
United States,1961.91,New,US,0,Stores,2024-09-08
United States,12257.81,Returning,US,0,Ecom,2024-09-08
United States,754.53,Returning,US,0,Stores,2024-09-08
United States,18903.82,New,US,0,Ecom,2024-09-09
United States,4385.78,New,US,0,Stores,2024-09-09
United States,1734.12,Returning,US,0,Ecom,2024-09-09
United States,5825.06,Returning,US,0,Stores,2024-09-09
United States,6833.55,New,US,0,Ecom,2024-09-10
United States,18347.98,New,US,0,Stores,2024-09-10
United States,7448.03,Returning,US,0,Ecom,2024-09-10
United States,3564.76,Returning,US,0,Stores,2024-09-10
United States,16890.71,New,US,0,Ecom,2024-09-11
United States,5073.94,New,US,0,Stores,2024-09-11
United States,10325.19,Returning,US,0,Ecom,2024-09-11
United States,991.77,Returning,US,0,Stores,2024-09-11
United States,6931.85,New,US,0,Ecom,2024-09-12
United States,4958.29,New,US,0,Stores,2024-09-12
United States,20387.65,Returning,US,0,Ecom,2024-09-12
United States,4178.11,Returning,US,0,Stores,2024-09-12
United States,11485.78,New,US,0,Ecom,2024-09-13
United States,5210.49,New,US,0,Stores,2024-09-13
United States,4837.17,Returning,US,0,Ecom,2024-09-13
United States,13512.43,Returning,US,0,Stores,2024-09-13
United States,18231.9,New,US,0,Ecom,2024-09-14
United States,2400.02,New,US,0,Stores,2024-09-14
United States,12407.74,Returning,US,0,Ecom,2024-09-14
United States,97.28,Returning,US,0,Stores,2024-09-14
United States,18130.92,New,US,0,Ecom,2024-09-15
United States,3588.42,New,US,0,Stores,2024-09-15
United States,13448.84,Returning,US,0,Ecom,2024-09-15
United States,331.62,Returning,US,0,Stores,2024-09-15
United States,10391.74,New,US,0,Ecom,2024-09-16
United States,9497.69,New,US,0,Stores,2024-09-16
United States,13230.27,Returning,US,0,Ecom,2024-09-16
United States,361.85,Returning,US,0,Stores,2024-09-16
United States,7117.53,New,US,0,Ecom,2024-09-17
United States,9162.15,New,US,0,Stores,2024-09-17
United States,10077.89,Returning,US,0,Ecom,2024-09-17
United States,4055.84,Returning,US,0,Stores,2024-09-17
United States,18779.88,New,US,0,Ecom,2024-09-18
United States,2116.58,New,US,0,Stores,2024-09-18
United States,5440.85,Returning,US,0,Ecom,2024-09-18
United States,3314.33,Returning,US,0,Stores,2024-09-18
United States,14756.63,New,US,0,Ecom,2024-09-19
United States,3902.37,New,US,0,Stores,2024-09-19
United States,5232.07,Returning,US,0,Ecom,2024-09-19
United States,6025.5,Returning,US,0,Stores,2024-09-19
United States,19390.44,New,US,0,Ecom,2024-09-20
United States,1601.19,New,US,0,Stores,2024-09-20
United States,1777.98,Returning,US,0,Ecom,2024-09-20
United States,7876.48,Returning,US,0,Stores,2024-09-20
United States,13760.1,New,US,0,Ecom,2024-09-21
United States,4177.76,New,US,0,Stores,2024-09-21
United States,15460.26,Returning,US,0,Ecom,2024-09-21
United States,1389.17,Returning,US,0,Stores,2024-09-21
United States,16311.56,New,US,0,Ecom,2024-09-22
United States,44.95,New,US,0,Stores,2024-09-22
United States,5761.65,Returning,US,0,Ecom,2024-09-22
United States,10755.06,Returning,US,0,Stores,2024-09-22
United States,6304.25,New,US,0,Ecom,2024-09-23
United States,13084.36,New,US,0,Stores,2024-09-23
United States,9118.07,Returning,US,0,Ecom,2024-09-23
United States,2283.6,Returning,US,0,Stores,2024-09-23
United States,17846.13,New,US,0,Ecom,2024-09-24
United States,7574.1,New,US,0,Stores,2024-09-24
United States,3774.73,Returning,US,0,Ecom,2024-09-24
United States,2656.71,Returning,US,0,Stores,2024-09-24
United States,10621.76,New,US,0,Ecom,2024-09-25
United States,12006.31,New,US,0,Stores,2024-09-25
United States,1784.17,Returning,US,0,Ecom,2024-09-25
United States,5675.89,Returning,US,0,Stores,2024-09-25
United States,14400.9,New,US,0,Ecom,2024-09-26
United States,4712.74,New,US,0,Stores,2024-09-26
United States,12468.84,Returning,US,0,Ecom,2024-09-26
United States,2891.12,Returning,US,0,Stores,2024-09-26
United States,2145.35,New,US,0,Ecom,2024-09-27
United States,15409.14,New,US,0,Stores,2024-09-27
United States,12064.29,Returning,US,0,Ecom,2024-09-27
United States,4551.45,Returning,US,0,Stores,2024-09-27
United States,6887.61,New,US,0,Ecom,2024-09-28
United States,21181.56,New,US,0,Stores,2024-09-28
United States,1537.77,Returning,US,0,Ecom,2024-09-28
United States,2109.42,Returning,US,0,Stores,2024-09-28
United States,2878.54,New,US,0,Ecom,2024-09-29
United States,4774.0,New,US,0,Stores,2024-09-29
United States,19558.18,Returning,US,0,Ecom,2024-09-29
United States,4645.97,Returning,US,0,Stores,2024-09-29
United States,28451.13,New,US,0,Ecom,2024-09-30
United States,563.02,New,US,0,Stores,2024-09-30
United States,1224.23,Returning,US,0,Ecom,2024-09-30
United States,110.58,Returning,US,0,Stores,2024-09-30
United States,1424.97,New,US,0,Ecom,2024-10-01
United States,16693.21,New,US,0,Stores,2024-10-01
United States,17799.1,Returning,US,0,Ecom,2024-10-01
United States,572.37,Returning,US,0,Stores,2024-10-01
United States,13739.94,New,US,0,Ecom,2024-10-02
United States,3681.34,New,US,0,Stores,2024-10-02
United States,15036.53,Returning,US,0,Ecom,2024-10-02
United States,3634.18,Returning,US,0,Stores,2024-10-02
United States,6440.46,New,US,0,Ecom,2024-10-03
United States,2369.86,New,US,0,Stores,2024-10-03
United States,9746.6,Returning,US,0,Ecom,2024-10-03
United States,12552.29,Returning,US,0,Stores,2024-10-03
United States,4938.89,New,US,0,Ecom,2024-10-04
United States,4645.83,New,US,0,Stores,2024-10-04
United States,13935.22,Returning,US,0,Ecom,2024-10-04
United States,4025.11,Returning,US,0,Stores,2024-10-04
United States,11975.12,New,US,0,Ecom,2024-10-05
United States,5369.49,New,US,0,Stores,2024-10-05
United States,4191.92,Returning,US,0,Ecom,2024-10-05
United States,4308.81,Returning,US,0,Stores,2024-10-05
United States,10401.76,New,US,0,Ecom,2024-10-06
United States,10339.95,New,US,0,Stores,2024-10-06
United States,5124.34,Returning,US,0,Ecom,2024-10-06
United States,5696.23,Returning,US,0,Stores,2024-10-06
United States,20921.07,New,US,0,Ecom,2024-10-07
United States,1389.49,New,US,0,Stores,2024-10-07
United States,5263.0,Returning,US,0,Ecom,2024-10-07
United States,136.46,Returning,US,0,Stores,2024-10-07
United States,16235.28,New,US,0,Ecom,2024-10-08
United States,8594.48,New,US,0,Stores,2024-10-08
United States,7154.06,Returning,US,0,Ecom,2024-10-08
United States,1472.2,Returning,US,0,Stores,2024-10-08
United States,3418.61,New,US,0,Ecom,2024-10-09
United States,18841.54,New,US,0,Stores,2024-10-09
United States,5704.81,Returning,US,0,Ecom,2024-10-09
United States,1131.53,Returning,US,0,Stores,2024-10-09
United States,16110.4,New,US,0,Ecom,2024-10-10
United States,12544.85,New,US,0,Stores,2024-10-10
United States,3048.16,Returning,US,0,Ecom,2024-10-10
United States,1968.66,Returning,US,0,Stores,2024-10-10
United States,8258.22,New,US,0,Ecom,2024-10-11
United States,6948.63,New,US,0,Stores,2024-10-11
United States,14782.57,Returning,US,0,Ecom,2024-10-11
United States,1335.23,Returning,US,0,Stores,2024-10-11
United States,24063.26,New,US,0,Ecom,2024-10-12
United States,4624.74,New,US,0,Stores,2024-10-12
United States,8766.11,Returning,US,0,Ecom,2024-10-12
United States,941.76,Returning,US,0,Stores,2024-10-12
United States,11913.55,New,US,0,Ecom,2024-10-13
United States,7427.15,New,US,0,Stores,2024-10-13
United States,10346.3,Returning,US,0,Ecom,2024-10-13
United States,2120.5,Returning,US,0,Stores,2024-10-13
United States,16658.83,New,US,0,Ecom,2024-10-14
United States,3054.88,New,US,0,Stores,2024-10-14
United States,6563.63,Returning,US,0,Ecom,2024-10-14
United States,6396.46,Returning,US,0,Stores,2024-10-14
United States,13193.68,New,US,0,Ecom,2024-10-15
United States,6821.45,New,US,0,Stores,2024-10-15
United States,9419.96,Returning,US,0,Ecom,2024-10-15
United States,2394.52,Returning,US,0,Stores,2024-10-15
United States,15165.11,New,US,0,Ecom,2024-10-16
United States,5554.13,New,US,0,Stores,2024-10-16
United States,12035.83,Returning,US,0,Ecom,2024-10-16
United States,850.22,Returning,US,0,Stores,2024-10-16
United States,6614.66,New,US,0,Ecom,2024-10-17
United States,11814.45,New,US,0,Stores,2024-10-17
United States,9036.5,Returning,US,0,Ecom,2024-10-17
United States,23.46,Returning,US,0,Stores,2024-10-17
United States,7137.87,New,US,0,Ecom,2024-10-18
United States,10725.06,New,US,0,Stores,2024-10-18
United States,4569.51,Returning,US,0,Ecom,2024-10-18
United States,4878.22,Returning,US,0,Stores,2024-10-18
United States,8649.1,New,US,0,Ecom,2024-10-19
United States,5444.48,New,US,0,Stores,2024-10-19
United States,4479.81,Returning,US,0,Ecom,2024-10-19
United States,7456.08,Returning,US,0,Stores,2024-10-19
United States,18050.28,New,US,0,Ecom,2024-10-20
United States,7118.47,New,US,0,Stores,2024-10-20
United States,3476.75,Returning,US,0,Ecom,2024-10-20
United States,588.68,Returning,US,0,Stores,2024-10-20
United States,7433.47,New,US,0,Ecom,2024-10-21
United States,8018.1,New,US,0,Stores,2024-10-21
United States,4361.15,Returning,US,0,Ecom,2024-10-21
United States,5918.57,Returning,US,0,Stores,2024-10-21
United States,14786.61,New,US,0,Ecom,2024-10-22
United States,7578.36,New,US,0,Stores,2024-10-22
United States,6764.98,Returning,US,0,Ecom,2024-10-22
United States,1168.92,Returning,US,0,Stores,2024-10-22
United States,13745.45,New,US,0,Ecom,2024-10-23
United States,7691.88,New,US,0,Stores,2024-10-23
United States,2245.85,Returning,US,0,Ecom,2024-10-23
United States,3064.23,Returning,US,0,Stores,2024-10-23
United States,9723.92,New,US,0,Ecom,2024-10-24
United States,2618.84,New,US,0,Stores,2024-10-24
United States,14256.88,Returning,US,0,Ecom,2024-10-24
United States,53.65,Returning,US,0,Stores,2024-10-24
United States,15060.55,New,US,0,Ecom,2024-10-25
United States,12437.79,New,US,0,Stores,2024-10-25
United States,1528.0,Returning,US,0,Ecom,2024-10-25
United States,1471.5,Returning,US,0,Stores,2024-10-25
United States,14893.24,New,US,0,Ecom,2024-10-26
United States,3992.83,New,US,0,Stores,2024-10-26
United States,9165.57,Returning,US,0,Ecom,2024-10-26
United States,1276.1,Returning,US,0,Stores,2024-10-26
United States,10007.84,New,US,0,Ecom,2024-10-27
United States,1554.38,New,US,0,Stores,2024-10-27
United States,8152.99,Returning,US,0,Ecom,2024-10-27
United States,9754.57,Returning,US,0,Stores,2024-10-27
United States,9843.95,New,US,0,Ecom,2024-10-28
United States,19108.54,New,US,0,Stores,2024-10-28
United States,1716.49,Returning,US,0,Ecom,2024-10-28
United States,546.21,Returning,US,0,Stores,2024-10-28
United States,12036.87,New,US,0,Ecom,2024-10-29
United States,9502.35,New,US,0,Stores,2024-10-29
United States,7910.88,Returning,US,0,Ecom,2024-10-29
United States,1198.22,Returning,US,0,Stores,2024-10-29
United States,8720.91,New,US,0,Ecom,2024-10-30
United States,4178.99,New,US,0,Stores,2024-10-30
United States,6962.46,Returning,US,0,Ecom,2024-10-30
United States,11023.79,Returning,US,0,Stores,2024-10-30
United States,12633.32,New,US,0,Ecom,2024-10-31
United States,9289.57,New,US,0,Stores,2024-10-31
United States,6658.06,Returning,US,0,Ecom,2024-10-31
United States,5558.33,Returning,US,0,Stores,2024-10-31
United States,13855.26,New,US,0,Ecom,2024-11-01
United States,11068.56,New,US,0,Stores,2024-11-01
United States,4373.48,Returning,US,0,Ecom,2024-11-01
United States,765.97,Returning,US,0,Stores,2024-11-01
United States,8208.07,New,US,0,Ecom,2024-11-02
United States,7526.03,New,US,0,Stores,2024-11-02
United States,8780.22,Returning,US,0,Ecom,2024-11-02
United States,6062.37,Returning,US,0,Stores,2024-11-02
United States,9922.6,New,US,0,Ecom,2024-11-03
United States,8450.78,New,US,0,Stores,2024-11-03
United States,10928.88,Returning,US,0,Ecom,2024-11-03
United States,846.97,Returning,US,0,Stores,2024-11-03
United States,11590.28,New,US,0,Ecom,2024-11-04
United States,6404.48,New,US,0,Stores,2024-11-04
United States,5264.41,Returning,US,0,Ecom,2024-11-04
United States,7335.93,Returning,US,0,Stores,2024-11-04
United States,6809.68,New,US,0,Ecom,2024-11-05
United States,1329.49,New,US,0,Stores,2024-11-05
United States,14216.49,Returning,US,0,Ecom,2024-11-05
United States,9502.6,Returning,US,0,Stores,2024-11-05
United States,19242.24,New,US,0,Ecom,2024-11-06
United States,480.83,New,US,0,Stores,2024-11-06
United States,7891.92,Returning,US,0,Ecom,2024-11-06
United States,2703.53,Returning,US,0,Stores,2024-11-06
United States,20501.26,New,US,0,Ecom,2024-11-07
United States,6644.26,New,US,0,Stores,2024-11-07
United States,2278.71,Returning,US,0,Ecom,2024-11-07
United States,2985.52,Returning,US,0,Stores,2024-11-07
United States,11978.33,New,US,0,Ecom,2024-11-08
United States,10687.02,New,US,0,Stores,2024-11-08
United States,5057.5,Returning,US,0,Ecom,2024-11-08
United States,6709.64,Returning,US,0,Stores,2024-11-08
United States,17404.23,New,US,0,Ecom,2024-11-09
United States,12190.23,New,US,0,Stores,2024-11-09
United States,2884.76,Returning,US,0,Ecom,2024-11-09
United States,3103.97,Returning,US,0,Stores,2024-11-09
United States,13264.58,New,US,0,Ecom,2024-11-10
United States,10681.32,New,US,0,Stores,2024-11-10
United States,6019.69,Returning,US,0,Ecom,2024-11-10
United States,1847.08,Returning,US,0,Stores,2024-11-10
United States,14601.6,New,US,0,Ecom,2024-11-11
United States,7708.54,New,US,0,Stores,2024-11-11
United States,3822.89,Returning,US,0,Ecom,2024-11-11
United States,6093.73,Returning,US,0,Stores,2024-11-11
United States,15664.37,New,US,0,Ecom,2024-11-12
United States,14901.24,New,US,0,Stores,2024-11-12
United States,1134.16,Returning,US,0,Ecom,2024-11-12
United States,1928.49,Returning,US,0,Stores,2024-11-12
United States,24986.95,New,US,0,Ecom,2024-11-13
United States,2265.07,New,US,0,Stores,2024-11-13
United States,6429.68,Returning,US,0,Ecom,2024-11-13
United States,3684.76,Returning,US,0,Stores,2024-11-13
United States,5471.28,New,US,0,Ecom,2024-11-14
United States,12287.94,New,US,0,Stores,2024-11-14
United States,2934.87,Returning,US,0,Ecom,2024-11-14
United States,7681.26,Returning,US,0,Stores,2024-11-14
United States,25143.96,New,US,0,Ecom,2024-11-15
United States,1847.1,New,US,0,Stores,2024-11-15
United States,4632.39,Returning,US,0,Ecom,2024-11-15
United States,2564.61,Returning,US,0,Stores,2024-11-15
United States,5209.21,New,US,0,Ecom,2024-11-16
United States,7539.09,New,US,0,Stores,2024-11-16
United States,9288.2,Returning,US,0,Ecom,2024-11-16
United States,12575.53,Returning,US,0,Stores,2024-11-16
United States,8129.94,New,US,0,Ecom,2024-11-17
United States,8765.49,New,US,0,Stores,2024-11-17
United States,3394.78,Returning,US,0,Ecom,2024-11-17
United States,16056.48,Returning,US,0,Stores,2024-11-17
United States,11213.65,New,US,0,Ecom,2024-11-18
United States,21830.01,New,US,0,Stores,2024-11-18
United States,3021.0,Returning,US,0,Ecom,2024-11-18
United States,190.83,Returning,US,0,Stores,2024-11-18
United States,8250.52,New,US,0,Ecom,2024-11-19
United States,2851.23,New,US,0,Stores,2024-11-19
United States,14808.54,Returning,US,0,Ecom,2024-11-19
United States,7613.61,Returning,US,0,Stores,2024-11-19
United States,10616.55,New,US,0,Ecom,2024-11-20
United States,7057.24,New,US,0,Stores,2024-11-20
United States,12619.97,Returning,US,0,Ecom,2024-11-20
United States,1375.08,Returning,US,0,Stores,2024-11-20
United States,6016.04,New,US,0,Ecom,2024-11-21
United States,3975.78,New,US,0,Stores,2024-11-21
United States,8985.59,Returning,US,0,Ecom,2024-11-21
United States,10887.91,Returning,US,0,Stores,2024-11-21
United States,15898.3,New,US,0,Ecom,2024-11-22
United States,7288.78,New,US,0,Stores,2024-11-22
United States,6865.41,Returning,US,0,Ecom,2024-11-22
United States,2563.56,Returning,US,0,Stores,2024-11-22
United States,11782.79,New,US,0,Ecom,2024-11-23
United States,5449.4,New,US,0,Stores,2024-11-23
United States,11620.15,Returning,US,0,Ecom,2024-11-23
United States,404.38,Returning,US,0,Stores,2024-11-23
United States,12758.28,New,US,0,Ecom,2024-11-24
United States,9464.26,New,US,0,Stores,2024-11-24
United States,7883.61,Returning,US,0,Ecom,2024-11-24
United States,655.87,Returning,US,0,Stores,2024-11-24
United States,8956.02,New,US,0,Ecom,2024-11-25
United States,8729.74,New,US,0,Stores,2024-11-25
United States,9993.91,Returning,US,0,Ecom,2024-11-25
United States,2273.26,Returning,US,0,Stores,2024-11-25
United States,11768.15,New,US,0,Ecom,2024-11-26
United States,1370.36,New,US,0,Stores,2024-11-26
United States,7331.26,Returning,US,0,Ecom,2024-11-26
United States,8827.29,Returning,US,0,Stores,2024-11-26
United States,4646.91,New,US,0,Ecom,2024-11-27
United States,2529.12,New,US,0,Stores,2024-11-27
United States,3791.03,Returning,US,0,Ecom,2024-11-27
United States,20559.58,Returning,US,0,Stores,2024-11-27
United States,12842.04,New,US,0,Ecom,2024-11-28
United States,6105.49,New,US,0,Stores,2024-11-28
United States,3806.08,Returning,US,0,Ecom,2024-11-28
United States,7032.5,Returning,US,0,Stores,2024-11-28
United States,9536.65,New,US,0,Ecom,2024-11-29
United States,9319.49,New,US,0,Stores,2024-11-29
United States,7414.45,Returning,US,0,Ecom,2024-11-29
United States,5375.3,Returning,US,0,Stores,2024-11-29
United States,9784.82,New,US,0,Ecom,2024-11-30
United States,12945.67,New,US,0,Stores,2024-11-30
United States,9002.22,Returning,US,0,Ecom,2024-11-30
United States,3421.74,Returning,US,0,Stores,2024-11-30
United States,2914.7,New,US,0,Ecom,2024-12-01
United States,20231.01,New,US,0,Stores,2024-12-01
United States,4998.46,Returning,US,0,Ecom,2024-12-01
United States,5037.19,Returning,US,0,Stores,2024-12-01
United States,17949.53,New,US,0,Ecom,2024-12-02
United States,3180.36,New,US,0,Stores,2024-12-02
United States,3331.22,Returning,US,0,Ecom,2024-12-02
United States,4040.76,Returning,US,0,Stores,2024-12-02
United States,11399.01,New,US,0,Ecom,2024-12-03
United States,7365.03,New,US,0,Stores,2024-12-03
United States,10723.03,Returning,US,0,Ecom,2024-12-03
United States,2221.8,Returning,US,0,Stores,2024-12-03
United States,11933.88,New,US,0,Ecom,2024-12-04
United States,13269.99,New,US,0,Stores,2024-12-04
United States,5383.01,Returning,US,0,Ecom,2024-12-04
United States,514.29,Returning,US,0,Stores,2024-12-04
United States,19749.72,New,US,0,Ecom,2024-12-05
United States,4216.68,New,US,0,Stores,2024-12-05
United States,3876.67,Returning,US,0,Ecom,2024-12-05
United States,8866.56,Returning,US,0,Stores,2024-12-05
United States,17853.46,New,US,0,Ecom,2024-12-06
United States,7109.1,New,US,0,Stores,2024-12-06
United States,2199.33,Returning,US,0,Ecom,2024-12-06
United States,4340.9,Returning,US,0,Stores,2024-12-06
United States,10440.78,New,US,0,Ecom,2024-12-07
United States,6455.63,New,US,0,Stores,2024-12-07
United States,14315.35,Returning,US,0,Ecom,2024-12-07
United States,2784.03,Returning,US,0,Stores,2024-12-07
United States,14559.38,New,US,0,Ecom,2024-12-08
United States,4181.24,New,US,0,Stores,2024-12-08
United States,9014.28,Returning,US,0,Ecom,2024-12-08
United States,4670.79,Returning,US,0,Stores,2024-12-08
United States,2927.1,New,US,0,Ecom,2024-12-09
United States,7786.33,New,US,0,Stores,2024-12-09
United States,14864.47,Returning,US,0,Ecom,2024-12-09
United States,4414.45,Returning,US,0,Stores,2024-12-09
United States,2809.84,New,US,0,Ecom,2024-12-10
United States,4864.92,New,US,0,Stores,2024-12-10
United States,23226.05,Returning,US,0,Ecom,2024-12-10
United States,2218.51,Returning,US,0,Stores,2024-12-10
United States,21947.29,New,US,0,Ecom,2024-12-11
United States,2148.34,New,US,0,Stores,2024-12-11
United States,6770.9,Returning,US,0,Ecom,2024-12-11
United States,1423.54,Returning,US,0,Stores,2024-12-11
United States,10254.74,New,US,0,Ecom,2024-12-12
United States,2029.19,New,US,0,Stores,2024-12-12
United States,17707.47,Returning,US,0,Ecom,2024-12-12
United States,1111.74,Returning,US,0,Stores,2024-12-12
United States,4327.87,New,US,0,Ecom,2024-12-13
United States,5103.22,New,US,0,Stores,2024-12-13
United States,21080.46,Returning,US,0,Ecom,2024-12-13
United States,3977.15,Returning,US,0,Stores,2024-12-13
United States,10914.19,New,US,0,Ecom,2024-12-14
United States,7503.26,New,US,0,Stores,2024-12-14
United States,11701.88,Returning,US,0,Ecom,2024-12-14
United States,322.0,Returning,US,0,Stores,2024-12-14
United States,13340.2,New,US,0,Ecom,2024-12-15
United States,1194.36,New,US,0,Stores,2024-12-15
United States,13577.25,Returning,US,0,Ecom,2024-12-15
United States,2268.41,Returning,US,0,Stores,2024-12-15
United States,16893.85,New,US,0,Ecom,2024-12-16
United States,3638.66,New,US,0,Stores,2024-12-16
United States,3635.76,Returning,US,0,Ecom,2024-12-16
United States,4031.57,Returning,US,0,Stores,2024-12-16
United States,13307.03,New,US,0,Ecom,2024-12-17
United States,10370.57,New,US,0,Stores,2024-12-17
United States,2669.69,Returning,US,0,Ecom,2024-12-17
United States,4242.76,Returning,US,0,Stores,2024-12-17
United States,17275.97,New,US,0,Ecom,2024-12-18
United States,6544.09,New,US,0,Stores,2024-12-18
United States,2561.1,Returning,US,0,Ecom,2024-12-18
United States,1919.68,Returning,US,0,Stores,2024-12-18
United States,12066.04,New,US,0,Ecom,2024-12-19
United States,12712.12,New,US,0,Stores,2024-12-19
United States,8832.4,Returning,US,0,Ecom,2024-12-19
United States,3187.89,Returning,US,0,Stores,2024-12-19
United States,8650.81,New,US,0,Ecom,2024-12-20
United States,3804.98,New,US,0,Stores,2024-12-20
United States,12040.28,Returning,US,0,Ecom,2024-12-20
United States,4329.98,Returning,US,0,Stores,2024-12-20
United States,19551.31,New,US,0,Ecom,2024-12-21
United States,7174.07,New,US,0,Stores,2024-12-21
United States,6225.8,Returning,US,0,Ecom,2024-12-21
United States,2127.44,Returning,US,0,Stores,2024-12-21
United States,6670.84,New,US,0,Ecom,2024-12-22
United States,5024.64,New,US,0,Stores,2024-12-22
United States,12910.82,Returning,US,0,Ecom,2024-12-22
United States,7205.91,Returning,US,0,Stores,2024-12-22
United States,14107.05,New,US,0,Ecom,2024-12-23
United States,3820.59,New,US,0,Stores,2024-12-23
United States,9593.48,Returning,US,0,Ecom,2024-12-23
United States,3569.93,Returning,US,0,Stores,2024-12-23
United States,15944.35,New,US,0,Ecom,2024-12-24
United States,9637.48,New,US,0,Stores,2024-12-24
United States,5875.98,Returning,US,0,Ecom,2024-12-24
United States,571.56,Returning,US,0,Stores,2024-12-24
United States,14575.64,New,US,0,Ecom,2024-12-25
United States,6741.95,New,US,0,Stores,2024-12-25
United States,7530.22,Returning,US,0,Ecom,2024-12-25
United States,753.35,Returning,US,0,Stores,2024-12-25
United States,16968.91,New,US,0,Ecom,2024-12-26
United States,2897.24,New,US,0,Stores,2024-12-26
United States,10121.7,Returning,US,0,Ecom,2024-12-26
United States,967.48,Returning,US,0,Stores,2024-12-26
United States,16515.11,New,US,0,Ecom,2024-12-27
United States,10718.38,New,US,0,Stores,2024-12-27
United States,5534.99,Returning,US,0,Ecom,2024-12-27
United States,92.21,Returning,US,0,Stores,2024-12-27
United States,11579.96,New,US,0,Ecom,2024-12-28
United States,10615.6,New,US,0,Stores,2024-12-28
United States,12563.56,Returning,US,0,Ecom,2024-12-28
United States,2186.77,Returning,US,0,Stores,2024-12-28
United States,11827.89,New,US,0,Ecom,2024-12-29
United States,7517.91,New,US,0,Stores,2024-12-29
United States,6281.8,Returning,US,0,Ecom,2024-12-29
United States,6244.86,Returning,US,0,Stores,2024-12-29
United States,19527.5,New,US,0,Ecom,2024-12-30
United States,3267.65,New,US,0,Stores,2024-12-30
United States,5234.64,Returning,US,0,Ecom,2024-12-30
United States,4177.93,Returning,US,0,Stores,2024-12-30
United States,4361.6,New,US,0,Ecom,2024-12-31
United States,16679.77,New,US,0,Stores,2024-12-31
United States,6078.57,Returning,US,0,Ecom,2024-12-31
United States,2139.73,Returning,US,0,Stores,2024-12-31
United States,9390.27,New,US,0,Ecom,2025-01-01
United States,8299.18,New,US,0,Stores,2025-01-01
United States,8413.94,Returning,US,0,Ecom,2025-01-01
United States,3252.77,Returning,US,0,Stores,2025-01-01
United States,16590.32,New,US,0,Ecom,2025-01-02
United States,4518.95,New,US,0,Stores,2025-01-02
United States,3434.08,Returning,US,0,Ecom,2025-01-02
United States,7191.55,Returning,US,0,Stores,2025-01-02
United States,14192.39,New,US,0,Ecom,2025-01-03
United States,7892.46,New,US,0,Stores,2025-01-03
United States,3879.35,Returning,US,0,Ecom,2025-01-03
United States,4422.81,Returning,US,0,Stores,2025-01-03
United States,5801.62,New,US,0,Ecom,2025-01-04
United States,16808.32,New,US,0,Stores,2025-01-04
United States,9809.5,Returning,US,0,Ecom,2025-01-04
United States,1434.73,Returning,US,0,Stores,2025-01-04
United States,9585.36,New,US,0,Ecom,2025-01-05
United States,9892.66,New,US,0,Stores,2025-01-05
United States,5348.48,Returning,US,0,Ecom,2025-01-05
United States,5380.9,Returning,US,0,Stores,2025-01-05
United States,10735.47,New,US,0,Ecom,2025-01-06
United States,7437.24,New,US,0,Stores,2025-01-06
United States,13326.34,Returning,US,0,Ecom,2025-01-06
United States,49.98,Returning,US,0,Stores,2025-01-06
United States,20562.33,New,US,0,Ecom,2025-01-07
United States,3624.65,New,US,0,Stores,2025-01-07
United States,5041.87,Returning,US,0,Ecom,2025-01-07
United States,2844.45,Returning,US,0,Stores,2025-01-07
United States,8705.65,New,US,0,Ecom,2025-01-08
United States,14173.81,New,US,0,Stores,2025-01-08
United States,6738.09,Returning,US,0,Ecom,2025-01-08
United States,2722.9,Returning,US,0,Stores,2025-01-08
United States,11181.07,New,US,0,Ecom,2025-01-09
United States,13666.06,New,US,0,Stores,2025-01-09
United States,2561.04,Returning,US,0,Ecom,2025-01-09
United States,5382.0,Returning,US,0,Stores,2025-01-09
United States,11681.04,New,US,0,Ecom,2025-01-10
United States,12147.63,New,US,0,Stores,2025-01-10
United States,12694.0,Returning,US,0,Ecom,2025-01-10
United States,89.92,Returning,US,0,Stores,2025-01-10
United States,16036.78,New,US,0,Ecom,2025-01-11
United States,3245.59,New,US,0,Stores,2025-01-11
United States,12597.48,Returning,US,0,Ecom,2025-01-11
United States,1447.55,Returning,US,0,Stores,2025-01-11
United States,29086.52,New,US,0,Ecom,2025-01-12
United States,4573.3,New,US,0,Stores,2025-01-12
United States,2223.56,Returning,US,0,Ecom,2025-01-12
United States,456.26,Returning,US,0,Stores,2025-01-12
United States,7534.91,New,US,0,Ecom,2025-01-13
United States,13097.77,New,US,0,Stores,2025-01-13
United States,2113.07,Returning,US,0,Ecom,2025-01-13
United States,12716.61,Returning,US,0,Stores,2025-01-13
United States,7020.6,New,US,0,Ecom,2025-01-14
United States,11349.99,New,US,0,Stores,2025-01-14
United States,3703.59,Returning,US,0,Ecom,2025-01-14
United States,8301.99,Returning,US,0,Stores,2025-01-14
United States,11755.76,New,US,0,Ecom,2025-01-15
United States,15032.13,New,US,0,Stores,2025-01-15
United States,5040.44,Returning,US,0,Ecom,2025-01-15
United States,733.62,Returning,US,0,Stores,2025-01-15
United States,5736.93,New,US,0,Ecom,2025-01-16
United States,14360.08,New,US,0,Stores,2025-01-16
United States,6824.99,Returning,US,0,Ecom,2025-01-16
United States,3847.97,Returning,US,0,Stores,2025-01-16
United States,7799.06,New,US,0,Ecom,2025-01-17
United States,17225.64,New,US,0,Stores,2025-01-17
United States,5763.5,Returning,US,0,Ecom,2025-01-17
United States,4149.02,Returning,US,0,Stores,2025-01-17
United States,13278.59,New,US,0,Ecom,2025-01-18
United States,14296.56,New,US,0,Stores,2025-01-18
United States,8122.79,Returning,US,0,Ecom,2025-01-18
United States,321.36,Returning,US,0,Stores,2025-01-18
United States,6544.13,New,US,0,Ecom,2025-01-19
United States,6337.86,New,US,0,Stores,2025-01-19
United States,18249.47,Returning,US,0,Ecom,2025-01-19
United States,1400.9,Returning,US,0,Stores,2025-01-19
United States,18567.9,New,US,0,Ecom,2025-01-20
United States,7017.8,New,US,0,Stores,2025-01-20
United States,5071.64,Returning,US,0,Ecom,2025-01-20
United States,5515.64,Returning,US,0,Stores,2025-01-20
United States,2305.71,New,US,0,Ecom,2025-01-21
United States,11007.06,New,US,0,Stores,2025-01-21
United States,9950.59,Returning,US,0,Ecom,2025-01-21
United States,9770.52,Returning,US,0,Stores,2025-01-21
United States,7378.74,New,US,0,Ecom,2025-01-22
United States,10609.33,New,US,0,Stores,2025-01-22
United States,6619.79,Returning,US,0,Ecom,2025-01-22
United States,6552.69,Returning,US,0,Stores,2025-01-22
United States,7676.25,New,US,0,Ecom,2025-01-23
United States,3585.13,New,US,0,Stores,2025-01-23
United States,21544.01,Returning,US,0,Ecom,2025-01-23
United States,590.82,Returning,US,0,Stores,2025-01-23
United States,9784.55,New,US,0,Ecom,2025-01-24
United States,18083.26,New,US,0,Stores,2025-01-24
United States,2033.81,Returning,US,0,Ecom,2025-01-24
United States,2111.99,Returning,US,0,Stores,2025-01-24
United States,15269.88,New,US,0,Ecom,2025-01-25
United States,11311.35,New,US,0,Stores,2025-01-25
United States,4608.25,Returning,US,0,Ecom,2025-01-25
United States,1396.25,Returning,US,0,Stores,2025-01-25
United States,14610.37,New,US,0,Ecom,2025-01-26
United States,5786.31,New,US,0,Stores,2025-01-26
United States,7439.81,Returning,US,0,Ecom,2025-01-26
United States,1562.81,Returning,US,0,Stores,2025-01-26
United States,14171.97,New,US,0,Ecom,2025-01-27
United States,11040.89,New,US,0,Stores,2025-01-27
United States,4727.96,Returning,US,0,Ecom,2025-01-27
United States,4390.75,Returning,US,0,Stores,2025-01-27
United States,12736.93,New,US,0,Ecom,2025-01-28
United States,5063.9,New,US,0,Stores,2025-01-28
United States,9076.57,Returning,US,0,Ecom,2025-01-28
United States,11374.6,Returning,US,0,Stores,2025-01-28
United States,15126.15,New,US,0,Ecom,2025-01-29
United States,11678.18,New,US,0,Stores,2025-01-29
United States,2533.12,Returning,US,0,Ecom,2025-01-29
United States,4044.88,Returning,US,0,Stores,2025-01-29
United States,20657.15,New,US,0,Ecom,2025-01-30
United States,10233.44,New,US,0,Stores,2025-01-30
United States,7219.05,Returning,US,0,Ecom,2025-01-30
United States,46.82,Returning,US,0,Stores,2025-01-30
United States,9390.82,New,US,0,Ecom,2025-01-31
United States,2031.5,New,US,0,Stores,2025-01-31
United States,3605.43,Returning,US,0,Ecom,2025-01-31
United States,13964.86,Returning,US,0,Stores,2025-01-31
United States,7336.47,New,US,0,Ecom,2025-02-01
United States,11744.78,New,US,0,Stores,2025-02-01
United States,9239.7,Returning,US,0,Ecom,2025-02-01
United States,1960.65,Returning,US,0,Stores,2025-02-01
United States,9566.1,New,US,0,Ecom,2025-02-02
United States,1257.75,New,US,0,Stores,2025-02-02
United States,17082.48,Returning,US,0,Ecom,2025-02-02
United States,4921.48,Returning,US,0,Stores,2025-02-02
United States,15229.21,New,US,0,Ecom,2025-02-03
United States,4256.06,New,US,0,Stores,2025-02-03
United States,9250.2,Returning,US,0,Ecom,2025-02-03
United States,6153.02,Returning,US,0,Stores,2025-02-03
United States,13858.52,New,US,0,Ecom,2025-02-04
United States,7622.66,New,US,0,Stores,2025-02-04
United States,7495.75,Returning,US,0,Ecom,2025-02-04
United States,4584.27,Returning,US,0,Stores,2025-02-04
United States,18839.75,New,US,0,Ecom,2025-02-05
United States,9654.85,New,US,0,Stores,2025-02-05
United States,3580.98,Returning,US,0,Ecom,2025-02-05
United States,1160.39,Returning,US,0,Stores,2025-02-05
United States,2525.03,New,US,0,Ecom,2025-02-06
United States,10427.73,New,US,0,Stores,2025-02-06
United States,11558.09,Returning,US,0,Ecom,2025-02-06
United States,8462.13,Returning,US,0,Stores,2025-02-06
United States,6599.31,New,US,0,Ecom,2025-02-07
United States,18246.91,New,US,0,Stores,2025-02-07
United States,4271.36,Returning,US,0,Ecom,2025-02-07
United States,2050.74,Returning,US,0,Stores,2025-02-07
United States,12220.84,New,US,0,Ecom,2025-02-08
United States,7829.24,New,US,0,Stores,2025-02-08
United States,5777.72,Returning,US,0,Ecom,2025-02-08
United States,4537.49,Returning,US,0,Stores,2025-02-08
United States,6759.76,New,US,0,Ecom,2025-02-09
United States,11956.3,New,US,0,Stores,2025-02-09
United States,7059.97,Returning,US,0,Ecom,2025-02-09
United States,5711.86,Returning,US,0,Stores,2025-02-09
United States,18147.21,New,US,0,Ecom,2025-02-10
United States,6841.68,New,US,0,Stores,2025-02-10
United States,4013.41,Returning,US,0,Ecom,2025-02-10
United States,3332.23,Returning,US,0,Stores,2025-02-10
United States,9585.88,New,US,0,Ecom,2025-02-11
United States,19811.37,New,US,0,Stores,2025-02-11
United States,9529.46,Returning,US,0,Ecom,2025-02-11
United States,649.81,Returning,US,0,Stores,2025-02-11
United States,8547.27,New,US,0,Ecom,2025-02-12
United States,6606.12,New,US,0,Stores,2025-02-12
United States,14156.23,Returning,US,0,Ecom,2025-02-12
United States,4283.07,Returning,US,0,Stores,2025-02-12
United States,19186.02,New,US,0,Ecom,2025-02-13
United States,5538.32,New,US,0,Stores,2025-02-13
United States,5030.77,Returning,US,0,Ecom,2025-02-13
United States,3308.98,Returning,US,0,Stores,2025-02-13
United States,5430.99,New,US,0,Ecom,2025-02-14
United States,10872.47,New,US,0,Stores,2025-02-14
United States,19088.85,Returning,US,0,Ecom,2025-02-14
United States,1300.17,Returning,US,0,Stores,2025-02-14
United States,19906.64,New,US,0,Ecom,2025-02-15
United States,5411.21,New,US,0,Stores,2025-02-15
United States,6406.37,Returning,US,0,Ecom,2025-02-15
United States,5839.84,Returning,US,0,Stores,2025-02-15
United States,13549.19,New,US,0,Ecom,2025-02-16
United States,8580.25,New,US,0,Stores,2025-02-16
United States,8095.79,Returning,US,0,Ecom,2025-02-16
United States,56.01,Returning,US,0,Stores,2025-02-16
United States,21278.49,New,US,0,Ecom,2025-02-17
United States,7854.73,New,US,0,Stores,2025-02-17
United States,2995.39,Returning,US,0,Ecom,2025-02-17
United States,4090.16,Returning,US,0,Stores,2025-02-17
United States,17330.89,New,US,0,Ecom,2025-02-18
United States,8665.19,New,US,0,Stores,2025-02-18
United States,4197.61,Returning,US,0,Ecom,2025-02-18
United States,2800.9,Returning,US,0,Stores,2025-02-18
United States,5472.48,New,US,0,Ecom,2025-02-19
United States,6318.66,New,US,0,Stores,2025-02-19
United States,15242.39,Returning,US,0,Ecom,2025-02-19
United States,4585.12,Returning,US,0,Stores,2025-02-19
United States,13538.91,New,US,0,Ecom,2025-02-20
United States,8118.96,New,US,0,Stores,2025-02-20
United States,13862.47,Returning,US,0,Ecom,2025-02-20
United States,1386.86,Returning,US,0,Stores,2025-02-20
United States,8010.94,New,US,0,Ecom,2025-02-21
United States,8611.68,New,US,0,Stores,2025-02-21
United States,11679.27,Returning,US,0,Ecom,2025-02-21
United States,5255.07,Returning,US,0,Stores,2025-02-21
United States,9396.28,New,US,0,Ecom,2025-02-22
United States,17139.0,New,US,0,Stores,2025-02-22
United States,5003.09,Returning,US,0,Ecom,2025-02-22
United States,3568.53,Returning,US,0,Stores,2025-02-22
United States,15018.93,New,US,0,Ecom,2025-02-23
United States,1622.18,New,US,0,Stores,2025-02-23
United States,14225.29,Returning,US,0,Ecom,2025-02-23
United States,3331.55,Returning,US,0,Stores,2025-02-23
United States,9445.3,New,US,0,Ecom,2025-02-24
United States,3783.15,New,US,0,Stores,2025-02-24
United States,14252.71,Returning,US,0,Ecom,2025-02-24
United States,2519.03,Returning,US,0,Stores,2025-02-24
United States,14515.38,New,US,0,Ecom,2025-02-25
United States,12429.53,New,US,0,Stores,2025-02-25
United States,1835.23,Returning,US,0,Ecom,2025-02-25
United States,3717.48,Returning,US,0,Stores,2025-02-25
United States,21665.05,New,US,0,Ecom,2025-02-26
United States,5259.71,New,US,0,Stores,2025-02-26
United States,5792.85,Returning,US,0,Ecom,2025-02-26
United States,172.19,Returning,US,0,Stores,2025-02-26
United States,13666.94,New,US,0,Ecom,2025-02-27
United States,11653.08,New,US,0,Stores,2025-02-27
United States,1795.14,Returning,US,0,Ecom,2025-02-27
United States,5084.52,Returning,US,0,Stores,2025-02-27
United States,5459.78,New,US,0,Ecom,2025-02-28
United States,12837.43,New,US,0,Stores,2025-02-28
United States,7304.18,Returning,US,0,Ecom,2025-02-28
United States,6006.83,Returning,US,0,Stores,2025-02-28
United States,11022.74,New,US,0,Ecom,2025-03-01
United States,7541.82,New,US,0,Stores,2025-03-01
United States,4852.74,Returning,US,0,Ecom,2025-03-01
United States,7550.65,Returning,US,0,Stores,2025-03-01
United States,11225.62,New,US,0,Ecom,2025-03-02
United States,8479.8,New,US,0,Stores,2025-03-02
United States,10559.75,Returning,US,0,Ecom,2025-03-02
United States,576.04,Returning,US,0,Stores,2025-03-02
United States,9653.1,New,US,0,Ecom,2025-03-03
United States,11100.44,New,US,0,Stores,2025-03-03
United States,6852.59,Returning,US,0,Ecom,2025-03-03
United States,6084.1,Returning,US,0,Stores,2025-03-03
United States,18971.56,New,US,0,Ecom,2025-03-04
United States,5577.81,New,US,0,Stores,2025-03-04
United States,6402.53,Returning,US,0,Ecom,2025-03-04
United States,32.13,Returning,US,0,Stores,2025-03-04
United States,14109.86,New,US,0,Ecom,2025-03-05
United States,10864.15,New,US,0,Stores,2025-03-05
United States,10138.32,Returning,US,0,Ecom,2025-03-05
United States,2293.95,Returning,US,0,Stores,2025-03-05
United States,6105.44,New,US,0,Ecom,2025-03-06
United States,7971.07,New,US,0,Stores,2025-03-06
United States,10012.22,Returning,US,0,Ecom,2025-03-06
United States,13386.94,Returning,US,0,Stores,2025-03-06
United States,7647.95,New,US,0,Ecom,2025-03-07
United States,8788.08,New,US,0,Stores,2025-03-07
United States,6562.81,Returning,US,0,Ecom,2025-03-07
United States,7634.3,Returning,US,0,Stores,2025-03-07
United States,13201.41,New,US,0,Ecom,2025-03-08
United States,9542.97,New,US,0,Stores,2025-03-08
United States,11229.22,Returning,US,0,Ecom,2025-03-08
United States,554.37,Returning,US,0,Stores,2025-03-08
United States,5705.05,New,US,0,Ecom,2025-03-09
United States,9771.84,New,US,0,Stores,2025-03-09
United States,7694.54,Returning,US,0,Ecom,2025-03-09
United States,8253.06,Returning,US,0,Stores,2025-03-09
United States,14057.51,New,US,0,Ecom,2025-03-10
United States,10909.08,New,US,0,Stores,2025-03-10
United States,3823.14,Returning,US,0,Ecom,2025-03-10
United States,5081.01,Returning,US,0,Stores,2025-03-10
United States,5684.66,New,US,0,Ecom,2025-03-11
United States,9184.35,New,US,0,Stores,2025-03-11
United States,10673.72,Returning,US,0,Ecom,2025-03-11
United States,6080.64,Returning,US,0,Stores,2025-03-11
United States,15691.34,New,US,0,Ecom,2025-03-12
United States,8949.44,New,US,0,Stores,2025-03-12
United States,4634.24,Returning,US,0,Ecom,2025-03-12
United States,2217.06,Returning,US,0,Stores,2025-03-12
United States,12113.76,New,US,0,Ecom,2025-03-13
United States,3343.52,New,US,0,Stores,2025-03-13
United States,1339.75,Returning,US,0,Ecom,2025-03-13
United States,16072.01,Returning,US,0,Stores,2025-03-13
United States,10787.92,New,US,0,Ecom,2025-03-14
United States,8500.12,New,US,0,Stores,2025-03-14
United States,13946.8,Returning,US,0,Ecom,2025-03-14
United States,1786.42,Returning,US,0,Stores,2025-03-14
United States,3477.08,New,US,0,Ecom,2025-03-15
United States,12888.55,New,US,0,Stores,2025-03-15
United States,16406.85,Returning,US,0,Ecom,2025-03-15
United States,3593.65,Returning,US,0,Stores,2025-03-15
United States,21834.91,New,US,0,Ecom,2025-03-16
United States,4488.27,New,US,0,Stores,2025-03-16
United States,2901.02,Returning,US,0,Ecom,2025-03-16
United States,2123.66,Returning,US,0,Stores,2025-03-16
United States,1337.93,New,US,0,Ecom,2025-03-17
United States,18662.4,New,US,0,Stores,2025-03-17
United States,9538.56,Returning,US,0,Ecom,2025-03-17
United States,1969.35,Returning,US,0,Stores,2025-03-17
United States,17523.0,New,US,0,Ecom,2025-03-18
United States,3579.74,New,US,0,Stores,2025-03-18
United States,2449.3,Returning,US,0,Ecom,2025-03-18
United States,6481.55,Returning,US,0,Stores,2025-03-18
United States,19738.64,New,US,0,Ecom,2025-03-19
United States,2300.56,New,US,0,Stores,2025-03-19
United States,7817.01,Returning,US,0,Ecom,2025-03-19
United States,4366.34,Returning,US,0,Stores,2025-03-19
United States,8627.44,New,US,0,Ecom,2025-03-20
United States,3837.73,New,US,0,Stores,2025-03-20
United States,11705.08,Returning,US,0,Ecom,2025-03-20
United States,11946.54,Returning,US,0,Stores,2025-03-20
United States,8298.76,New,US,0,Ecom,2025-03-21
United States,10511.85,New,US,0,Stores,2025-03-21
United States,9504.15,Returning,US,0,Ecom,2025-03-21
United States,6562.78,Returning,US,0,Stores,2025-03-21
United States,21144.58,New,US,0,Ecom,2025-03-22
United States,8186.57,New,US,0,Stores,2025-03-22
United States,7898.59,Returning,US,0,Ecom,2025-03-22
United States,127.67,Returning,US,0,Stores,2025-03-22
United States,15912.13,New,US,0,Ecom,2025-03-23
United States,11317.64,New,US,0,Stores,2025-03-23
United States,3040.84,Returning,US,0,Ecom,2025-03-23
United States,7726.01,Returning,US,0,Stores,2025-03-23
United States,6372.27,New,US,0,Ecom,2025-03-24
United States,21841.35,New,US,0,Stores,2025-03-24
United States,7013.57,Returning,US,0,Ecom,2025-03-24
United States,1173.79,Returning,US,0,Stores,2025-03-24
United States,14080.52,New,US,0,Ecom,2025-03-25
United States,5284.12,New,US,0,Stores,2025-03-25
United States,9106.57,Returning,US,0,Ecom,2025-03-25
United States,11630.83,Returning,US,0,Stores,2025-03-25
United States,13450.2,New,US,0,Ecom,2025-03-26
United States,7101.9,New,US,0,Stores,2025-03-26
United States,15098.61,Returning,US,0,Ecom,2025-03-26
United States,73.62,Returning,US,0,Stores,2025-03-26
United States,11044.38,New,US,0,Ecom,2025-03-27
United States,7417.19,New,US,0,Stores,2025-03-27
United States,2223.74,Returning,US,0,Ecom,2025-03-27
United States,11572.85,Returning,US,0,Stores,2025-03-27
United States,16965.94,New,US,0,Ecom,2025-03-28
United States,13306.87,New,US,0,Stores,2025-03-28
United States,5803.95,Returning,US,0,Ecom,2025-03-28
United States,682.21,Returning,US,0,Stores,2025-03-28
United States,13374.72,New,US,0,Ecom,2025-03-29
United States,13069.64,New,US,0,Stores,2025-03-29
United States,2792.88,Returning,US,0,Ecom,2025-03-29
United States,3319.33,Returning,US,0,Stores,2025-03-29
United States,16396.41,New,US,0,Ecom,2025-03-30
United States,4857.87,New,US,0,Stores,2025-03-30
United States,9153.08,Returning,US,0,Ecom,2025-03-30
United States,4912.94,Returning,US,0,Stores,2025-03-30
United States,8813.56,New,US,0,Ecom,2025-03-31
United States,23969.45,New,US,0,Stores,2025-03-31
United States,1123.81,Returning,US,0,Ecom,2025-03-31
United States,11032.23,Returning,US,0,Stores,2025-03-31
United States,20233.0,New,US,0,Ecom,2025-04-01
United States,966.66,New,US,0,Stores,2025-04-01
United States,10137.36,Returning,US,0,Ecom,2025-04-01
United States,2300.24,Returning,US,0,Stores,2025-04-01
United States,23304.59,New,US,0,Ecom,2025-04-02
United States,7858.9,New,US,0,Stores,2025-04-02
United States,8031.34,Returning,US,0,Ecom,2025-04-02
United States,4050.1,Returning,US,0,Stores,2025-04-02
United States,9715.71,New,US,0,Ecom,2025-04-03
United States,19526.86,New,US,0,Stores,2025-04-03
United States,6395.09,Returning,US,0,Ecom,2025-04-03
United States,3646.08,Returning,US,0,Stores,2025-04-03
United States,9688.04,New,US,0,Ecom,2025-04-04
United States,12254.81,New,US,0,Stores,2025-04-04
United States,18404.39,Returning,US,0,Ecom,2025-04-04
United States,312.27,Returning,US,0,Stores,2025-04-04
United States,11664.29,New,US,0,Ecom,2025-04-05
United States,3318.68,New,US,0,Stores,2025-04-05
United States,2325.69,Returning,US,0,Ecom,2025-04-05
United States,14463.81,Returning,US,0,Stores,2025-04-05
United States,12222.42,New,US,0,Ecom,2025-04-06
United States,12307.48,New,US,0,Stores,2025-04-06
United States,6446.54,Returning,US,0,Ecom,2025-04-06
United States,2255.66,Returning,US,0,Stores,2025-04-06
United States,9200.58,New,US,0,Ecom,2025-04-07
United States,14002.92,New,US,0,Stores,2025-04-07
United States,12670.16,Returning,US,0,Ecom,2025-04-07
United States,832.94,Returning,US,0,Stores,2025-04-07
United States,14760.63,New,US,0,Ecom,2025-04-08
United States,15235.95,New,US,0,Stores,2025-04-08
United States,8131.16,Returning,US,0,Ecom,2025-04-08
United States,1436.07,Returning,US,0,Stores,2025-04-08
United States,19511.27,New,US,0,Ecom,2025-04-09
United States,887.67,New,US,0,Stores,2025-04-09
United States,5862.19,Returning,US,0,Ecom,2025-04-09
United States,8100.06,Returning,US,0,Stores,2025-04-09
United States,14160.42,New,US,0,Ecom,2025-04-10
United States,3588.86,New,US,0,Stores,2025-04-10
United States,13472.05,Returning,US,0,Ecom,2025-04-10
United States,7150.24,Returning,US,0,Stores,2025-04-10
United States,13001.98,New,US,0,Ecom,2025-04-11
United States,15943.81,New,US,0,Stores,2025-04-11
United States,3564.83,Returning,US,0,Ecom,2025-04-11
United States,1729.11,Returning,US,0,Stores,2025-04-11
United States,10949.52,New,US,0,Ecom,2025-04-12
United States,10429.0,New,US,0,Stores,2025-04-12
United States,12102.59,Returning,US,0,Ecom,2025-04-12
United States,4745.4,Returning,US,0,Stores,2025-04-12
United States,11141.85,New,US,0,Ecom,2025-04-13
United States,13009.48,New,US,0,Stores,2025-04-13
United States,13527.6,Returning,US,0,Ecom,2025-04-13
United States,3790.94,Returning,US,0,Stores,2025-04-13
United States,9209.64,New,US,0,Ecom,2025-04-14
United States,11526.78,New,US,0,Stores,2025-04-14
United States,4198.77,Returning,US,0,Ecom,2025-04-14
United States,11448.97,Returning,US,0,Stores,2025-04-14
United States,17289.18,New,US,0,Ecom,2025-04-15
United States,2185.31,New,US,0,Stores,2025-04-15
United States,15833.23,Returning,US,0,Ecom,2025-04-15
United States,2148.0,Returning,US,0,Stores,2025-04-15
United States,6549.64,New,US,0,Ecom,2025-04-16
United States,15971.75,New,US,0,Stores,2025-04-16
United States,5622.76,Returning,US,0,Ecom,2025-04-16
United States,7458.4,Returning,US,0,Stores,2025-04-16
United States,19668.87,New,US,0,Ecom,2025-04-17
United States,10460.32,New,US,0,Stores,2025-04-17
United States,4414.67,Returning,US,0,Ecom,2025-04-17
United States,1283.97,Returning,US,0,Stores,2025-04-17
United States,27295.37,New,US,0,Ecom,2025-04-18
United States,7280.12,New,US,0,Stores,2025-04-18
United States,965.75,Returning,US,0,Ecom,2025-04-18
United States,2299.58,Returning,US,0,Stores,2025-04-18
United States,10355.55,New,US,0,Ecom,2025-04-19
United States,13533.56,New,US,0,Stores,2025-04-19
United States,7367.34,Returning,US,0,Ecom,2025-04-19
United States,372.89,Returning,US,0,Stores,2025-04-19
United States,19761.7,New,US,0,Ecom,2025-04-20
United States,4969.88,New,US,0,Stores,2025-04-20
United States,6359.29,Returning,US,0,Ecom,2025-04-20
United States,6762.62,Returning,US,0,Stores,2025-04-20
United States,16709.36,New,US,0,Ecom,2025-04-21
United States,13115.16,New,US,0,Stores,2025-04-21
United States,6306.55,Returning,US,0,Ecom,2025-04-21
United States,429.59,Returning,US,0,Stores,2025-04-21
United States,12278.67,New,US,0,Ecom,2025-04-22
United States,2911.81,New,US,0,Stores,2025-04-22
United States,22349.2,Returning,US,0,Ecom,2025-04-22
United States,793.59,Returning,US,0,Stores,2025-04-22
United States,17598.02,New,US,0,Ecom,2025-04-23
United States,14718.26,New,US,0,Stores,2025-04-23
United States,2611.64,Returning,US,0,Ecom,2025-04-23
United States,3617.6,Returning,US,0,Stores,2025-04-23
United States,8845.14,New,US,0,Ecom,2025-04-24
United States,4038.58,New,US,0,Stores,2025-04-24
United States,2874.93,Returning,US,0,Ecom,2025-04-24
United States,18570.05,Returning,US,0,Stores,2025-04-24
United States,5284.1,New,US,0,Ecom,2025-04-25
United States,9273.0,New,US,0,Stores,2025-04-25
United States,13512.59,Returning,US,0,Ecom,2025-04-25
United States,2301.28,Returning,US,0,Stores,2025-04-25
United States,19321.16,New,US,0,Ecom,2025-04-26
United States,3514.79,New,US,0,Stores,2025-04-26
United States,10263.7,Returning,US,0,Ecom,2025-04-26
United States,1488.58,Returning,US,0,Stores,2025-04-26
United States,10214.96,New,US,0,Ecom,2025-04-27
United States,13145.62,New,US,0,Stores,2025-04-27
United States,5205.59,Returning,US,0,Ecom,2025-04-27
United States,10510.87,Returning,US,0,Stores,2025-04-27
United States,32052.99,New,US,0,Ecom,2025-04-28
United States,1938.37,New,US,0,Stores,2025-04-28
United States,1030.32,Returning,US,0,Ecom,2025-04-28
United States,3982.78,Returning,US,0,Stores,2025-04-28
United States,8172.91,New,US,0,Ecom,2025-04-29
United States,3683.73,New,US,0,Stores,2025-04-29
United States,11589.0,Returning,US,0,Ecom,2025-04-29
United States,7769.59,Returning,US,0,Stores,2025-04-29
United States,10882.15,New,US,0,Ecom,2025-04-30
United States,8389.98,New,US,0,Stores,2025-04-30
United States,3659.81,Returning,US,0,Ecom,2025-04-30
United States,10689.16,Returning,US,0,Stores,2025-04-30
United States,4672.94,New,US,0,Ecom,2025-05-01
United States,13210.72,New,US,0,Stores,2025-05-01
United States,10418.62,Returning,US,0,Ecom,2025-05-01
United States,3514.48,Returning,US,0,Stores,2025-05-01
United States,14707.66,New,US,0,Ecom,2025-05-02
United States,2521.96,New,US,0,Stores,2025-05-02
United States,17694.85,Returning,US,0,Ecom,2025-05-02
United States,2943.9,Returning,US,0,Stores,2025-05-02
United States,17267.91,New,US,0,Ecom,2025-05-03
United States,2713.76,New,US,0,Stores,2025-05-03
United States,2130.29,Returning,US,0,Ecom,2025-05-03
United States,11405.11,Returning,US,0,Stores,2025-05-03
United States,11744.98,New,US,0,Ecom,2025-05-04
United States,15658.41,New,US,0,Stores,2025-05-04
United States,6087.99,Returning,US,0,Ecom,2025-05-04
United States,1158.22,Returning,US,0,Stores,2025-05-04
United States,20467.02,New,US,0,Ecom,2025-05-05
United States,11381.8,New,US,0,Stores,2025-05-05
United States,6718.04,Returning,US,0,Ecom,2025-05-05
United States,1759.26,Returning,US,0,Stores,2025-05-05
United States,10872.42,New,US,0,Ecom,2025-05-06
United States,4589.17,New,US,0,Stores,2025-05-06
United States,18728.56,Returning,US,0,Ecom,2025-05-06
United States,190.27,Returning,US,0,Stores,2025-05-06
United States,6149.08,New,US,0,Ecom,2025-05-07
United States,7903.62,New,US,0,Stores,2025-05-07
United States,4476.19,Returning,US,0,Ecom,2025-05-07
United States,15109.04,Returning,US,0,Stores,2025-05-07
United States,15289.62,New,US,0,Ecom,2025-05-08
United States,4690.09,New,US,0,Stores,2025-05-08
United States,12027.44,Returning,US,0,Ecom,2025-05-08
United States,2378.44,Returning,US,0,Stores,2025-05-08
United States,11527.63,New,US,0,Ecom,2025-05-09
United States,8951.16,New,US,0,Stores,2025-05-09
United States,18319.11,Returning,US,0,Ecom,2025-05-09
United States,1571.94,Returning,US,0,Stores,2025-05-09
United States,16915.82,New,US,0,Ecom,2025-05-10
United States,3595.8,New,US,0,Stores,2025-05-10
United States,12230.5,Returning,US,0,Ecom,2025-05-10
United States,631.82,Returning,US,0,Stores,2025-05-10
United States,12889.61,New,US,0,Ecom,2025-05-11
United States,9324.96,New,US,0,Stores,2025-05-11
United States,9875.15,Returning,US,0,Ecom,2025-05-11
United States,2578.29,Returning,US,0,Stores,2025-05-11
United States,20325.1,New,US,0,Ecom,2025-05-12
United States,4596.66,New,US,0,Stores,2025-05-12
United States,3349.58,Returning,US,0,Ecom,2025-05-12
United States,2989.43,Returning,US,0,Stores,2025-05-12
United States,15804.11,New,US,0,Ecom,2025-05-13
United States,9458.35,New,US,0,Stores,2025-05-13
United States,3070.02,Returning,US,0,Ecom,2025-05-13
United States,6799.39,Returning,US,0,Stores,2025-05-13
United States,16834.94,New,US,0,Ecom,2025-05-14
United States,1261.88,New,US,0,Stores,2025-05-14
United States,13625.46,Returning,US,0,Ecom,2025-05-14
United States,1718.44,Returning,US,0,Stores,2025-05-14
United States,15870.03,New,US,0,Ecom,2025-05-15
United States,14469.12,New,US,0,Stores,2025-05-15
United States,3113.37,Returning,US,0,Ecom,2025-05-15
United States,2011.49,Returning,US,0,Stores,2025-05-15
United States,16165.95,New,US,0,Ecom,2025-05-16
United States,8645.23,New,US,0,Stores,2025-05-16
United States,9572.53,Returning,US,0,Ecom,2025-05-16
United States,314.91,Returning,US,0,Stores,2025-05-16
United States,19109.7,New,US,0,Ecom,2025-05-17
United States,1529.26,New,US,0,Stores,2025-05-17
United States,10056.07,Returning,US,0,Ecom,2025-05-17
United States,7681.73,Returning,US,0,Stores,2025-05-17
United States,9185.74,New,US,0,Ecom,2025-05-18
United States,14691.52,New,US,0,Stores,2025-05-18
United States,12460.31,Returning,US,0,Ecom,2025-05-18
United States,2547.34,Returning,US,0,Stores,2025-05-18
United States,17396.5,New,US,0,Ecom,2025-05-19
United States,6829.1,New,US,0,Stores,2025-05-19
United States,961.87,Returning,US,0,Ecom,2025-05-19
United States,6295.71,Returning,US,0,Stores,2025-05-19
United States,20744.37,New,US,0,Ecom,2025-05-20
United States,3690.41,New,US,0,Stores,2025-05-20
United States,8002.9,Returning,US,0,Ecom,2025-05-20
United States,952.58,Returning,US,0,Stores,2025-05-20
United States,9590.39,New,US,0,Ecom,2025-05-21
United States,12050.85,New,US,0,Stores,2025-05-21
United States,4690.4,Returning,US,0,Ecom,2025-05-21
United States,9333.68,Returning,US,0,Stores,2025-05-21
United States,9297.76,New,US,0,Ecom,2025-05-22
United States,1380.39,New,US,0,Stores,2025-05-22
United States,19253.19,Returning,US,0,Ecom,2025-05-22
United States,922.35,Returning,US,0,Stores,2025-05-22
United States,28142.37,New,US,0,Ecom,2025-05-23
United States,5606.96,New,US,0,Stores,2025-05-23
United States,2445.14,Returning,US,0,Ecom,2025-05-23
United States,128.97,Returning,US,0,Stores,2025-05-23
United States,4704.11,New,US,0,Ecom,2025-05-24
United States,8130.41,New,US,0,Stores,2025-05-24
United States,23153.25,Returning,US,0,Ecom,2025-05-24
United States,219.47,Returning,US,0,Stores,2025-05-24
United States,11328.53,New,US,0,Ecom,2025-05-25
United States,7297.52,New,US,0,Stores,2025-05-25
United States,9517.27,Returning,US,0,Ecom,2025-05-25
United States,6194.13,Returning,US,0,Stores,2025-05-25
United States,12921.36,New,US,0,Ecom,2025-05-26
United States,15558.23,New,US,0,Stores,2025-05-26
United States,2514.7,Returning,US,0,Ecom,2025-05-26
United States,1117.81,Returning,US,0,Stores,2025-05-26
United States,18184.03,New,US,0,Ecom,2025-05-27
United States,8292.55,New,US,0,Stores,2025-05-27
United States,3492.89,Returning,US,0,Ecom,2025-05-27
United States,1872.69,Returning,US,0,Stores,2025-05-27
United States,25002.79,New,US,0,Ecom,2025-05-28
United States,5054.12,New,US,0,Stores,2025-05-28
United States,4635.58,Returning,US,0,Ecom,2025-05-28
United States,3804.09,Returning,US,0,Stores,2025-05-28
United States,2755.12,New,US,0,Ecom,2025-05-29
United States,29368.44,New,US,0,Stores,2025-05-29
United States,3710.53,Returning,US,0,Ecom,2025-05-29
United States,4669.92,Returning,US,0,Stores,2025-05-29
United States,9408.53,New,US,0,Ecom,2025-05-30
United States,14225.71,New,US,0,Stores,2025-05-30
United States,10629.73,Returning,US,0,Ecom,2025-05-30
United States,2846.27,Returning,US,0,Stores,2025-05-30
United States,7259.57,New,US,0,Ecom,2025-05-31
United States,2968.09,New,US,0,Stores,2025-05-31
United States,19804.0,Returning,US,0,Ecom,2025-05-31
United States,2512.02,Returning,US,0,Stores,2025-05-31
United States,18454.27,New,US,0,Ecom,2025-06-01
United States,8423.47,New,US,0,Stores,2025-06-01
United States,2124.79,Returning,US,0,Ecom,2025-06-01
United States,4951.13,Returning,US,0,Stores,2025-06-01
United States,22994.78,New,US,0,Ecom,2025-06-02
United States,4224.37,New,US,0,Stores,2025-06-02
United States,2422.49,Returning,US,0,Ecom,2025-06-02
United States,4426.29,Returning,US,0,Stores,2025-06-02
United States,5837.8,New,US,0,Ecom,2025-06-03
United States,8712.4,New,US,0,Stores,2025-06-03
United States,18274.76,Returning,US,0,Ecom,2025-06-03
United States,1831.34,Returning,US,0,Stores,2025-06-03
United States,12314.4,New,US,0,Ecom,2025-06-04
United States,8693.34,New,US,0,Stores,2025-06-04
United States,11127.43,Returning,US,0,Ecom,2025-06-04
United States,1070.08,Returning,US,0,Stores,2025-06-04
United States,12232.46,New,US,0,Ecom,2025-06-05
United States,3218.75,New,US,0,Stores,2025-06-05
United States,8637.49,Returning,US,0,Ecom,2025-06-05
United States,10354.21,Returning,US,0,Stores,2025-06-05
United States,15570.73,New,US,0,Ecom,2025-06-06
United States,13787.65,New,US,0,Stores,2025-06-06
United States,2607.69,Returning,US,0,Ecom,2025-06-06
United States,5044.66,Returning,US,0,Stores,2025-06-06
United States,18516.62,New,US,0,Ecom,2025-06-07
United States,5198.54,New,US,0,Stores,2025-06-07
United States,2453.13,Returning,US,0,Ecom,2025-06-07
United States,7086.04,Returning,US,0,Stores,2025-06-07
United States,21273.43,New,US,0,Ecom,2025-06-08
United States,5419.56,New,US,0,Stores,2025-06-08
United States,4623.42,Returning,US,0,Ecom,2025-06-08
United States,4665.84,Returning,US,0,Stores,2025-06-08
United States,3605.01,New,US,0,Ecom,2025-06-09
United States,2865.85,New,US,0,Stores,2025-06-09
United States,24717.04,Returning,US,0,Ecom,2025-06-09
United States,881.1,Returning,US,0,Stores,2025-06-09
United States,19283.95,New,US,0,Ecom,2025-06-10
United States,3287.54,New,US,0,Stores,2025-06-10
United States,9322.54,Returning,US,0,Ecom,2025-06-10
United States,2089.48,Returning,US,0,Stores,2025-06-10
United States,17307.25,New,US,0,Ecom,2025-06-11
United States,1256.0,New,US,0,Stores,2025-06-11
United States,1551.09,Returning,US,0,Ecom,2025-06-11
United States,19943.06,Returning,US,0,Stores,2025-06-11
United States,16708.83,New,US,0,Ecom,2025-06-12
United States,8258.53,New,US,0,Stores,2025-06-12
United States,9469.55,Returning,US,0,Ecom,2025-06-12
United States,1597.92,Returning,US,0,Stores,2025-06-12
United States,12646.13,New,US,0,Ecom,2025-06-13
United States,4566.03,New,US,0,Stores,2025-06-13
United States,11838.86,Returning,US,0,Ecom,2025-06-13
United States,4413.66,Returning,US,0,Stores,2025-06-13
United States,20164.79,New,US,0,Ecom,2025-06-14
United States,2668.47,New,US,0,Stores,2025-06-14
United States,6522.71,Returning,US,0,Ecom,2025-06-14
United States,6531.28,Returning,US,0,Stores,2025-06-14
United States,17059.8,New,US,0,Ecom,2025-06-15
United States,11471.93,New,US,0,Stores,2025-06-15
United States,3228.9,Returning,US,0,Ecom,2025-06-15
United States,4469.82,Returning,US,0,Stores,2025-06-15
United States,14972.13,New,US,0,Ecom,2025-06-16
United States,14548.83,New,US,0,Stores,2025-06-16
United States,4818.72,Returning,US,0,Ecom,2025-06-16
United States,1162.83,Returning,US,0,Stores,2025-06-16
United States,14098.75,New,US,0,Ecom,2025-06-17
United States,9875.4,New,US,0,Stores,2025-06-17
United States,8992.09,Returning,US,0,Ecom,2025-06-17
United States,2579.03,Returning,US,0,Stores,2025-06-17
United States,5926.71,New,US,0,Ecom,2025-06-18
United States,10719.67,New,US,0,Stores,2025-06-18
United States,6557.12,Returning,US,0,Ecom,2025-06-18
United States,10943.25,Returning,US,0,Stores,2025-06-18
United States,7460.4,New,US,0,Ecom,2025-06-19
United States,5560.64,New,US,0,Stores,2025-06-19
United States,20416.01,Returning,US,0,Ecom,2025-06-19
United States,1936.71,Returning,US,0,Stores,2025-06-19
United States,9173.27,New,US,0,Ecom,2025-06-20
United States,2580.16,New,US,0,Stores,2025-06-20
United States,11449.09,Returning,US,0,Ecom,2025-06-20
United States,10400.6,Returning,US,0,Stores,2025-06-20
United States,15925.31,New,US,0,Ecom,2025-06-21
United States,9656.3,New,US,0,Stores,2025-06-21
United States,3680.11,Returning,US,0,Ecom,2025-06-21
United States,6157.56,Returning,US,0,Stores,2025-06-21
United States,15437.06,New,US,0,Ecom,2025-06-22
United States,6277.18,New,US,0,Stores,2025-06-22
United States,10305.67,Returning,US,0,Ecom,2025-06-22
United States,984.17,Returning,US,0,Stores,2025-06-22
United States,27000.35,New,US,0,Ecom,2025-06-23
United States,10731.52,New,US,0,Stores,2025-06-23
United States,3559.21,Returning,US,0,Ecom,2025-06-23
United States,315.05,Returning,US,0,Stores,2025-06-23
United States,11934.9,New,US,0,Ecom,2025-06-24
United States,6649.12,New,US,0,Stores,2025-06-24
United States,6902.84,Returning,US,0,Ecom,2025-06-24
United States,8932.53,Returning,US,0,Stores,2025-06-24
United States,10401.58,New,US,0,Ecom,2025-06-25
United States,19071.42,New,US,0,Stores,2025-06-25
United States,2154.24,Returning,US,0,Ecom,2025-06-25
United States,2161.79,Returning,US,0,Stores,2025-06-25
United States,13528.25,New,US,0,Ecom,2025-06-26
United States,7696.31,New,US,0,Stores,2025-06-26
United States,10649.82,Returning,US,0,Ecom,2025-06-26
United States,2614.42,Returning,US,0,Stores,2025-06-26
United States,7513.18,New,US,0,Ecom,2025-06-27
United States,13602.89,New,US,0,Stores,2025-06-27
United States,9736.01,Returning,US,0,Ecom,2025-06-27
United States,1132.04,Returning,US,0,Stores,2025-06-27
United States,15402.18,New,US,0,Ecom,2025-06-28
United States,19467.52,New,US,0,Stores,2025-06-28
United States,946.68,Returning,US,0,Ecom,2025-06-28
United States,1124.44,Returning,US,0,Stores,2025-06-28
United States,11482.1,New,US,0,Ecom,2025-06-29
United States,23534.62,New,US,0,Stores,2025-06-29
United States,3954.52,Returning,US,0,Ecom,2025-06-29
United States,7728.06,Returning,US,0,Stores,2025-06-29
United States,7874.59,New,US,0,Ecom,2025-06-30
United States,10307.43,New,US,0,Stores,2025-06-30
United States,5168.68,Returning,US,0,Ecom,2025-06-30
United States,9134.66,Returning,US,0,Stores,2025-06-30
United States,17249.14,New,US,0,Ecom,2025-07-01
United States,5879.4,New,US,0,Stores,2025-07-01
United States,10170.96,Returning,US,0,Ecom,2025-07-01
United States,2478.22,Returning,US,0,Stores,2025-07-01
United States,6960.88,New,US,0,Ecom,2025-07-02
United States,4855.24,New,US,0,Stores,2025-07-02
United States,12133.08,Returning,US,0,Ecom,2025-07-02
United States,14402.21,Returning,US,0,Stores,2025-07-02
United States,15788.28,New,US,0,Ecom,2025-07-03
United States,6483.22,New,US,0,Stores,2025-07-03
United States,7267.22,Returning,US,0,Ecom,2025-07-03
United States,3229.87,Returning,US,0,Stores,2025-07-03
United States,12508.25,New,US,0,Ecom,2025-07-04
United States,17637.77,New,US,0,Stores,2025-07-04
United States,4965.69,Returning,US,0,Ecom,2025-07-04
United States,1463.53,Returning,US,0,Stores,2025-07-04
United States,19050.67,New,US,0,Ecom,2025-07-05
United States,5078.35,New,US,0,Stores,2025-07-05
United States,4757.66,Returning,US,0,Ecom,2025-07-05
United States,7045.6,Returning,US,0,Stores,2025-07-05
United States,9373.72,New,US,0,Ecom,2025-07-06
United States,8662.66,New,US,0,Stores,2025-07-06
United States,13049.81,Returning,US,0,Ecom,2025-07-06
United States,5393.62,Returning,US,0,Stores,2025-07-06
United States,19208.96,New,US,0,Ecom,2025-07-07
United States,8938.01,New,US,0,Stores,2025-07-07
United States,1125.73,Returning,US,0,Ecom,2025-07-07
United States,5045.99,Returning,US,0,Stores,2025-07-07
United States,13696.74,New,US,0,Ecom,2025-07-08
United States,1220.27,New,US,0,Stores,2025-07-08
United States,15731.7,Returning,US,0,Ecom,2025-07-08
United States,5050.27,Returning,US,0,Stores,2025-07-08
United States,14779.94,New,US,0,Ecom,2025-07-09
United States,2964.74,New,US,0,Stores,2025-07-09
United States,14302.7,Returning,US,0,Ecom,2025-07-09
United States,988.7,Returning,US,0,Stores,2025-07-09
United States,14535.67,New,US,0,Ecom,2025-07-10
United States,10264.58,New,US,0,Stores,2025-07-10
United States,5621.18,Returning,US,0,Ecom,2025-07-10
United States,1276.34,Returning,US,0,Stores,2025-07-10
United States,13780.17,New,US,0,Ecom,2025-07-11
United States,5577.38,New,US,0,Stores,2025-07-11
United States,15768.33,Returning,US,0,Ecom,2025-07-11
United States,347.78,Returning,US,0,Stores,2025-07-11
United States,10245.94,New,US,0,Ecom,2025-07-12
United States,7215.83,New,US,0,Stores,2025-07-12
United States,9626.97,Returning,US,0,Ecom,2025-07-12
United States,3263.99,Returning,US,0,Stores,2025-07-12
United States,13447.33,New,US,0,Ecom,2025-07-13
United States,8821.29,New,US,0,Stores,2025-07-13
United States,10002.57,Returning,US,0,Ecom,2025-07-13
United States,5465.68,Returning,US,0,Stores,2025-07-13
United States,15587.08,New,US,0,Ecom,2025-07-14
United States,5160.85,New,US,0,Stores,2025-07-14
United States,4545.43,Returning,US,0,Ecom,2025-07-14
United States,8845.01,Returning,US,0,Stores,2025-07-14
United States,23347.02,New,US,0,Ecom,2025-07-15
United States,3671.68,New,US,0,Stores,2025-07-15
United States,7388.38,Returning,US,0,Ecom,2025-07-15
United States,1059.89,Returning,US,0,Stores,2025-07-15
United States,5022.58,New,US,0,Ecom,2025-07-16
United States,24955.4,New,US,0,Stores,2025-07-16
United States,4527.91,Returning,US,0,Ecom,2025-07-16
United States,2945.29,Returning,US,0,Stores,2025-07-16
United States,9328.39,New,US,0,Ecom,2025-07-17
United States,20817.53,New,US,0,Stores,2025-07-17
United States,10206.27,Returning,US,0,Ecom,2025-07-17
United States,869.02,Returning,US,0,Stores,2025-07-17
United States,4345.42,New,US,0,Ecom,2025-07-18
United States,23470.83,New,US,0,Stores,2025-07-18
United States,9560.98,Returning,US,0,Ecom,2025-07-18
United States,343.69,Returning,US,0,Stores,2025-07-18
United States,15750.01,New,US,0,Ecom,2025-07-19
United States,1111.67,New,US,0,Stores,2025-07-19
United States,16218.22,Returning,US,0,Ecom,2025-07-19
United States,5352.29,Returning,US,0,Stores,2025-07-19
United States,5517.55,New,US,0,Ecom,2025-07-20
United States,20557.41,New,US,0,Stores,2025-07-20
United States,7773.38,Returning,US,0,Ecom,2025-07-20
United States,651.5,Returning,US,0,Stores,2025-07-20
United States,15713.41,New,US,0,Ecom,2025-07-21
United States,6169.36,New,US,0,Stores,2025-07-21
United States,6838.94,Returning,US,0,Ecom,2025-07-21
United States,5413.03,Returning,US,0,Stores,2025-07-21
United States,8453.1,New,US,0,Ecom,2025-07-22
United States,13164.04,New,US,0,Stores,2025-07-22
United States,10216.75,Returning,US,0,Ecom,2025-07-22
United States,1757.33,Returning,US,0,Stores,2025-07-22
United States,13505.93,New,US,0,Ecom,2025-07-23
United States,12382.05,New,US,0,Stores,2025-07-23
United States,8934.12,Returning,US,0,Ecom,2025-07-23
United States,821.34,Returning,US,0,Stores,2025-07-23
United States,9537.53,New,US,0,Ecom,2025-07-24
United States,3274.78,New,US,0,Stores,2025-07-24
United States,5238.27,Returning,US,0,Ecom,2025-07-24
United States,22308.2,Returning,US,0,Stores,2025-07-24
United States,6952.96,New,US,0,Ecom,2025-07-25
United States,16641.14,New,US,0,Stores,2025-07-25
United States,6347.88,Returning,US,0,Ecom,2025-07-25
United States,5651.06,Returning,US,0,Stores,2025-07-25
United States,10555.12,New,US,0,Ecom,2025-07-26
United States,1684.79,New,US,0,Stores,2025-07-26
United States,10439.15,Returning,US,0,Ecom,2025-07-26
United States,10286.99,Returning,US,0,Stores,2025-07-26
United States,11268.17,New,US,0,Ecom,2025-07-27
United States,4744.87,New,US,0,Stores,2025-07-27
United States,14716.06,Returning,US,0,Ecom,2025-07-27
United States,4384.3,Returning,US,0,Stores,2025-07-27
United States,12062.93,New,US,0,Ecom,2025-07-28
United States,7624.14,New,US,0,Stores,2025-07-28
United States,8846.33,Returning,US,0,Ecom,2025-07-28
United States,3888.07,Returning,US,0,Stores,2025-07-28
United States,17370.67,New,US,0,Ecom,2025-07-29
United States,3643.63,New,US,0,Stores,2025-07-29
United States,2161.65,Returning,US,0,Ecom,2025-07-29
United States,6696.0,Returning,US,0,Stores,2025-07-29
United States,10766.21,New,US,0,Ecom,2025-07-30
United States,5847.89,New,US,0,Stores,2025-07-30
United States,9237.61,Returning,US,0,Ecom,2025-07-30
United States,6729.7,Returning,US,0,Stores,2025-07-30
United States,20419.19,New,US,0,Ecom,2025-07-31
United States,7138.9,New,US,0,Stores,2025-07-31
United States,994.33,Returning,US,0,Ecom,2025-07-31
United States,7494.95,Returning,US,0,Stores,2025-07-31
United States,8126.51,New,US,0,Ecom,2025-08-01
United States,3610.29,New,US,0,Stores,2025-08-01
United States,18312.13,Returning,US,0,Ecom,2025-08-01
United States,5024.18,Returning,US,0,Stores,2025-08-01
United States,9224.32,New,US,0,Ecom,2025-08-02
United States,4714.07,New,US,0,Stores,2025-08-02
United States,16755.03,Returning,US,0,Ecom,2025-08-02
United States,3738.46,Returning,US,0,Stores,2025-08-02
United States,8441.05,New,US,0,Ecom,2025-08-03
United States,15441.23,New,US,0,Stores,2025-08-03
United States,16234.94,Returning,US,0,Ecom,2025-08-03
United States,481.52,Returning,US,0,Stores,2025-08-03
United States,21742.66,New,US,0,Ecom,2025-08-04
United States,2524.46,New,US,0,Stores,2025-08-04
United States,8365.55,Returning,US,0,Ecom,2025-08-04
United States,1151.9,Returning,US,0,Stores,2025-08-04
United States,11570.81,New,US,0,Ecom,2025-08-05
United States,5378.39,New,US,0,Stores,2025-08-05
United States,7914.85,Returning,US,0,Ecom,2025-08-05
United States,9380.1,Returning,US,0,Stores,2025-08-05
United States,7178.07,New,US,0,Ecom,2025-08-06
United States,14325.53,New,US,0,Stores,2025-08-06
United States,2728.25,Returning,US,0,Ecom,2025-08-06
United States,7623.0,Returning,US,0,Stores,2025-08-06
United States,16830.9,New,US,0,Ecom,2025-08-07
United States,6904.1,New,US,0,Stores,2025-08-07
United States,2964.84,Returning,US,0,Ecom,2025-08-07
United States,3788.47,Returning,US,0,Stores,2025-08-07
United States,12630.44,New,US,0,Ecom,2025-08-08
United States,10365.86,New,US,0,Stores,2025-08-08
United States,12023.59,Returning,US,0,Ecom,2025-08-08
United States,459.24,Returning,US,0,Stores,2025-08-08
United States,15116.67,New,US,0,Ecom,2025-08-09
United States,10733.64,New,US,0,Stores,2025-08-09
United States,2950.14,Returning,US,0,Ecom,2025-08-09
United States,8167.99,Returning,US,0,Stores,2025-08-09
United States,6171.65,New,US,0,Ecom,2025-08-10
United States,11077.21,New,US,0,Stores,2025-08-10
United States,6357.95,Returning,US,0,Ecom,2025-08-10
United States,15231.64,Returning,US,0,Stores,2025-08-10
United States,15418.26,New,US,0,Ecom,2025-08-11
United States,13481.56,New,US,0,Stores,2025-08-11
United States,2075.26,Returning,US,0,Ecom,2025-08-11
United States,680.63,Returning,US,0,Stores,2025-08-11
United States,6125.64,New,US,0,Ecom,2025-08-12
United States,17595.56,New,US,0,Stores,2025-08-12
United States,8572.26,Returning,US,0,Ecom,2025-08-12
United States,3590.46,Returning,US,0,Stores,2025-08-12
United States,9029.83,New,US,0,Ecom,2025-08-13
United States,11067.84,New,US,0,Stores,2025-08-13
United States,11533.13,Returning,US,0,Ecom,2025-08-13
United States,3517.18,Returning,US,0,Stores,2025-08-13
United States,3614.96,New,US,0,Ecom,2025-08-14
United States,9534.38,New,US,0,Stores,2025-08-14
United States,24431.01,Returning,US,0,Ecom,2025-08-14
United States,1272.41,Returning,US,0,Stores,2025-08-14
United States,16332.82,New,US,0,Ecom,2025-08-15
United States,7976.4,New,US,0,Stores,2025-08-15
United States,8064.75,Returning,US,0,Ecom,2025-08-15
United States,3831.94,Returning,US,0,Stores,2025-08-15
United States,16523.72,New,US,0,Ecom,2025-08-16
United States,8101.01,New,US,0,Stores,2025-08-16
United States,11551.19,Returning,US,0,Ecom,2025-08-16
United States,472.88,Returning,US,0,Stores,2025-08-16
United States,11016.2,New,US,0,Ecom,2025-08-17
United States,7514.78,New,US,0,Stores,2025-08-17
United States,7909.94,Returning,US,0,Ecom,2025-08-17
United States,3925.73,Returning,US,0,Stores,2025-08-17
United States,29891.78,New,US,0,Ecom,2025-08-18
United States,1618.64,New,US,0,Stores,2025-08-18
United States,4560.79,Returning,US,0,Ecom,2025-08-18
United States,2706.34,Returning,US,0,Stores,2025-08-18
United States,10543.37,New,US,0,Ecom,2025-08-19
United States,15834.67,New,US,0,Stores,2025-08-19
United States,9730.13,Returning,US,0,Ecom,2025-08-19
United States,1836.3,Returning,US,0,Stores,2025-08-19
United States,3772.86,New,US,0,Ecom,2025-08-20
United States,5405.53,New,US,0,Stores,2025-08-20
United States,9437.64,Returning,US,0,Ecom,2025-08-20
United States,15105.51,Returning,US,0,Stores,2025-08-20
United States,10600.44,New,US,0,Ecom,2025-08-21
United States,11875.52,New,US,0,Stores,2025-08-21
United States,12635.89,Returning,US,0,Ecom,2025-08-21
United States,1106.64,Returning,US,0,Stores,2025-08-21
United States,13866.83,New,US,0,Ecom,2025-08-22
United States,5688.25,New,US,0,Stores,2025-08-22
United States,17387.46,Returning,US,0,Ecom,2025-08-22
United States,1420.56,Returning,US,0,Stores,2025-08-22
United States,23535.56,New,US,0,Ecom,2025-08-23
United States,5523.45,New,US,0,Stores,2025-08-23
United States,7183.87,Returning,US,0,Ecom,2025-08-23
United States,2503.99,Returning,US,0,Stores,2025-08-23
United States,9700.42,New,US,0,Ecom,2025-08-24
United States,8153.64,New,US,0,Stores,2025-08-24
United States,10387.08,Returning,US,0,Ecom,2025-08-24
United States,9032.4,Returning,US,0,Stores,2025-08-24
United States,21396.03,New,US,0,Ecom,2025-08-25
United States,3641.22,New,US,0,Stores,2025-08-25
United States,3945.13,Returning,US,0,Ecom,2025-08-25
United States,2913.08,Returning,US,0,Stores,2025-08-25
United States,15174.1,New,US,0,Ecom,2025-08-26
United States,3341.42,New,US,0,Stores,2025-08-26
United States,15347.32,Returning,US,0,Ecom,2025-08-26
United States,318.85,Returning,US,0,Stores,2025-08-26
United States,15098.44,New,US,0,Ecom,2025-08-27
United States,16567.55,New,US,0,Stores,2025-08-27
United States,5978.12,Returning,US,0,Ecom,2025-08-27
United States,6001.61,Returning,US,0,Stores,2025-08-27
United States,19916.56,New,US,0,Ecom,2025-08-28
United States,16582.04,New,US,0,Stores,2025-08-28
United States,5061.86,Returning,US,0,Ecom,2025-08-28
United States,1528.78,Returning,US,0,Stores,2025-08-28
United States,16615.72,New,US,0,Ecom,2025-08-29
United States,5761.41,New,US,0,Stores,2025-08-29
United States,6297.3,Returning,US,0,Ecom,2025-08-29
United States,12302.52,Returning,US,0,Stores,2025-08-29
United States,8957.64,New,US,0,Ecom,2025-08-30
United States,7103.58,New,US,0,Stores,2025-08-30
United States,18645.73,Returning,US,0,Ecom,2025-08-30
United States,2447.06,Returning,US,0,Stores,2025-08-30
United States,26951.16,New,US,0,Ecom,2025-08-31
United States,3581.17,New,US,0,Stores,2025-08-31
United States,1999.21,Returning,US,0,Ecom,2025-08-31
United States,7059.92,Returning,US,0,Stores,2025-08-31
United States,9704.55,New,US,0,Ecom,2025-09-01
United States,6289.61,New,US,0,Stores,2025-09-01
United States,18856.52,Returning,US,0,Ecom,2025-09-01
United States,840.51,Returning,US,0,Stores,2025-09-01
United States,14405.46,New,US,0,Ecom,2025-09-02
United States,8676.31,New,US,0,Stores,2025-09-02
United States,8011.63,Returning,US,0,Ecom,2025-09-02
United States,4411.29,Returning,US,0,Stores,2025-09-02
United States,15378.48,New,US,0,Ecom,2025-09-03
United States,23606.52,New,US,0,Stores,2025-09-03
United States,1068.73,Returning,US,0,Ecom,2025-09-03
United States,6903.4,Returning,US,0,Stores,2025-09-03
United States,14467.83,New,US,0,Ecom,2025-09-04
United States,6978.64,New,US,0,Stores,2025-09-04
United States,13012.78,Returning,US,0,Ecom,2025-09-04
United States,4817.99,Returning,US,0,Stores,2025-09-04
United States,11339.59,New,US,0,Ecom,2025-09-05
United States,7285.58,New,US,0,Stores,2025-09-05
United States,15839.51,Returning,US,0,Ecom,2025-09-05
United States,7909.66,Returning,US,0,Stores,2025-09-05
United States,8853.04,New,US,0,Ecom,2025-09-06
United States,7349.34,New,US,0,Stores,2025-09-06
United States,18995.01,Returning,US,0,Ecom,2025-09-06
United States,1182.1,Returning,US,0,Stores,2025-09-06
United States,16972.91,New,US,0,Ecom,2025-09-07
United States,2168.42,New,US,0,Stores,2025-09-07
United States,16578.84,Returning,US,0,Ecom,2025-09-07
United States,41.47,Returning,US,0,Stores,2025-09-07
United States,9891.94,New,US,0,Ecom,2025-09-08
United States,4176.09,New,US,0,Stores,2025-09-08
United States,12887.31,Returning,US,0,Ecom,2025-09-08
United States,7153.33,Returning,US,0,Stores,2025-09-08
United States,18387.67,New,US,0,Ecom,2025-09-09
United States,10760.98,New,US,0,Stores,2025-09-09
United States,3404.51,Returning,US,0,Ecom,2025-09-09
United States,792.39,Returning,US,0,Stores,2025-09-09
United States,6946.56,New,US,0,Ecom,2025-09-10
United States,12892.19,New,US,0,Stores,2025-09-10
United States,7530.5,Returning,US,0,Ecom,2025-09-10
United States,5670.97,Returning,US,0,Stores,2025-09-10
United States,20534.22,New,US,0,Ecom,2025-09-11
United States,4093.71,New,US,0,Stores,2025-09-11
United States,10526.5,Returning,US,0,Ecom,2025-09-11
United States,3382.72,Returning,US,0,Stores,2025-09-11
United States,14836.0,New,US,0,Ecom,2025-09-12
United States,8548.0,New,US,0,Stores,2025-09-12
United States,8670.31,Returning,US,0,Ecom,2025-09-12
United States,6681.75,Returning,US,0,Stores,2025-09-12
United States,5757.42,New,US,0,Ecom,2025-09-13
United States,22521.83,New,US,0,Stores,2025-09-13
United States,10135.19,Returning,US,0,Ecom,2025-09-13
United States,1181.56,Returning,US,0,Stores,2025-09-13
United States,21179.75,New,US,0,Ecom,2025-09-14
United States,4614.88,New,US,0,Stores,2025-09-14
United States,3578.16,Returning,US,0,Ecom,2025-09-14
United States,8374.96,Returning,US,0,Stores,2025-09-14
United States,4905.25,New,US,0,Ecom,2025-09-15
United States,16547.59,New,US,0,Stores,2025-09-15
United States,8992.51,Returning,US,0,Ecom,2025-09-15
United States,10167.05,Returning,US,0,Stores,2025-09-15
United States,14077.79,New,US,0,Ecom,2025-09-16
United States,3233.76,New,US,0,Stores,2025-09-16
United States,12893.93,Returning,US,0,Ecom,2025-09-16
United States,3293.6,Returning,US,0,Stores,2025-09-16
United States,16215.79,New,US,0,Ecom,2025-09-17
United States,8636.96,New,US,0,Stores,2025-09-17
United States,4988.06,Returning,US,0,Ecom,2025-09-17
United States,5701.97,Returning,US,0,Stores,2025-09-17
United States,7644.72,New,US,0,Ecom,2025-09-18
United States,9070.05,New,US,0,Stores,2025-09-18
United States,8328.64,Returning,US,0,Ecom,2025-09-18
United States,9295.22,Returning,US,0,Stores,2025-09-18
United States,6796.11,New,US,0,Ecom,2025-09-19
United States,2732.27,New,US,0,Stores,2025-09-19
United States,4739.9,Returning,US,0,Ecom,2025-09-19
United States,20447.84,Returning,US,0,Stores,2025-09-19
United States,6505.75,New,US,0,Ecom,2025-09-20
United States,8895.05,New,US,0,Stores,2025-09-20
United States,9018.65,Returning,US,0,Ecom,2025-09-20
United States,9956.61,Returning,US,0,Stores,2025-09-20
United States,1983.48,New,US,0,Ecom,2025-09-21
United States,7282.35,New,US,0,Stores,2025-09-21
United States,19917.16,Returning,US,0,Ecom,2025-09-21
United States,6094.83,Returning,US,0,Stores,2025-09-21
United States,11057.01,New,US,0,Ecom,2025-09-22
United States,1220.48,New,US,0,Stores,2025-09-22
United States,10324.25,Returning,US,0,Ecom,2025-09-22
United States,10294.69,Returning,US,0,Stores,2025-09-22
United States,11553.75,New,US,0,Ecom,2025-09-23
United States,12451.16,New,US,0,Stores,2025-09-23
United States,6532.7,Returning,US,0,Ecom,2025-09-23
United States,6035.27,Returning,US,0,Stores,2025-09-23
United States,8203.16,New,US,0,Ecom,2025-09-24
United States,5247.39,New,US,0,Stores,2025-09-24
United States,12616.88,Returning,US,0,Ecom,2025-09-24
United States,9537.7,Returning,US,0,Stores,2025-09-24
United States,9355.07,New,US,0,Ecom,2025-09-25
United States,2022.18,New,US,0,Stores,2025-09-25
United States,19697.99,Returning,US,0,Ecom,2025-09-25
United States,3957.62,Returning,US,0,Stores,2025-09-25
United States,5055.9,New,US,0,Ecom,2025-09-26
United States,6800.17,New,US,0,Stores,2025-09-26
United States,15056.0,Returning,US,0,Ecom,2025-09-26
United States,10744.55,Returning,US,0,Stores,2025-09-26
United States,8482.93,New,US,0,Ecom,2025-09-27
United States,9192.63,New,US,0,Stores,2025-09-27
United States,18521.99,Returning,US,0,Ecom,2025-09-27
United States,5173.26,Returning,US,0,Stores,2025-09-27
United States,11295.1,New,US,0,Ecom,2025-09-28
United States,12857.18,New,US,0,Stores,2025-09-28
United States,6249.17,Returning,US,0,Ecom,2025-09-28
United States,3259.18,Returning,US,0,Stores,2025-09-28
United States,15351.34,New,US,0,Ecom,2025-09-29
United States,5256.55,New,US,0,Stores,2025-09-29
United States,3440.57,Returning,US,0,Ecom,2025-09-29
United States,10771.54,Returning,US,0,Stores,2025-09-29
United States,11339.8,New,US,0,Ecom,2025-09-30
United States,16327.72,New,US,0,Stores,2025-09-30
United States,11378.77,Returning,US,0,Ecom,2025-09-30
United States,226.83,Returning,US,0,Stores,2025-09-30
United States,5919.39,New,US,0,Ecom,2025-10-01
United States,11200.64,New,US,0,Stores,2025-10-01
United States,1981.92,Returning,US,0,Ecom,2025-10-01
United States,14947.93,Returning,US,0,Stores,2025-10-01
United States,7838.1,New,US,0,Ecom,2025-10-02
United States,14173.72,New,US,0,Stores,2025-10-02
United States,13636.45,Returning,US,0,Ecom,2025-10-02
United States,321.99,Returning,US,0,Stores,2025-10-02
United States,9688.88,New,US,0,Ecom,2025-10-03
United States,17186.36,New,US,0,Stores,2025-10-03
United States,1817.3,Returning,US,0,Ecom,2025-10-03
United States,5095.5,Returning,US,0,Stores,2025-10-03
United States,2361.91,New,US,0,Ecom,2025-10-04
United States,18057.04,New,US,0,Stores,2025-10-04
United States,4158.81,Returning,US,0,Ecom,2025-10-04
United States,6446.42,Returning,US,0,Stores,2025-10-04
United States,11248.87,New,US,0,Ecom,2025-10-05
United States,12495.37,New,US,0,Stores,2025-10-05
United States,8736.14,Returning,US,0,Ecom,2025-10-05
United States,127.82,Returning,US,0,Stores,2025-10-05
United States,20200.23,New,US,0,Ecom,2025-10-06
United States,8540.07,New,US,0,Stores,2025-10-06
United States,2833.96,Returning,US,0,Ecom,2025-10-06
United States,3771.64,Returning,US,0,Stores,2025-10-06
United States,21666.62,New,US,0,Ecom,2025-10-07
United States,11047.05,New,US,0,Stores,2025-10-07
United States,2845.61,Returning,US,0,Ecom,2025-10-07
United States,4892.32,Returning,US,0,Stores,2025-10-07
United States,13493.57,New,US,0,Ecom,2025-10-08
United States,3585.41,New,US,0,Stores,2025-10-08
United States,16694.5,Returning,US,0,Ecom,2025-10-08
United States,3695.1,Returning,US,0,Stores,2025-10-08
United States,6811.28,New,US,0,Ecom,2025-10-09
United States,19371.15,New,US,0,Stores,2025-10-09
United States,7420.89,Returning,US,0,Ecom,2025-10-09
United States,2540.68,Returning,US,0,Stores,2025-10-09
United States,14864.61,New,US,0,Ecom,2025-10-10
United States,15752.54,New,US,0,Stores,2025-10-10
United States,7423.87,Returning,US,0,Ecom,2025-10-10
United States,3279.86,Returning,US,0,Stores,2025-10-10
United States,15158.43,New,US,0,Ecom,2025-10-11
United States,4129.18,New,US,0,Stores,2025-10-11
United States,11019.24,Returning,US,0,Ecom,2025-10-11
United States,13696.89,Returning,US,0,Stores,2025-10-11
United States,19017.62,New,US,0,Ecom,2025-10-12
United States,7778.54,New,US,0,Stores,2025-10-12
United States,5965.52,Returning,US,0,Ecom,2025-10-12
United States,1098.13,Returning,US,0,Stores,2025-10-12
United States,14420.41,New,US,0,Ecom,2025-10-13
United States,3624.9,New,US,0,Stores,2025-10-13
United States,18611.58,Returning,US,0,Ecom,2025-10-13
United States,328.2,Returning,US,0,Stores,2025-10-13
United States,12743.29,New,US,0,Ecom,2025-10-14
United States,18964.58,New,US,0,Stores,2025-10-14
United States,6935.92,Returning,US,0,Ecom,2025-10-14
United States,4788.36,Returning,US,0,Stores,2025-10-14
United States,8683.97,New,US,0,Ecom,2025-10-15
United States,3789.79,New,US,0,Stores,2025-10-15
United States,20181.64,Returning,US,0,Ecom,2025-10-15
United States,3260.43,Returning,US,0,Stores,2025-10-15
United States,9457.81,New,US,0,Ecom,2025-10-16
United States,13966.95,New,US,0,Stores,2025-10-16
United States,1860.07,Returning,US,0,Ecom,2025-10-16
United States,7721.85,Returning,US,0,Stores,2025-10-16
United States,13275.32,New,US,0,Ecom,2025-10-17
United States,2964.74,New,US,0,Stores,2025-10-17
United States,11567.39,Returning,US,0,Ecom,2025-10-17
United States,10358.81,Returning,US,0,Stores,2025-10-17
United States,16429.08,New,US,0,Ecom,2025-10-18
United States,5896.57,New,US,0,Stores,2025-10-18
United States,10800.89,Returning,US,0,Ecom,2025-10-18
United States,1328.36,Returning,US,0,Stores,2025-10-18
United States,5481.43,New,US,0,Ecom,2025-10-19
United States,25585.42,New,US,0,Stores,2025-10-19
United States,4208.65,Returning,US,0,Ecom,2025-10-19
United States,2141.36,Returning,US,0,Stores,2025-10-19
United States,8091.21,New,US,0,Ecom,2025-10-20
United States,5426.1,New,US,0,Stores,2025-10-20
United States,20115.46,Returning,US,0,Ecom,2025-10-20
United States,442.55,Returning,US,0,Stores,2025-10-20
United States,22677.04,New,US,0,Ecom,2025-10-21
United States,4465.58,New,US,0,Stores,2025-10-21
United States,5420.91,Returning,US,0,Ecom,2025-10-21
United States,2986.28,Returning,US,0,Stores,2025-10-21
United States,12353.23,New,US,0,Ecom,2025-10-22
United States,570.3,New,US,0,Stores,2025-10-22
United States,26294.44,Returning,US,0,Ecom,2025-10-22
United States,665.84,Returning,US,0,Stores,2025-10-22
United States,18341.24,New,US,0,Ecom,2025-10-23
United States,4173.44,New,US,0,Stores,2025-10-23
United States,9854.66,Returning,US,0,Ecom,2025-10-23
United States,2405.1,Returning,US,0,Stores,2025-10-23
United States,2217.17,New,US,0,Ecom,2025-10-24
United States,11377.71,New,US,0,Stores,2025-10-24
United States,20795.29,Returning,US,0,Ecom,2025-10-24
United States,1482.64,Returning,US,0,Stores,2025-10-24
United States,8649.47,New,US,0,Ecom,2025-10-25
United States,12386.69,New,US,0,Stores,2025-10-25
United States,10797.52,Returning,US,0,Ecom,2025-10-25
United States,6411.89,Returning,US,0,Stores,2025-10-25
United States,10135.93,New,US,0,Ecom,2025-10-26
United States,19599.89,New,US,0,Stores,2025-10-26
United States,7772.86,Returning,US,0,Ecom,2025-10-26
United States,304.1,Returning,US,0,Stores,2025-10-26
United States,16875.49,New,US,0,Ecom,2025-10-27
United States,13275.36,New,US,0,Stores,2025-10-27
United States,6348.06,Returning,US,0,Ecom,2025-10-27
United States,246.79,Returning,US,0,Stores,2025-10-27
United States,15430.67,New,US,0,Ecom,2025-10-28
United States,2609.66,New,US,0,Stores,2025-10-28
United States,13067.56,Returning,US,0,Ecom,2025-10-28
United States,2517.33,Returning,US,0,Stores,2025-10-28
United States,12094.6,New,US,0,Ecom,2025-10-29
United States,10385.15,New,US,0,Stores,2025-10-29
United States,2616.36,Returning,US,0,Ecom,2025-10-29
United States,10937.91,Returning,US,0,Stores,2025-10-29
United States,23243.5,New,US,0,Ecom,2025-10-30
United States,3992.67,New,US,0,Stores,2025-10-30
United States,5260.07,Returning,US,0,Ecom,2025-10-30
United States,3627.16,Returning,US,0,Stores,2025-10-30
United States,20274.78,New,US,0,Ecom,2025-10-31
United States,3409.91,New,US,0,Stores,2025-10-31
United States,3436.45,Returning,US,0,Ecom,2025-10-31
United States,4498.03,Returning,US,0,Stores,2025-10-31
United States,23795.41,New,US,0,Ecom,2025-11-01
United States,5040.43,New,US,0,Stores,2025-11-01
United States,2535.77,Returning,US,0,Ecom,2025-11-01
United States,3800.45,Returning,US,0,Stores,2025-11-01
United States,7896.65,New,US,0,Ecom,2025-11-02
United States,16477.69,New,US,0,Stores,2025-11-02
United States,2490.15,Returning,US,0,Ecom,2025-11-02
United States,9144.2,Returning,US,0,Stores,2025-11-02
United States,10517.66,New,US,0,Ecom,2025-11-03
United States,4316.4,New,US,0,Stores,2025-11-03
United States,17277.21,Returning,US,0,Ecom,2025-11-03
United States,4166.6,Returning,US,0,Stores,2025-11-03
United States,5459.27,New,US,0,Ecom,2025-11-04
United States,30067.38,New,US,0,Stores,2025-11-04
United States,2241.3,Returning,US,0,Ecom,2025-11-04
United States,1152.52,Returning,US,0,Stores,2025-11-04
United States,15116.4,New,US,0,Ecom,2025-11-05
United States,8600.19,New,US,0,Stores,2025-11-05
United States,1378.16,Returning,US,0,Ecom,2025-11-05
United States,11218.81,Returning,US,0,Stores,2025-11-05
United States,12869.61,New,US,0,Ecom,2025-11-06
United States,7526.05,New,US,0,Stores,2025-11-06
United States,18448.39,Returning,US,0,Ecom,2025-11-06
United States,1189.93,Returning,US,0,Stores,2025-11-06
United States,4771.51,New,US,0,Ecom,2025-11-07
United States,11357.5,New,US,0,Stores,2025-11-07
United States,16045.95,Returning,US,0,Ecom,2025-11-07
United States,5001.18,Returning,US,0,Stores,2025-11-07
United States,7001.66,New,US,0,Ecom,2025-11-08
United States,12292.5,New,US,0,Stores,2025-11-08
United States,9041.64,Returning,US,0,Ecom,2025-11-08
United States,8778.63,Returning,US,0,Stores,2025-11-08
United States,11724.94,New,US,0,Ecom,2025-11-09
United States,7307.09,New,US,0,Stores,2025-11-09
United States,12834.29,Returning,US,0,Ecom,2025-11-09
United States,2031.53,Returning,US,0,Stores,2025-11-09
United States,4712.4,New,US,0,Ecom,2025-11-10
United States,17956.26,New,US,0,Stores,2025-11-10
United States,9368.91,Returning,US,0,Ecom,2025-11-10
United States,4898.4,Returning,US,0,Stores,2025-11-10
United States,6874.37,New,US,0,Ecom,2025-11-11
United States,1001.7,New,US,0,Stores,2025-11-11
United States,24101.8,Returning,US,0,Ecom,2025-11-11
United States,2110.04,Returning,US,0,Stores,2025-11-11
United States,12373.08,New,US,0,Ecom,2025-11-12
United States,14423.17,New,US,0,Stores,2025-11-12
United States,4881.83,Returning,US,0,Ecom,2025-11-12
United States,1677.28,Returning,US,0,Stores,2025-11-12
United States,16146.99,New,US,0,Ecom,2025-11-13
United States,11267.61,New,US,0,Stores,2025-11-13
United States,2755.72,Returning,US,0,Ecom,2025-11-13
United States,4410.66,Returning,US,0,Stores,2025-11-13
United States,11590.73,New,US,0,Ecom,2025-11-14
United States,7677.72,New,US,0,Stores,2025-11-14
United States,11461.59,Returning,US,0,Ecom,2025-11-14
United States,6694.54,Returning,US,0,Stores,2025-11-14
United States,10715.19,New,US,0,Ecom,2025-11-15
United States,8177.89,New,US,0,Stores,2025-11-15
United States,8736.28,Returning,US,0,Ecom,2025-11-15
United States,7199.39,Returning,US,0,Stores,2025-11-15
United States,8233.87,New,US,0,Ecom,2025-11-16
United States,7424.45,New,US,0,Stores,2025-11-16
United States,14634.76,Returning,US,0,Ecom,2025-11-16
United States,4937.55,Returning,US,0,Stores,2025-11-16
United States,22506.65,New,US,0,Ecom,2025-11-17
United States,10820.39,New,US,0,Stores,2025-11-17
United States,2597.0,Returning,US,0,Ecom,2025-11-17
United States,1941.83,Returning,US,0,Stores,2025-11-17
United States,13213.63,New,US,0,Ecom,2025-11-18
United States,5816.15,New,US,0,Stores,2025-11-18
United States,14177.6,Returning,US,0,Ecom,2025-11-18
United States,1359.51,Returning,US,0,Stores,2025-11-18
United States,14403.12,New,US,0,Ecom,2025-11-19
United States,2047.83,New,US,0,Stores,2025-11-19
United States,13016.76,Returning,US,0,Ecom,2025-11-19
United States,11662.91,Returning,US,0,Stores,2025-11-19
United States,11319.48,New,US,0,Ecom,2025-11-20
United States,6033.56,New,US,0,Stores,2025-11-20
United States,14213.01,Returning,US,0,Ecom,2025-11-20
United States,4863.38,Returning,US,0,Stores,2025-11-20
United States,5178.97,New,US,0,Ecom,2025-11-21
United States,11499.64,New,US,0,Stores,2025-11-21
United States,18328.03,Returning,US,0,Ecom,2025-11-21
United States,1616.18,Returning,US,0,Stores,2025-11-21
United States,20880.09,New,US,0,Ecom,2025-11-22
United States,14076.02,New,US,0,Stores,2025-11-22
United States,4108.39,Returning,US,0,Ecom,2025-11-22
United States,465.22,Returning,US,0,Stores,2025-11-22
United States,7766.23,New,US,0,Ecom,2025-11-23
United States,12033.45,New,US,0,Stores,2025-11-23
United States,18532.55,Returning,US,0,Ecom,2025-11-23
United States,1917.3,Returning,US,0,Stores,2025-11-23
United States,4225.28,New,US,0,Ecom,2025-11-24
United States,13015.7,New,US,0,Stores,2025-11-24
United States,15106.74,Returning,US,0,Ecom,2025-11-24
United States,4272.12,Returning,US,0,Stores,2025-11-24
United States,21758.85,New,US,0,Ecom,2025-11-25
United States,7932.37,New,US,0,Stores,2025-11-25
United States,1002.5,Returning,US,0,Ecom,2025-11-25
United States,7703.12,Returning,US,0,Stores,2025-11-25
United States,22855.16,New,US,0,Ecom,2025-11-26
United States,2636.18,New,US,0,Stores,2025-11-26
United States,9976.55,Returning,US,0,Ecom,2025-11-26
United States,5161.96,Returning,US,0,Stores,2025-11-26
United States,21239.3,New,US,0,Ecom,2025-11-27
United States,10472.37,New,US,0,Stores,2025-11-27
United States,2410.05,Returning,US,0,Ecom,2025-11-27
United States,237.14,Returning,US,0,Stores,2025-11-27
United States,7662.62,New,US,0,Ecom,2025-11-28
United States,15082.19,New,US,0,Stores,2025-11-28
United States,4622.01,Returning,US,0,Ecom,2025-11-28
United States,7769.95,Returning,US,0,Stores,2025-11-28
United States,14218.47,New,US,0,Ecom,2025-11-29
United States,14576.31,New,US,0,Stores,2025-11-29
United States,7358.18,Returning,US,0,Ecom,2025-11-29
United States,1475.32,Returning,US,0,Stores,2025-11-29
United States,12353.44,New,US,0,Ecom,2025-11-30
United States,8225.37,New,US,0,Stores,2025-11-30
United States,9928.97,Returning,US,0,Ecom,2025-11-30
United States,2723.85,Returning,US,0,Stores,2025-11-30
United States,8811.25,New,US,0,Ecom,2025-12-01
United States,21994.72,New,US,0,Stores,2025-12-01
United States,4366.48,Returning,US,0,Ecom,2025-12-01
United States,2324.14,Returning,US,0,Stores,2025-12-01
United States,7700.89,New,US,0,Ecom,2025-12-02
United States,3661.92,New,US,0,Stores,2025-12-02
United States,13147.07,Returning,US,0,Ecom,2025-12-02
United States,11145.1,Returning,US,0,Stores,2025-12-02
United States,13047.19,New,US,0,Ecom,2025-12-03
United States,13371.36,New,US,0,Stores,2025-12-03
United States,1880.87,Returning,US,0,Ecom,2025-12-03
United States,9100.52,Returning,US,0,Stores,2025-12-03
United States,12245.22,New,US,0,Ecom,2025-12-04
United States,9366.57,New,US,0,Stores,2025-12-04
United States,11751.1,Returning,US,0,Ecom,2025-12-04
United States,6758.3,Returning,US,0,Stores,2025-12-04
United States,17145.09,New,US,0,Ecom,2025-12-05
United States,10668.65,New,US,0,Stores,2025-12-05
United States,6937.01,Returning,US,0,Ecom,2025-12-05
United States,2424.2,Returning,US,0,Stores,2025-12-05
United States,6625.7,New,US,0,Ecom,2025-12-06
United States,11986.62,New,US,0,Stores,2025-12-06
United States,11155.19,Returning,US,0,Ecom,2025-12-06
United States,4638.02,Returning,US,0,Stores,2025-12-06
United States,19600.88,New,US,0,Ecom,2025-12-07
United States,1251.65,New,US,0,Stores,2025-12-07
United States,12097.97,Returning,US,0,Ecom,2025-12-07
United States,6108.68,Returning,US,0,Stores,2025-12-07
United States,10446.54,New,US,0,Ecom,2025-12-08
United States,10123.37,New,US,0,Stores,2025-12-08
United States,3261.14,Returning,US,0,Ecom,2025-12-08
United States,12164.98,Returning,US,0,Stores,2025-12-08
United States,14250.76,New,US,0,Ecom,2025-12-09
United States,6747.66,New,US,0,Stores,2025-12-09
United States,14552.55,Returning,US,0,Ecom,2025-12-09
United States,1389.8,Returning,US,0,Stores,2025-12-09
United States,15687.06,New,US,0,Ecom,2025-12-10
United States,1960.58,New,US,0,Stores,2025-12-10
United States,16249.78,Returning,US,0,Ecom,2025-12-10
United States,1100.88,Returning,US,0,Stores,2025-12-10
United States,21303.95,New,US,0,Ecom,2025-12-11
United States,3103.77,New,US,0,Stores,2025-12-11
United States,11284.6,Returning,US,0,Ecom,2025-12-11
United States,3527.02,Returning,US,0,Stores,2025-12-11
United States,26369.82,New,US,0,Ecom,2025-12-12
United States,4755.9,New,US,0,Stores,2025-12-12
United States,8199.96,Returning,US,0,Ecom,2025-12-12
United States,4245.87,Returning,US,0,Stores,2025-12-12
United States,19944.86,New,US,0,Ecom,2025-12-13
United States,4082.25,New,US,0,Stores,2025-12-13
United States,12006.99,Returning,US,0,Ecom,2025-12-13
United States,3541.8,Returning,US,0,Stores,2025-12-13
United States,19252.44,New,US,0,Ecom,2025-12-14
United States,9300.91,New,US,0,Stores,2025-12-14
United States,2710.31,Returning,US,0,Ecom,2025-12-14
United States,6121.55,Returning,US,0,Stores,2025-12-14
United States,17042.81,New,US,0,Ecom,2025-12-15
United States,1289.44,New,US,0,Stores,2025-12-15
United States,5715.72,Returning,US,0,Ecom,2025-12-15
United States,10406.53,Returning,US,0,Stores,2025-12-15
United States,10390.46,New,US,0,Ecom,2025-12-16
United States,7655.22,New,US,0,Stores,2025-12-16
United States,17672.54,Returning,US,0,Ecom,2025-12-16
United States,5055.05,Returning,US,0,Stores,2025-12-16
United States,9918.95,New,US,0,Ecom,2025-12-17
United States,1915.74,New,US,0,Stores,2025-12-17
United States,24876.21,Returning,US,0,Ecom,2025-12-17
United States,3285.64,Returning,US,0,Stores,2025-12-17
United States,7120.64,New,US,0,Ecom,2025-12-18
United States,4678.28,New,US,0,Stores,2025-12-18
United States,10869.87,Returning,US,0,Ecom,2025-12-18
United States,14461.75,Returning,US,0,Stores,2025-12-18
United States,13757.17,New,US,0,Ecom,2025-12-19
United States,18636.91,New,US,0,Stores,2025-12-19
United States,3483.15,Returning,US,0,Ecom,2025-12-19
United States,2337.62,Returning,US,0,Stores,2025-12-19
United States,11980.08,New,US,0,Ecom,2025-12-20
United States,18764.36,New,US,0,Stores,2025-12-20
United States,2688.7,Returning,US,0,Ecom,2025-12-20
United States,1566.15,Returning,US,0,Stores,2025-12-20
United States,21374.14,New,US,0,Ecom,2025-12-21
United States,6670.21,New,US,0,Stores,2025-12-21
United States,10714.19,Returning,US,0,Ecom,2025-12-21
United States,104.56,Returning,US,0,Stores,2025-12-21
United States,9294.1,New,US,0,Ecom,2025-12-22
United States,14481.01,New,US,0,Stores,2025-12-22
United States,8885.09,Returning,US,0,Ecom,2025-12-22
United States,4698.84,Returning,US,0,Stores,2025-12-22
United States,15154.49,New,US,0,Ecom,2025-12-23
United States,6658.85,New,US,0,Stores,2025-12-23
United States,12206.19,Returning,US,0,Ecom,2025-12-23
United States,985.13,Returning,US,0,Stores,2025-12-23
United States,15769.33,New,US,0,Ecom,2025-12-24
United States,1056.98,New,US,0,Stores,2025-12-24
United States,18069.89,Returning,US,0,Ecom,2025-12-24
United States,2978.69,Returning,US,0,Stores,2025-12-24
United States,15070.58,New,US,0,Ecom,2025-12-25
United States,1587.37,New,US,0,Stores,2025-12-25
United States,18615.91,Returning,US,0,Ecom,2025-12-25
United States,2420.88,Returning,US,0,Stores,2025-12-25
United States,21322.08,New,US,0,Ecom,2025-12-26
United States,5726.68,New,US,0,Stores,2025-12-26
United States,5684.64,Returning,US,0,Ecom,2025-12-26
United States,1276.83,Returning,US,0,Stores,2025-12-26
United States,24133.63,New,US,0,Ecom,2025-12-27
United States,8189.03,New,US,0,Stores,2025-12-27
United States,864.52,Returning,US,0,Ecom,2025-12-27
United States,1833.64,Returning,US,0,Stores,2025-12-27
United States,12486.15,New,US,0,Ecom,2025-12-28
United States,14069.58,New,US,0,Stores,2025-12-28
United States,3990.03,Returning,US,0,Ecom,2025-12-28
United States,5342.58,Returning,US,0,Stores,2025-12-28
United States,17405.04,New,US,0,Ecom,2025-12-29
United States,9490.75,New,US,0,Stores,2025-12-29
United States,6428.39,Returning,US,0,Ecom,2025-12-29
United States,2028.0,Returning,US,0,Stores,2025-12-29
United States,15959.98,New,US,0,Ecom,2025-12-30
United States,11067.32,New,US,0,Stores,2025-12-30
United States,1547.72,Returning,US,0,Ecom,2025-12-30
United States,9392.71,Returning,US,0,Stores,2025-12-30
